kernel-name,dispatch,gpu-id,queue-id,queue-index,tid,grd,wgr,lds,scr,vgpr,sgpr,fbar,sig,time,VALUBusy,performance,LDSInsts,LDSBankConflict,L1MemoryBusy,L1MemoryStalled,L2WriteUnitStalled,L2CacheHit
"_Z15init_and_updatePfii",0,0,0,2,70740,1048576,256,0,0,5,1,0,0x0,0.000018,2.678385,370.085647,0,0.000000,0.000000,0.000000,0.000000,95.833333
"_Z15init_and_updatePfii",1,0,0,4,70740,1048576,256,0,0,5,1,0,0x0,0.000023,2.114945,285.975273,0,0.000000,0.000000,0.000000,0.000000,66.804979
"_Z15init_and_updatePfii",2,0,0,5,70740,1048576,256,0,0,5,1,0,0x0,0.000018,2.654225,349.525333,0,0.000000,0.000000,0.000000,0.000000,95.833333
"_Z15init_and_updatePfii",3,0,0,6,70740,1048576,256,0,0,5,1,0,0x0,0.000020,2.356985,314.572800,0,0.000000,0.000000,0.000000,0.000000,66.804979
"_Z15init_and_updatePfii",4,0,0,7,70740,1048576,256,0,0,5,1,0,0x0,0.000020,2.358577,314.572800,0,0.000000,0.000000,0.000000,0.000000,66.804979
"_Z15init_and_updatePfii",5,0,0,8,70740,1048576,256,0,0,5,1,0,0x0,0.000021,2.335269,314.572800,0,0.000000,0.000000,0.000000,0.000000,66.804979
"_Z15init_and_updatePfii",6,0,0,9,70740,1048576,256,0,0,5,1,0,0x0,0.000021,2.288370,314.572800,0,0.000000,0.000000,0.000000,0.000000,66.804979
"_Z15init_and_updatePfii",7,0,0,10,70740,1048576,256,0,0,5,1,0,0x0,0.000021,2.301261,314.572800,0,0.000000,0.000000,0.000000,0.000000,66.804979
"_Z15init_and_updatePfii",8,0,0,11,70740,1048576,256,0,0,5,1,0,0x0,0.000018,2.662691,349.525333,0,0.000000,0.000000,0.000000,0.000000,95.833333
"_Z15init_and_updatePfii",9,0,0,12,70740,1048576,256,0,0,5,1,0,0x0,0.000018,2.651110,349.525333,0,0.000000,0.000000,0.000000,0.000000,95.833333
"_Z15init_and_updatePfii",10,0,0,13,70740,1048576,256,0,0,5,1,0,0x0,0.000018,2.649189,349.525333,0,0.000000,0.000000,0.000000,0.000000,95.833333
