kernel-name,dispatch,gpu-id,queue-id,queue-index,tid,grd,wgr,lds,scr,vgpr,sgpr,fbar,sig,time,VALUBusy,performance,LDSInsts,LDSBankConflict,L1MemoryBusy,L1MemoryStalled,L2WriteUnitStalled,L2CacheHit
"matrix_acos",0,0,0,4,17221,1040384,64,0,0,5,1,0,0x0,0.000046,0.738985,91.892870,0,0.000000,0.084785,0.007461,0.000000,84.905660
"matrix_acos",1,0,0,6,17221,1040384,64,0,0,5,1,0,0x0,0.000050,0.679901,84.541440,0,0.000000,0.103280,0.032138,0.000000,66.176471
"matrix_acos",2,0,0,7,17221,1040384,64,0,0,5,1,0,0x0,0.000046,0.738885,91.892870,0,0.000000,0.084773,0.007460,0.000000,84.905660
"matrix_acos",3,0,0,8,17221,1040384,64,0,0,5,1,0,0x0,0.000047,0.722020,89.937702,0,0.000000,0.108684,0.033135,0.000000,66.176471
"matrix_acos",4,0,0,9,17221,1040384,64,0,0,5,1,0,0x0,0.000048,0.710921,89.937702,0,0.000000,0.105056,0.030668,0.000000,66.371681
"matrix_acos",5,0,0,10,17221,1040384,64,0,0,5,1,0,0x0,0.000047,0.719997,89.937702,0,0.000000,0.107388,0.032051,0.000000,66.176471
"matrix_acos",6,0,0,11,17221,1040384,64,0,0,5,1,0,0x0,0.000048,0.705827,88.064000,0,0.000000,0.104303,0.030449,0.000000,66.371681
"matrix_acos",7,0,0,12,17221,1040384,64,0,0,5,1,0,0x0,0.000048,0.715017,89.937702,0,0.000000,0.106645,0.031830,0.000000,65.982405
"matrix_acos",8,0,0,13,17221,1040384,64,0,0,5,1,0,0x0,0.000048,0.706147,88.064000,0,0.000000,0.103702,0.030463,0.000000,66.371681
"matrix_acos",9,0,0,14,17221,1040384,64,0,0,5,1,0,0x0,0.000046,0.736786,91.892870,0,0.000000,0.084533,0.007439,0.000000,84.905660
"matrix_acos",10,0,0,15,17221,1040384,64,0,0,5,1,0,0x0,0.000046,0.736706,91.892870,0,0.000000,0.084523,0.007438,0.000000,84.905660
