kernel-name,dispatch,gpu-id,queue-id,queue-index,tid,grd,wgr,lds,scr,vgpr,sgpr,fbar,sig,time,VALUBusy,performance,LDSInsts,LDSBankConflict,L1MemoryBusy,L1MemoryStalled,L2WriteUnitStalled,L2CacheHit
"_Z8__veccmpPiS_S_",0,0,0,6,61126,61440,256,0,160,7,6,1852401253,0x0,0.748333,0.823537,107.509671,0,0.000000,30.329122,12.049206,0.002360,0.296193
"_Z8__veccmpPiS_S_",1,0,0,8,61126,61440,256,0,160,7,6,1852401253,0x0,1.567982,0.999902,130.856552,0,0.000000,22.673469,5.791976,0.001164,0.116618
"_Z8__veccmpPiS_S_",2,0,0,9,61126,61440,256,0,160,7,6,1852401253,0x0,1.052526,0.990074,129.493107,0,0.000000,30.454533,8.039977,0.002354,0.172375
"_Z8__veccmpPiS_S_",3,0,0,10,61126,61440,256,0,160,7,6,1852401253,0x0,1.399541,1.134477,148.476902,0,0.000000,22.339287,6.394927,0.001628,0.115029
"_Z8__veccmpPiS_S_",4,0,0,11,61126,61440,256,0,160,7,6,1852401253,0x0,1.370920,1.230460,161.056878,0,0.000000,23.877371,6.328576,0.001669,0.105991
"_Z8__veccmpPiS_S_",5,0,0,12,61126,61440,256,0,160,7,6,1852401253,0x0,1.547984,1.356661,177.651350,0,0.000000,23.596412,4.728393,0.001441,0.084391
"_Z8__veccmpPiS_S_",6,0,0,13,61126,61440,256,0,160,7,6,1852401253,0x0,1.361575,1.153015,150.898411,0,0.000000,27.365080,6.688742,0.001793,0.113355
"_Z8__veccmpPiS_S_",7,0,0,14,61126,61440,256,0,160,7,6,1852401253,0x0,1.474814,1.324772,173.484810,0,0.000000,21.731579,4.137185,0.001918,0.090563
"_Z8__veccmpPiS_S_",8,0,0,15,61126,61440,256,0,160,7,6,1852401253,0x0,1.266723,1.106005,144.698151,0,0.000000,26.674841,7.881354,0.001925,0.128246
"_Z8__veccmpPiS_S_",9,0,0,16,61126,61440,256,0,160,7,6,1852401253,0x0,1.734116,1.218206,159.490929,0,0.000000,23.298406,5.118464,0.001312,0.083486
"_Z8__veccmpPiS_S_",10,0,0,17,61126,61440,256,0,160,7,6,1852401253,0x0,1.562225,1.176216,153.969120,0,0.000000,22.386658,5.609496,0.001318,0.096606
