kernel-name,dispatch,gpu-id,queue-id,queue-index,tid,grd,wgr,lds,scr,vgpr,sgpr,fbar,sig,time,VALUBusy,performance,LDSInsts,LDSBankConflict,L1MemoryBusy,L1MemoryStalled,L2WriteUnitStalled,L2CacheHit
"_Z13sha256_updateP10SHA256_CTXPhj",0,0,0,4,127255,1517824,16,0,272,13,2,0,0x0,0.003973,35.137318,4600.028713,103416126,0.000000,5.889101,0.644888,0.194303,94.972271
"_Z13sha256_updateP10SHA256_CTXPhj",1,0,0,6,127255,1517824,16,0,272,13,2,0,0x0,0.003607,35.257518,4615.317759,93874196,0.000000,6.525414,0.726218,0.187849,94.985603
"_Z13sha256_updateP10SHA256_CTXPhj",2,0,0,7,127255,1517824,16,0,272,13,2,0,0x0,0.003608,35.259315,4615.131672,93924353,0.000000,6.477769,0.722111,0.106872,94.983406
"_Z13sha256_updateP10SHA256_CTXPhj",3,0,0,8,127255,1517824,16,0,272,13,2,0,0x0,0.003612,35.257482,4614.720142,94023846,0.000000,6.500562,0.706428,0.104682,95.068448
"_Z13sha256_updateP10SHA256_CTXPhj",4,0,0,9,127255,1517824,16,0,272,13,2,0,0x0,0.004004,35.759454,4681.137039,104214469,0.000000,6.967187,0.691193,0.219773,96.234145
"_Z13sha256_updateP10SHA256_CTXPhj",5,0,0,10,127255,1517824,16,0,272,13,2,0,0x0,0.003646,35.307559,4621.534578,94907388,0.000000,6.595552,0.703549,0.096331,95.118778
"_Z13sha256_updateP10SHA256_CTXPhj",6,0,0,11,127255,1517824,16,0,272,13,2,0,0x0,0.003619,35.254340,4615.223969,94196700,0.000000,6.488945,0.704289,0.117268,95.005121
"_Z13sha256_updateP10SHA256_CTXPhj",7,0,0,12,127255,1517824,16,0,272,13,2,0,0x0,0.003622,35.253594,4614.976760,94272648,0.000000,6.558606,0.704501,0.128909,95.037263
"_Z13sha256_updateP10SHA256_CTXPhj",8,0,0,13,127255,1517824,16,0,272,13,2,0,0x0,0.003640,35.246384,4614.261729,94744051,0.000000,6.350772,0.695076,0.183556,95.067310
"_Z13sha256_updateP10SHA256_CTXPhj",9,0,0,14,127255,1517824,16,0,272,13,2,0,0x0,0.003991,35.649554,4666.965216,103883939,0.000000,6.824968,0.687875,0.121043,96.060405
"_Z13sha256_updateP10SHA256_CTXPhj",10,0,0,15,127255,1517824,16,0,272,13,2,0,0x0,0.003825,35.352944,4628.127130,99543953,0.000000,6.381093,0.676752,0.191034,95.358870
