kernel-name,dispatch,gpu-id,queue-id,queue-index,tid,grd,wgr,lds,scr,vgpr,sgpr,fbar,sig,time,VALUBusy,performance,LDSInsts,LDSBankConflict,L1MemoryBusy,L1MemoryStalled,L2WriteUnitStalled,L2CacheHit
"_Z13graphGeneratePfS_i",0,0,0,4,22229,1537536,32,0,0,1,1,0,0x0,0.000126,5.222816,639.614976,0,0.000000,30.132378,8.614752,0.000000,99.809850
"_Z13graphGeneratePfS_i",1,0,0,6,22229,1537536,32,0,0,1,1,0,0x0,0.000131,4.998454,610.319634,0,0.000000,28.811913,8.279396,0.000000,99.735235
"_Z13graphGeneratePfS_i",2,0,0,7,22229,1537536,32,0,0,1,1,0,0x0,0.000126,5.216233,639.614976,0,0.000000,29.987692,8.572006,0.000000,99.809850
"_Z13graphGeneratePfS_i",3,0,0,8,22229,1537536,32,0,0,1,1,0,0x0,0.000129,5.077782,619.781953,0,0.000000,29.148389,8.380840,0.000000,99.738342
"_Z13graphGeneratePfS_i",4,0,0,9,22229,1537536,32,0,0,1,1,0,0x0,0.000129,5.074496,619.781953,0,0.000000,29.148964,8.387488,0.000000,99.734200
"_Z13graphGeneratePfS_i",5,0,0,10,22229,1537536,32,0,0,1,1,0,0x0,0.000130,5.068966,619.781953,0,0.000000,29.531348,8.586327,0.000000,99.737307
"_Z13graphGeneratePfS_i",6,0,0,11,22229,1537536,32,0,0,1,1,0,0x0,0.000130,5.052226,615.014400,0,0.000000,29.002173,8.344549,0.000000,99.738342
"_Z13graphGeneratePfS_i",7,0,0,12,22229,1537536,32,0,0,1,1,0,0x0,0.000130,5.040572,615.014400,0,0.000000,28.895467,8.311992,0.000000,99.734200
"_Z13graphGeneratePfS_i",8,0,0,13,22229,1537536,32,0,0,1,1,0,0x0,0.000126,5.213283,634.538667,0,0.000000,29.942959,8.560835,0.000000,99.809850
"_Z13graphGeneratePfS_i",9,0,0,14,22229,1537536,32,0,0,1,1,0,0x0,0.000126,5.212947,634.538667,0,0.000000,29.909658,8.550984,0.000000,99.809850
"_Z13graphGeneratePfS_i",10,0,0,15,22229,1537536,32,0,0,1,1,0,0x0,0.000126,5.218408,639.614976,0,0.000000,29.886998,8.543433,0.000000,99.809850
