kernel-name,dispatch,gpu-id,queue-id,queue-index,tid,grd,wgr,lds,scr,vgpr,sgpr,fbar,sig,time,VALUBusy,performance,LDSInsts,LDSBankConflict,L1MemoryBusy,L1MemoryStalled,L2WriteUnitStalled,L2CacheHit
"_Z15NormalizeKernelPKfiiiPf",0,0,0,4,96786,246016,256,0,0,2,1,0,0x0,0.000012,9.693544,1107.072000,0,0.000000,15.873036,2.194551,0.000000,98.409930
"_Z15NormalizeKernelPKfiiiPf",1,0,0,6,96786,246016,256,0,0,2,1,0,0x0,0.000016,7.318935,830.304000,0,0.000000,10.917836,1.879206,0.000000,97.640784
"_Z15NormalizeKernelPKfiiiPf",2,0,0,7,96786,246016,256,0,0,2,1,0,0x0,0.000012,9.785837,1107.072000,0,0.000000,13.816458,2.000102,0.000000,98.414647
"_Z15NormalizeKernelPKfiiiPf",3,0,0,8,96786,246016,256,0,0,2,1,0,0x0,0.000014,8.572733,948.918857,0,0.000000,12.956529,2.035453,0.000000,97.640057
"_Z15NormalizeKernelPKfiiiPf",4,0,0,9,96786,246016,256,0,0,2,1,0,0x0,0.000015,8.149641,948.918857,0,0.000000,10.858340,1.761756,0.000000,97.589087
"_Z15NormalizeKernelPKfiiiPf",5,0,0,10,96786,246016,256,0,0,2,1,0,0x0,0.000015,8.130545,948.918857,0,0.000000,12.240177,1.907478,0.000000,97.681672
"_Z15NormalizeKernelPKfiiiPf",6,0,0,11,96786,246016,256,0,0,2,1,0,0x0,0.000015,7.988892,885.657600,0,0.000000,11.188470,1.693368,0.000000,97.626798
"_Z15NormalizeKernelPKfiiiPf",7,0,0,12,96786,246016,256,0,0,2,1,0,0x0,0.000015,7.941247,885.657600,0,0.000000,11.594322,1.877373,0.000000,97.639905
"_Z15NormalizeKernelPKfiiiPf",8,0,0,13,96786,246016,256,0,0,2,1,0,0x0,0.000015,8.033116,948.918857,0,0.000000,13.416364,2.230150,0.000000,97.736459
"_Z15NormalizeKernelPKfiiiPf",9,0,0,14,96786,246016,256,0,0,2,1,0,0x0,0.000013,9.222619,1021.912615,0,0.000000,12.594003,1.874072,0.000000,98.352641
"_Z15NormalizeKernelPKfiiiPf",10,0,0,15,96786,246016,256,0,0,2,1,0,0x0,0.000014,8.911761,1021.912615,0,0.000000,11.205101,1.573783,0.000000,98.371678
