kernel-name,dispatch,gpu-id,queue-id,queue-index,tid,grd,wgr,lds,scr,vgpr,sgpr,fbar,sig,time,VALUBusy,performance,LDSInsts,LDSBankConflict,L1MemoryBusy,L1MemoryStalled,L2WriteUnitStalled,L2CacheHit
"_Z15NormalizeKernelPKfiiiPf",0,0,0,4,97730,1576960,256,0,0,2,1,0,0x0,0.000031,25.029734,2838.528000,0,0.000000,35.683821,4.753442,0.000000,99.811856
"_Z15NormalizeKernelPKfiiiPf",1,0,0,6,97730,1576960,256,0,0,2,1,0,0x0,0.000035,21.814649,2433.024000,0,0.000000,31.707144,4.206790,0.000000,99.760188
"_Z15NormalizeKernelPKfiiiPf",2,0,0,7,97730,1576960,256,0,0,2,1,0,0x0,0.000031,25.017095,2838.528000,0,0.000000,36.369403,4.767994,0.000000,99.811902
"_Z15NormalizeKernelPKfiiiPf",3,0,0,8,97730,1576960,256,0,0,2,1,0,0x0,0.000033,23.393455,2661.120000,0,0.000000,34.398075,4.525825,0.000000,99.766345
"_Z15NormalizeKernelPKfiiiPf",4,0,0,9,97730,1576960,256,0,0,2,1,0,0x0,0.000033,23.384577,2661.120000,0,0.000000,33.879032,4.514231,0.000000,99.761150
"_Z15NormalizeKernelPKfiiiPf",5,0,0,10,97730,1576960,256,0,0,2,1,0,0x0,0.000033,23.515288,2661.120000,0,0.000000,34.298077,4.537171,0.000000,99.764492
"_Z15NormalizeKernelPKfiiiPf",6,0,0,11,97730,1576960,256,0,0,2,1,0,0x0,0.000034,22.723609,2580.480000,0,0.000000,33.137884,4.556182,0.000000,99.767665
"_Z15NormalizeKernelPKfiiiPf",7,0,0,12,97730,1576960,256,0,0,2,1,0,0x0,0.000033,23.112030,2580.480000,0,0.000000,33.621676,4.709126,0.000000,99.767923
"_Z15NormalizeKernelPKfiiiPf",8,0,0,13,97730,1576960,256,0,0,2,1,0,0x0,0.000031,24.515635,2746.962581,0,0.000000,35.441697,4.855088,0.000000,99.812003
"_Z15NormalizeKernelPKfiiiPf",9,0,0,14,97730,1576960,256,0,0,2,1,0,0x0,0.000031,24.796915,2746.962581,0,0.000000,36.400950,4.927367,0.000000,99.811678
"_Z15NormalizeKernelPKfiiiPf",10,0,0,15,97730,1576960,256,0,0,2,1,0,0x0,0.000031,24.527313,2746.962581,0,0.000000,35.337227,4.798698,0.000000,99.811962
