kernel-name,dispatch,gpu-id,queue-id,queue-index,tid,grd,wgr,lds,scr,vgpr,sgpr,fbar,sig,time,VALUBusy,performance,LDSInsts,LDSBankConflict,L1MemoryBusy,L1MemoryStalled,L2WriteUnitStalled,L2CacheHit
"_Z6gaxpy4iPKdS0_Pd",0,0,0,6,106183,4145152,32,0,0,1,1,0,0x0,0.000330,0.769088,100.943368,0,0.000000,0.017066,0.002607,0.000000,85.576923
"_Z6gaxpy4iPKdS0_Pd",1,0,0,8,106183,4145152,32,0,0,1,1,0,0x0,0.000335,0.756145,99.135427,0,0.000000,0.043391,0.029176,0.000000,63.120567
"_Z6gaxpy4iPKdS0_Pd",2,0,0,9,106183,4145152,32,0,0,1,1,0,0x0,0.000330,0.769105,100.943368,0,0.000000,0.017066,0.002607,0.000000,85.576923
"_Z6gaxpy4iPKdS0_Pd",3,0,0,10,106183,4145152,32,0,0,1,1,0,0x0,0.000335,0.756089,99.135427,0,0.000000,0.044832,0.032529,0.000000,37.872340
"_Z6gaxpy4iPKdS0_Pd",4,0,0,11,106183,4145152,32,0,0,1,1,0,0x0,0.000333,0.761214,99.730835,0,0.000000,0.016891,0.002581,0.000000,85.167464
"_Z6gaxpy4iPKdS0_Pd",5,0,0,12,106183,4145152,32,0,0,1,1,0,0x0,0.000333,0.760342,99.730835,0,0.000000,0.044756,0.030462,0.000000,63.120567
"_Z6gaxpy4iPKdS0_Pd",6,0,0,13,106183,4145152,32,0,0,1,1,0,0x0,0.000334,0.758036,99.432240,0,0.000000,0.049340,0.035089,0.000000,38.695652
"_Z6gaxpy4iPKdS0_Pd",7,0,0,14,106183,4145152,32,0,0,1,1,0,0x0,0.000333,0.760586,99.730835,0,0.000000,0.020534,0.006235,0.000000,85.167464
"_Z6gaxpy4iPKdS0_Pd",8,0,0,15,106183,4145152,32,0,0,1,1,0,0x0,0.000330,0.768859,100.943368,0,0.000000,0.017060,0.002606,0.000000,85.576923
"_Z6gaxpy4iPKdS0_Pd",9,0,0,16,106183,4145152,32,0,0,1,1,0,0x0,0.000330,0.768808,100.943368,0,0.000000,0.017059,0.002606,0.000000,85.576923
"_Z6gaxpy4iPKdS0_Pd",10,0,0,17,106183,4145152,32,0,0,1,1,0,0x0,0.000330,0.768702,100.943368,0,0.000000,0.017057,0.002606,0.000000,85.576923
