kernel-name,dispatch,gpu-id,queue-id,queue-index,tid,grd,wgr,lds,scr,vgpr,sgpr,fbar,sig,time,VALUBusy,performance,LDSInsts,LDSBankConflict,L1MemoryBusy,L1MemoryStalled,L2WriteUnitStalled,L2CacheHit
"_Z15LowPassRowMultiPfS_iii",0,0,0,4,120965,3010560,256,672,0,2,2,0,0x0,0.000043,18.141586,2267.818667,59360,0.000000,17.029362,0.258580,0.000000,95.876289
"_Z15LowPassRowMultiPfS_iii",1,0,0,6,120965,3010560,256,672,0,2,2,0,0x0,0.000048,16.169012,2026.561362,59360,0.000000,17.448137,1.518717,0.000000,88.454654
"_Z15LowPassRowMultiPfS_iii",2,0,0,7,120965,3010560,256,672,0,2,2,0,0x0,0.000043,18.214065,2267.818667,59360,0.000000,16.927749,0.215916,0.000000,95.861623
"_Z15LowPassRowMultiPfS_iii",3,0,0,8,120965,3010560,256,672,0,2,2,0,0x0,0.000046,16.893033,2116.630756,59360,0.000000,18.167793,1.459009,0.000000,88.537906
"_Z15LowPassRowMultiPfS_iii",4,0,0,9,120965,3010560,256,672,0,2,2,0,0x0,0.000046,16.854001,2116.630756,59360,0.000000,18.268185,1.514420,0.000000,88.655462
"_Z15LowPassRowMultiPfS_iii",5,0,0,10,120965,3010560,256,672,0,2,2,0,0x0,0.000046,16.846217,2070.617043,59360,0.000000,18.296767,1.594552,0.000000,88.597797
"_Z15LowPassRowMultiPfS_iii",6,0,0,11,120965,3010560,256,672,0,2,2,0,0x0,0.000046,16.706635,2070.617043,59360,0.000000,18.655103,1.620411,0.000000,88.473144
"_Z15LowPassRowMultiPfS_iii",7,0,0,12,120965,3010560,256,672,0,2,2,0,0x0,0.000046,16.673614,2070.617043,59360,0.000000,18.148967,1.333835,0.000000,88.745884
"_Z15LowPassRowMultiPfS_iii",8,0,0,13,120965,3010560,256,672,0,2,2,0,0x0,0.000046,16.733914,2070.617043,59360,0.000000,18.280052,1.595056,0.000000,88.650581
"_Z15LowPassRowMultiPfS_iii",9,0,0,14,120965,3010560,256,672,0,2,2,0,0x0,0.000043,18.035255,2267.818667,59360,0.000000,16.778292,0.225068,0.000000,95.831977
"_Z15LowPassRowMultiPfS_iii",10,0,0,15,120965,3010560,256,672,0,2,2,0,0x0,0.000043,18.004617,2215.078698,59360,0.000000,16.795888,0.225049,0.000000,95.861623
