kernel-name,dispatch,gpu-id,queue-id,queue-index,tid,grd,wgr,lds,scr,vgpr,sgpr,fbar,sig,time,VALUBusy,performance,LDSInsts,LDSBankConflict,L1MemoryBusy,L1MemoryStalled,L2WriteUnitStalled,L2CacheHit
"_Z13rovCorrectioniiiiiiiPf",0,0,0,2,67394,61440,256,0,0,5,3,0,0x0,0.000011,0.585169,37.427200,0,0.000000,0.075598,0.000000,0.000000,72.197309
"_Z13rovCorrectioniiiiiiiPf",1,0,0,4,67394,61440,256,0,0,5,3,0,0x0,0.000016,0.399496,23.392000,0,0.000000,0.051611,0.000000,0.000000,58.974359
"_Z13rovCorrectioniiiiiiiPf",2,0,0,5,67394,61440,256,0,0,5,3,0,0x0,0.000012,0.531384,31.189333,0,0.000000,0.068649,0.000000,0.000000,72.197309
"_Z13rovCorrectioniiiiiiiPf",3,0,0,6,67394,61440,256,0,0,5,3,0,0x0,0.000013,0.480769,28.790154,0,0.000000,0.062110,0.000000,0.000000,58.974359
"_Z13rovCorrectioniiiiiiiPf",4,0,0,7,67394,61440,256,0,0,5,3,0,0x0,0.000014,0.445382,26.733714,0,0.000000,0.057539,0.000000,0.000000,58.974359
"_Z13rovCorrectioniiiiiiiPf",5,0,0,8,67394,61440,256,0,0,5,3,0,0x0,0.000013,0.482965,28.790154,0,0.000000,0.062394,0.000000,0.000000,58.974359
"_Z13rovCorrectioniiiiiiiPf",6,0,0,9,67394,61440,256,0,0,5,3,0,0x0,0.000015,0.431370,26.733714,0,0.000000,0.055728,0.000000,0.000000,58.974359
"_Z13rovCorrectioniiiiiiiPf",7,0,0,10,67394,61440,256,0,0,5,3,0,0x0,0.000015,0.432443,26.733714,0,0.000000,0.055867,0.000000,0.000000,58.974359
"_Z13rovCorrectioniiiiiiiPf",8,0,0,11,67394,61440,256,0,0,5,3,0,0x0,0.000012,0.545777,34.024727,0,0.000000,0.070509,0.000000,0.000000,72.197309
"_Z13rovCorrectioniiiiiiiPf",9,0,0,12,67394,61440,256,0,0,5,3,0,0x0,0.000013,0.493682,31.189333,0,0.000000,0.063779,0.000000,0.000000,72.197309
"_Z13rovCorrectioniiiiiiiPf",10,0,0,13,67394,61440,256,0,0,5,3,0,0x0,0.000013,0.482647,28.790154,0,0.000000,0.062353,0.000000,0.000000,72.197309
