kernel-name,dispatch,gpu-id,queue-id,queue-index,tid,grd,wgr,lds,scr,vgpr,sgpr,fbar,sig,time,VALUBusy,performance,LDSInsts,LDSBankConflict,L1MemoryBusy,L1MemoryStalled,L2WriteUnitStalled,L2CacheHit
"matrix_abs",0,0,0,4,108485,1048576,256,0,0,1,1,0,0x0,0.000022,1.589679,213.772190,0,0.000000,0.966191,0.059037,0.000000,92.530120
"matrix_abs",1,0,0,6,108485,1048576,256,0,0,1,1,0,0x0,0.000028,1.247627,166.267259,0,0.000000,0.915378,0.084757,0.000000,82.226981
"matrix_abs",2,0,0,7,108485,1048576,256,0,0,1,1,0,0x0,0.000023,1.496909,195.183304,0,0.000000,0.915907,0.050168,0.000000,92.530120
"matrix_abs",3,0,0,8,108485,1048576,256,0,0,1,1,0,0x0,0.000025,1.398212,187.050667,0,0.000000,1.021429,0.094354,0.000000,82.051282
"matrix_abs",4,0,0,9,108485,1048576,256,0,0,1,1,0,0x0,0.000025,1.366100,179.568640,0,0.000000,0.738115,0.088475,0.000000,82.403433
"matrix_abs",5,0,0,10,108485,1048576,256,0,0,1,1,0,0x0,0.000025,1.400944,187.050667,0,0.000000,1.302599,0.152277,0.000000,82.403433
"matrix_abs",6,0,0,11,108485,1048576,256,0,0,1,1,0,0x0,0.000027,1.284259,172.662154,0,0.000000,0.789284,0.085501,0.000000,82.403433
"matrix_abs",7,0,0,12,108485,1048576,256,0,0,1,1,0,0x0,0.000027,1.275003,166.267259,0,0.000000,0.804961,0.077378,0.000000,82.226981
"matrix_abs",8,0,0,13,108485,1048576,256,0,0,1,1,0,0x0,0.000026,1.311787,172.662154,0,0.000000,0.766397,0.098622,0.000000,82.403433
"matrix_abs",9,0,0,14,108485,1048576,256,0,0,1,1,0,0x0,0.000023,1.528578,204.055273,0,0.000000,0.917977,0.049153,0.000000,92.530120
"matrix_abs",10,0,0,15,108485,1048576,256,0,0,1,1,0,0x0,0.000024,1.434027,187.050667,0,0.000000,0.861196,0.048061,0.000000,92.530120
