kernel-name,dispatch,gpu-id,queue-id,queue-index,tid,grd,wgr,lds,scr,vgpr,sgpr,fbar,sig,time,VALUBusy,performance,LDSInsts,LDSBankConflict,L1MemoryBusy,L1MemoryStalled,L2WriteUnitStalled,L2CacheHit
"matrix_abs",0,0,0,4,109289,4145152,64,0,0,1,1,0,0x0,0.000168,0.756666,99.505820,0,0.000000,0.034962,0.003077,0.000000,83.769634
"matrix_abs",1,0,0,6,109289,4145152,64,0,0,1,1,0,0x0,0.000173,0.734652,96.613209,0,0.000000,0.085993,0.055036,0.000000,59.701493
"matrix_abs",2,0,0,7,109289,4145152,64,0,0,1,1,0,0x0,0.000168,0.756861,99.505820,0,0.000000,0.034971,0.003077,0.000000,83.769634
"matrix_abs",3,0,0,8,109289,4145152,64,0,0,1,1,0,0x0,0.000171,0.743561,97.749835,0,0.000000,0.106275,0.074942,0.000000,59.259259
"matrix_abs",4,0,0,9,109289,4145152,64,0,0,1,1,0,0x0,0.000171,0.742799,97.749835,0,0.000000,0.087221,0.055920,0.000000,59.259259
"matrix_abs",5,0,0,10,109289,4145152,64,0,0,1,1,0,0x0,0.000171,0.741846,97.749835,0,0.000000,0.088846,0.057585,0.000000,59.259259
"matrix_abs",6,0,0,11,109289,4145152,64,0,0,1,1,0,0x0,0.000171,0.741469,97.178199,0,0.000000,0.089714,0.058470,0.000000,59.259259
"matrix_abs",7,0,0,12,109289,4145152,64,0,0,1,1,0,0x0,0.000171,0.741426,97.178199,0,0.000000,0.087791,0.056548,0.000000,59.701493
"matrix_abs",8,0,0,13,109289,4145152,64,0,0,1,1,0,0x0,0.000168,0.756170,99.505820,0,0.000000,0.034939,0.003075,0.000000,83.769634
"matrix_abs",9,0,0,14,109289,4145152,64,0,0,1,1,0,0x0,0.000168,0.756305,99.505820,0,0.000000,0.034945,0.003075,0.000000,83.769634
"matrix_abs",10,0,0,15,109289,4145152,64,0,0,1,1,0,0x0,0.000168,0.756046,99.505820,0,0.000000,0.034933,0.003074,0.000000,83.769634
