kernel-name,dispatch,gpu-id,queue-id,queue-index,tid,grd,wgr,lds,scr,vgpr,sgpr,fbar,sig,time,VALUBusy,performance,LDSInsts,LDSBankConflict,L1MemoryBusy,L1MemoryStalled,L2WriteUnitStalled,L2CacheHit
"matrix_acos",0,0,0,4,18830,1517824,64,0,0,5,1,0,0x0,0.000065,1.050583,103.108923,0,0.000000,0.329853,0.029027,0.000000,91.304348
"matrix_acos",1,0,0,6,18830,1517824,64,0,0,5,1,0,0x0,0.000069,0.990280,97.131594,0,0.000000,0.428504,0.170723,0.000000,78.212291
"matrix_acos",2,0,0,7,18830,1517824,64,0,0,5,1,0,0x0,0.000065,1.048992,103.108923,0,0.000000,0.329354,0.028983,0.000000,91.304348
"matrix_acos",3,0,0,8,18830,1517824,64,0,0,5,1,0,0x0,0.000067,1.022082,101.546667,0,0.000000,0.467938,0.175272,0.000000,78.212291
"matrix_acos",4,0,0,9,18830,1517824,64,0,0,5,1,0,0x0,0.000067,1.021471,101.546667,0,0.000000,0.471623,0.183331,0.000000,77.922078
"matrix_acos",5,0,0,10,18830,1517824,64,0,0,5,1,0,0x0,0.000067,1.020053,100.031045,0,0.000000,0.467242,0.177021,0.000000,77.922078
"matrix_acos",6,0,0,11,18830,1517824,64,0,0,5,1,0,0x0,0.000067,1.019294,100.031045,0,0.000000,0.448739,0.183406,0.000000,78.066914
"matrix_acos",7,0,0,12,18830,1517824,64,0,0,5,1,0,0x0,0.000067,1.017437,100.031045,0,0.000000,0.478589,0.178658,0.000000,77.922078
"matrix_acos",8,0,0,13,18830,1517824,64,0,0,5,1,0,0x0,0.000065,1.048349,103.108923,0,0.000000,0.359075,0.031599,0.000000,91.304348
"matrix_acos",9,0,0,14,18830,1517824,64,0,0,5,1,0,0x0,0.000065,1.046196,103.108923,0,0.000000,0.358337,0.031534,0.000000,91.304348
"matrix_acos",10,0,0,15,18830,1517824,64,0,0,5,1,0,0x0,0.000065,1.048882,103.108923,0,0.000000,0.359257,0.031615,0.000000,91.304348
