kernel-name,dispatch,gpu-id,queue-id,queue-index,tid,grd,wgr,lds,scr,vgpr,sgpr,fbar,sig,time,VALUBusy,performance,LDSInsts,LDSBankConflict,L1MemoryBusy,L1MemoryStalled,L2WriteUnitStalled,L2CacheHit
"matrix_sin",0,0,0,4,130508,2822400,256,0,0,6,1,0,0x0,0.000049,4.629191,306.102857,0,0.000000,1.817205,0.091650,0.000000,93.530239
"matrix_sin",1,0,0,6,130508,2822400,256,0,0,6,1,0,0x0,0.000053,4.288983,283.000755,0,0.000000,1.842081,0.243327,0.000000,84.087969
"matrix_sin",2,0,0,7,130508,2822400,256,0,0,6,1,0,0x0,0.000048,4.783138,319.128511,0,0.000000,1.847945,0.133559,0.000000,93.899204
"matrix_sin",3,0,0,8,130508,2822400,256,0,0,6,1,0,0x0,0.000049,4.671375,312.480000,0,0.000000,1.972509,0.281605,0.000000,85.242031
"matrix_sin",4,0,0,9,130508,2822400,256,0,0,6,1,0,0x0,0.000051,4.483746,294.098824,0,0.000000,1.928493,0.271213,0.000000,84.371029
"matrix_sin",5,0,0,10,130508,2822400,256,0,0,6,1,0,0x0,0.000049,4.658914,306.102857,0,0.000000,2.120202,0.297388,0.000000,84.975962
"matrix_sin",6,0,0,11,130508,2822400,256,0,0,6,1,0,0x0,0.000052,4.411526,294.098824,0,0.000000,3.481032,0.356295,0.000000,84.000000
"matrix_sin",7,0,0,12,130508,2822400,256,0,0,6,1,0,0x0,0.000051,4.447658,294.098824,0,0.000000,2.360232,0.420548,0.000000,84.108527
"matrix_sin",8,0,0,13,130508,2822400,256,0,0,6,1,0,0x0,0.000051,4.525137,299.980800,0,0.000000,3.317001,0.202968,0.000000,93.766938
"matrix_sin",9,0,0,14,130508,2822400,256,0,0,6,1,0,0x0,0.000049,4.679354,312.480000,0,0.000000,3.363001,0.209888,0.000000,93.775372
"matrix_sin",10,0,0,15,130508,2822400,256,0,0,6,1,0,0x0,0.000050,4.552193,299.980800,0,0.000000,3.412086,0.214129,0.000000,93.521127
