kernel-name,dispatch,gpu-id,queue-id,queue-index,tid,grd,wgr,lds,scr,vgpr,sgpr,fbar,sig,time,VALUBusy,performance,LDSInsts,LDSBankConflict,L1MemoryBusy,L1MemoryStalled,L2WriteUnitStalled,L2CacheHit
"_Z23multiply_by_beta_kernelPfS_f",0,0,0,4,126796,1040384,32,0,0,0,1,0,0x0,0.000087,2.200198,290.339721,0,0.000000,0.000000,0.000000,0.000000,85.185185
"_Z23multiply_by_beta_kernelPfS_f",1,0,0,6,126796,1040384,32,0,0,0,1,0,0x0,0.000091,2.101649,277.435733,0,0.000000,0.000000,0.000000,0.000000,84.792627
"_Z23multiply_by_beta_kernelPfS_f",2,0,0,7,126796,1040384,32,0,0,0,1,0,0x0,0.000087,2.199356,290.339721,0,0.000000,0.000000,0.000000,0.000000,85.185185
"_Z23multiply_by_beta_kernelPfS_f",3,0,0,8,126796,1040384,32,0,0,0,1,0,0x0,0.000088,2.153227,283.741091,0,0.000000,0.000000,0.000000,0.000000,84.792627
"_Z23multiply_by_beta_kernelPfS_f",4,0,0,9,126796,1040384,32,0,0,0,1,0,0x0,0.000088,2.153851,283.741091,0,0.000000,0.000000,0.000000,0.000000,84.792627
"_Z23multiply_by_beta_kernelPfS_f",5,0,0,10,126796,1040384,32,0,0,0,1,0,0x0,0.000089,2.149931,283.741091,0,0.000000,0.000000,0.000000,0.000000,84.792627
"_Z23multiply_by_beta_kernelPfS_f",6,0,0,11,126796,1040384,32,0,0,0,1,0,0x0,0.000089,2.146479,283.741091,0,0.000000,0.000000,0.000000,0.000000,84.792627
"_Z23multiply_by_beta_kernelPfS_f",7,0,0,12,126796,1040384,32,0,0,0,1,0,0x0,0.000089,2.145165,283.741091,0,0.000000,0.000000,0.000000,0.000000,84.792627
"_Z23multiply_by_beta_kernelPfS_f",8,0,0,13,126796,1040384,32,0,0,0,1,0,0x0,0.000087,2.193658,290.339721,0,0.000000,0.000000,0.000000,0.000000,85.185185
"_Z23multiply_by_beta_kernelPfS_f",9,0,0,14,126796,1040384,32,0,0,0,1,0,0x0,0.000087,2.195839,290.339721,0,0.000000,0.000000,0.000000,0.000000,85.185185
"_Z23multiply_by_beta_kernelPfS_f",10,0,0,15,126796,1040384,32,0,0,0,1,0,0x0,0.000087,2.197374,290.339721,0,0.000000,0.000000,0.000000,0.000000,85.185185
