kernel-name,dispatch,gpu-id,queue-id,queue-index,tid,grd,wgr,lds,scr,vgpr,sgpr,fbar,sig,time,VALUBusy,performance,LDSInsts,LDSBankConflict,L1MemoryBusy,L1MemoryStalled,L2WriteUnitStalled,L2CacheHit
"_Z23multiply_by_beta_kernelPfS_f",0,0,0,4,127175,1655808,192,0,0,0,1,0,0x0,0.000037,4.147005,551.936000,0,0.000000,0.000000,0.000000,0.000000,85.185185
"_Z23multiply_by_beta_kernelPfS_f",1,0,0,6,127175,1655808,192,0,0,0,1,0,0x0,0.000041,3.739305,496.742400,0,0.000000,0.000000,0.000000,0.000000,84.792627
"_Z23multiply_by_beta_kernelPfS_f",2,0,0,7,127175,1655808,192,0,0,0,1,0,0x0,0.000035,4.372161,584.402824,0,0.000000,0.000000,0.000000,0.000000,85.185185
"_Z23multiply_by_beta_kernelPfS_f",3,0,0,8,127175,1655808,192,0,0,0,1,0,0x0,0.000034,4.439543,584.402824,0,0.000000,0.000000,0.000000,0.000000,84.792627
"_Z23multiply_by_beta_kernelPfS_f",4,0,0,9,127175,1655808,192,0,0,0,1,0,0x0,0.000034,4.422060,584.402824,0,0.000000,0.000000,0.000000,0.000000,84.792627
"_Z23multiply_by_beta_kernelPfS_f",5,0,0,10,127175,1655808,192,0,0,0,1,0,0x0,0.000032,4.774042,640.957935,0,0.000000,0.000000,0.000000,0.000000,84.792627
"_Z23multiply_by_beta_kernelPfS_f",6,0,0,11,127175,1655808,192,0,0,0,1,0,0x0,0.000033,4.611304,620.928000,0,0.000000,0.000000,0.000000,0.000000,84.792627
"_Z23multiply_by_beta_kernelPfS_f",7,0,0,12,127175,1655808,192,0,0,0,1,0,0x0,0.000033,4.574603,602.112000,0,0.000000,0.000000,0.000000,0.000000,84.792627
"_Z23multiply_by_beta_kernelPfS_f",8,0,0,13,127175,1655808,192,0,0,0,1,0,0x0,0.000032,4.685327,620.928000,0,0.000000,0.000000,0.000000,0.000000,84.792627
"_Z23multiply_by_beta_kernelPfS_f",9,0,0,14,127175,1655808,192,0,0,0,1,0,0x0,0.000030,4.977222,662.323200,0,0.000000,0.000000,0.000000,0.000000,85.185185
"_Z23multiply_by_beta_kernelPfS_f",10,0,0,15,127175,1655808,192,0,0,0,1,0,0x0,0.000031,4.955259,662.323200,0,0.000000,0.000000,0.000000,0.000000,85.185185
