kernel-name,dispatch,gpu-id,queue-id,queue-index,tid,grd,wgr,lds,scr,vgpr,sgpr,fbar,sig,time,VALUBusy,performance,LDSInsts,LDSBankConflict,L1MemoryBusy,L1MemoryStalled,L2WriteUnitStalled,L2CacheHit
"_Z45cunn_TemporalMaxPooling_updateGradInputKernelPfS_S_iiiii",0,0,0,6,34197,1170432,192,0,0,2,2,0,0x0,0.000023,6.466664,762.554182,0,0.000000,7.626015,0.654668,0.000000,96.805512
"_Z45cunn_TemporalMaxPooling_updateGradInputKernelPfS_S_iiiii",1,0,0,8,34197,1170432,192,0,0,2,2,0,0x0,0.000027,5.490624,645.238154,0,0.000000,8.647828,0.711143,0.000000,93.486763
"_Z45cunn_TemporalMaxPooling_updateGradInputKernelPfS_S_iiiii",2,0,0,9,34197,1170432,192,0,0,2,2,0,0x0,0.000021,6.852518,798.866286,0,0.000000,8.230069,0.660696,0.000000,96.806012
"_Z45cunn_TemporalMaxPooling_updateGradInputKernelPfS_S_iiiii",3,0,0,10,34197,1170432,192,0,0,2,2,0,0x0,0.000025,5.945390,699.008000,0,0.000000,9.257726,0.726733,0.000000,93.491658
"_Z45cunn_TemporalMaxPooling_updateGradInputKernelPfS_S_iiiii",4,0,0,11,34197,1170432,192,0,0,2,2,0,0x0,0.000024,5.972169,699.008000,0,0.000000,9.434421,0.767115,0.000000,93.459215
"_Z45cunn_TemporalMaxPooling_updateGradInputKernelPfS_S_iiiii",5,0,0,12,34197,1170432,192,0,0,2,2,0,0x0,0.000024,5.957532,699.008000,0,0.000000,9.126012,0.700135,0.000000,93.493614
"_Z45cunn_TemporalMaxPooling_updateGradInputKernelPfS_S_iiiii",6,0,0,13,34197,1170432,192,0,0,2,2,0,0x0,0.000025,5.834354,699.008000,0,0.000000,10.220511,0.712536,0.000000,93.483822
"_Z45cunn_TemporalMaxPooling_updateGradInputKernelPfS_S_iiiii",7,0,0,14,34197,1170432,192,0,0,2,2,0,0x0,0.000025,5.860434,699.008000,0,0.000000,9.414867,1.331617,0.000000,93.411907
"_Z45cunn_TemporalMaxPooling_updateGradInputKernelPfS_S_iiiii",8,0,0,15,34197,1170432,192,0,0,2,2,0,0x0,0.000025,5.863969,699.008000,0,0.000000,9.402327,0.682229,0.000000,93.462177
"_Z45cunn_TemporalMaxPooling_updateGradInputKernelPfS_S_iiiii",9,0,0,16,34197,1170432,192,0,0,2,2,0,0x0,0.000022,6.743412,798.866286,0,0.000000,8.062186,0.689187,0.000000,96.805012
"_Z45cunn_TemporalMaxPooling_updateGradInputKernelPfS_S_iiiii",10,0,0,17,34197,1170432,192,0,0,2,2,0,0x0,0.000022,6.758058,798.866286,0,0.000000,7.897252,0.601633,0.000000,96.805512
