kernel-name,dispatch,gpu-id,queue-id,queue-index,tid,grd,wgr,lds,scr,vgpr,sgpr,fbar,sig,time,VALUBusy,performance,LDSInsts,LDSBankConflict,L1MemoryBusy,L1MemoryStalled,L2WriteUnitStalled,L2CacheHit
"_Z24ForwardWarpKernel_PSF2x2PKfS0_S0_iiiifPfS1_",0,0,0,10,47360,57600,16,0,0,3,2,0,0x0,0.000014,0.977423,132.297143,0,0.000000,0.358593,0.023762,0.000000,78.151261
"_Z24ForwardWarpKernel_PSF2x2PKfS0_S0_iiiifPfS1_",1,0,0,12,47360,57600,16,0,0,3,2,0,0x0,0.000018,0.767443,102.897778,0,0.000000,0.340921,0.078022,0.000000,64.137931
"_Z24ForwardWarpKernel_PSF2x2PKfS0_S0_iiiifPfS1_",2,0,0,13,47360,57600,16,0,0,3,2,0,0x0,0.000014,0.979794,132.297143,0,0.000000,0.359463,0.023820,0.000000,78.151261
"_Z24ForwardWarpKernel_PSF2x2PKfS0_S0_iiiifPfS1_",3,0,0,14,47360,57600,16,0,0,3,2,0,0x0,0.000016,0.867330,115.760000,0,0.000000,0.385294,0.088177,0.000000,64.137931
"_Z24ForwardWarpKernel_PSF2x2PKfS0_S0_iiiifPfS1_",4,0,0,15,47360,57600,16,0,0,3,2,0,0x0,0.000016,0.865969,115.760000,0,0.000000,0.384689,0.088038,0.000000,64.137931
"_Z24ForwardWarpKernel_PSF2x2PKfS0_S0_iiiifPfS1_",5,0,0,16,47360,57600,16,0,0,3,2,0,0x0,0.000016,0.861058,115.760000,0,0.000000,0.382507,0.087539,0.000000,64.137931
"_Z24ForwardWarpKernel_PSF2x2PKfS0_S0_iiiifPfS1_",6,0,0,17,47360,57600,16,0,0,3,2,0,0x0,0.000017,0.844789,115.760000,0,0.000000,0.375280,0.085885,0.000000,64.137931
"_Z24ForwardWarpKernel_PSF2x2PKfS0_S0_iiiifPfS1_",7,0,0,18,47360,57600,16,0,0,3,2,0,0x0,0.000017,0.853135,115.760000,0,0.000000,0.377102,0.084848,0.000000,64.137931
"_Z24ForwardWarpKernel_PSF2x2PKfS0_S0_iiiifPfS1_",8,0,0,19,47360,57600,16,0,0,3,2,0,0x0,0.000017,0.853393,115.760000,0,0.000000,0.377216,0.084874,0.000000,64.137931
"_Z24ForwardWarpKernel_PSF2x2PKfS0_S0_iiiifPfS1_",9,0,0,20,47360,57600,16,0,0,3,2,0,0x0,0.000015,0.971547,132.297143,0,0.000000,0.356437,0.023619,0.000000,78.151261
"_Z24ForwardWarpKernel_PSF2x2PKfS0_S0_iiiifPfS1_",10,0,0,21,47360,57600,16,0,0,3,2,0,0x0,0.000015,0.969631,132.297143,0,0.000000,0.355735,0.023573,0.000000,78.151261
