kernel-name,dispatch,gpu-id,queue-id,queue-index,tid,grd,wgr,lds,scr,vgpr,sgpr,fbar,sig,time,VALUBusy,performance,LDSInsts,LDSBankConflict,L1MemoryBusy,L1MemoryStalled,L2WriteUnitStalled,L2CacheHit
"sub_strided_double",0,0,0,6,101140,57600,16,0,0,2,2,0,0x0,0.000552,84.268470,8632.486957,0,0.000000,94.136116,13.759987,0.000000,99.319428
"sub_strided_double",1,0,0,8,101140,57600,16,0,0,2,2,0,0x0,0.000557,83.560922,8570.382734,0,0.000000,93.263322,13.716883,0.000000,99.310991
"sub_strided_double",2,0,0,9,101140,57600,16,0,0,2,2,0,0x0,0.000551,84.468890,8663.877818,0,0.000000,94.272347,13.863774,0.000000,99.319628
"sub_strided_double",3,0,0,10,101140,57600,16,0,0,2,2,0,0x0,0.000556,83.713528,8585.824865,0,0.000000,93.604440,13.775868,0.000000,99.311820
"sub_strided_double",4,0,0,11,101140,57600,16,0,0,2,2,0,0x0,0.000557,83.517048,8554.996050,0,0.000000,93.275414,13.703510,0.000000,99.311412
"sub_strided_double",5,0,0,12,101140,57600,16,0,0,2,2,0,0x0,0.000557,83.523138,8554.996050,0,0.000000,93.287070,13.689054,0.000000,99.311552
"sub_strided_double",6,0,0,13,101140,57600,16,0,0,2,2,0,0x0,0.000558,83.318783,8539.664516,0,0.000000,93.244537,13.662249,0.000000,99.314395
"sub_strided_double",7,0,0,14,101140,57600,16,0,0,2,2,0,0x0,0.000553,84.183751,8632.486957,0,0.000000,93.912415,13.794272,0.000000,99.320824
"sub_strided_double",8,0,0,15,101140,57600,16,0,0,2,2,0,0x0,0.000558,83.385420,8554.996050,0,0.000000,93.295338,13.670768,0.000000,99.321489
"sub_strided_double",9,0,0,16,101140,57600,16,0,0,2,2,0,0x0,0.000554,84.043563,8616.876673,0,0.000000,93.796529,13.808332,0.000000,99.318955
"sub_strided_double",10,0,0,17,101140,57600,16,0,0,2,2,0,0x0,0.000555,83.759682,8585.824865,0,0.000000,93.620801,13.766810,0.000000,99.320197
