kernel-name,dispatch,gpu-id,queue-id,queue-index,tid,grd,wgr,lds,scr,vgpr,sgpr,fbar,sig,time,VALUBusy,performance,LDSInsts,LDSBankConflict,L1MemoryBusy,L1MemoryStalled,L2WriteUnitStalled,L2CacheHit
"_Z11kLogregCostPfS_S_S_S_ii",0,0,0,10,79047,61440,64,0,0,6,2,0,0x0,0.000008,0.262364,33.792000,0,0.000000,1.475857,0.165498,0.000000,90.270270
"_Z11kLogregCostPfS_S_S_S_ii",1,0,0,12,79047,61440,64,0,0,6,2,0,0x0,0.000013,0.166847,22.528000,0,0.000000,0.987624,0.165842,0.000000,71.063830
"_Z11kLogregCostPfS_S_S_S_ii",2,0,0,13,79047,61440,64,0,0,6,2,0,0x0,0.000008,0.263823,38.619429,0,0.000000,1.517347,0.166419,0.000000,90.270270
"_Z11kLogregCostPfS_S_S_S_ii",3,0,0,14,79047,61440,64,0,0,6,2,0,0x0,0.000010,0.211849,30.037333,0,0.000000,1.260293,0.210573,0.000000,71.063830
"_Z11kLogregCostPfS_S_S_S_ii",4,0,0,15,79047,61440,64,0,0,6,2,0,0x0,0.000011,0.196807,27.033600,0,0.000000,1.164964,0.195620,0.000000,71.063830
"_Z11kLogregCostPfS_S_S_S_ii",5,0,0,16,79047,61440,64,0,0,6,2,0,0x0,0.000010,0.214547,30.037333,0,0.000000,1.276338,0.213254,0.000000,71.063830
"_Z11kLogregCostPfS_S_S_S_ii",6,0,0,17,79047,61440,64,0,0,6,2,0,0x0,0.000011,0.188802,24.576000,0,0.000000,1.123186,0.187665,0.000000,71.063830
"_Z11kLogregCostPfS_S_S_S_ii",7,0,0,18,79047,61440,64,0,0,6,2,0,0x0,0.000010,0.202445,27.033600,0,0.000000,1.190834,0.201225,0.000000,71.063830
"_Z11kLogregCostPfS_S_S_S_ii",8,0,0,19,79047,61440,64,0,0,6,2,0,0x0,0.000011,0.190456,24.576000,0,0.000000,1.127373,0.189308,0.000000,71.063830
"_Z11kLogregCostPfS_S_S_S_ii",9,0,0,20,79047,61440,64,0,0,6,2,0,0x0,0.000008,0.262160,33.792000,0,0.000000,1.521401,0.165370,0.000000,90.270270
"_Z11kLogregCostPfS_S_S_S_ii",10,0,0,21,79047,61440,64,0,0,6,2,0,0x0,0.000008,0.258024,33.792000,0,0.000000,1.504364,0.162686,0.000000,90.270270
