kernel-name,dispatch,gpu-id,queue-id,queue-index,tid,grd,wgr,lds,scr,vgpr,sgpr,fbar,sig,time,VALUBusy,performance,LDSInsts,LDSBankConflict,L1MemoryBusy,L1MemoryStalled,L2WriteUnitStalled,L2CacheHit
"_Z16sgemm_gpu_kernelPKfS0_Pfiiiff",0,0,0,6,38664,614656,16,0,0,5,2,0,0x0,0.000102,12.113904,1349.832784,0,0.000000,42.997951,3.887904,0.000000,99.769143
"_Z16sgemm_gpu_kernelPKfS0_Pfiiiff",1,0,0,8,38664,614656,16,0,0,5,2,0,0x0,0.000106,11.670943,1298.895698,0,0.000000,41.241324,3.783009,0.000000,99.687590
"_Z16sgemm_gpu_kernelPKfS0_Pfiiiff",2,0,0,9,38664,614656,16,0,0,5,2,0,0x0,0.000102,12.128013,1349.832784,0,0.000000,42.961140,3.874082,0.000000,99.769194
"_Z16sgemm_gpu_kernelPKfS0_Pfiiiff",3,0,0,10,38664,614656,16,0,0,5,2,0,0x0,0.000104,11.901671,1323.874462,0,0.000000,41.982906,3.811698,0.000000,99.692599
"_Z16sgemm_gpu_kernelPKfS0_Pfiiiff",4,0,0,11,38664,614656,16,0,0,5,2,0,0x0,0.000104,11.870010,1323.874462,0,0.000000,41.968480,3.754045,0.000000,99.695054
"_Z16sgemm_gpu_kernelPKfS0_Pfiiiff",5,0,0,12,38664,614656,16,0,0,5,2,0,0x0,0.000104,11.874200,1323.874462,0,0.000000,41.319145,3.713494,0.000000,99.698363
"_Z16sgemm_gpu_kernelPKfS0_Pfiiiff",6,0,0,13,38664,614656,16,0,0,5,2,0,0x0,0.000104,11.881114,1323.874462,0,0.000000,41.466988,3.738169,0.000000,99.702462
"_Z16sgemm_gpu_kernelPKfS0_Pfiiiff",7,0,0,14,38664,614656,16,0,0,5,2,0,0x0,0.000104,11.880925,1323.874462,0,0.000000,41.484934,3.704087,0.000000,99.701603
"_Z16sgemm_gpu_kernelPKfS0_Pfiiiff",8,0,0,15,38664,614656,16,0,0,5,2,0,0x0,0.000104,11.877084,1323.874462,0,0.000000,41.631391,3.722546,0.000000,99.695841
"_Z16sgemm_gpu_kernelPKfS0_Pfiiiff",9,0,0,16,38664,614656,16,0,0,5,2,0,0x0,0.000102,12.111484,1349.832784,0,0.000000,42.068723,3.791844,0.000000,99.769156
"_Z16sgemm_gpu_kernelPKfS0_Pfiiiff",10,0,0,17,38664,614656,16,0,0,5,2,0,0x0,0.000102,12.087077,1349.832784,0,0.000000,42.013455,3.797327,0.000000,99.769171
