kernel-name,dispatch,gpu-id,queue-id,queue-index,tid,grd,wgr,lds,scr,vgpr,sgpr,fbar,sig,time,VALUBusy,performance,LDSInsts,LDSBankConflict,L1MemoryBusy,L1MemoryStalled,L2WriteUnitStalled,L2CacheHit
"_Z16sgemm_gpu_kernelPKfS0_Pfiiiff",0,0,0,6,39370,1517824,16,0,0,5,2,0,0x0,0.000244,12.552990,1399.146403,0,0.000000,50.208062,5.926840,0.000000,99.933626
"_Z16sgemm_gpu_kernelPKfS0_Pfiiiff",1,0,0,8,39370,1517824,16,0,0,5,2,0,0x0,0.000248,12.346973,1376.488162,0,0.000000,49.615065,5.867227,0.000000,99.917476
"_Z16sgemm_gpu_kernelPKfS0_Pfiiiff",2,0,0,9,39370,1517824,16,0,0,5,2,0,0x0,0.000244,12.549194,1399.146403,0,0.000000,50.255462,5.963623,0.000000,99.933633
"_Z16sgemm_gpu_kernelPKfS0_Pfiiiff",3,0,0,10,39370,1517824,16,0,0,5,2,0,0x0,0.000245,12.454698,1387.724800,0,0.000000,49.956651,5.907186,0.000000,99.916262
"_Z16sgemm_gpu_kernelPKfS0_Pfiiiff",4,0,0,11,39370,1517824,16,0,0,5,2,0,0x0,0.000245,12.457517,1387.724800,0,0.000000,49.981918,5.909817,0.000000,99.916747
"_Z16sgemm_gpu_kernelPKfS0_Pfiiiff",5,0,0,12,39370,1517824,16,0,0,5,2,0,0x0,0.000246,12.440625,1387.724800,0,0.000000,49.957908,5.894172,0.000000,99.917521
"_Z16sgemm_gpu_kernelPKfS0_Pfiiiff",6,0,0,13,39370,1517824,16,0,0,5,2,0,0x0,0.000246,12.437948,1387.724800,0,0.000000,49.738476,5.883015,0.000000,99.917847
"_Z16sgemm_gpu_kernelPKfS0_Pfiiiff",7,0,0,14,39370,1517824,16,0,0,5,2,0,0x0,0.000246,12.408011,1382.083642,0,0.000000,49.818693,5.875082,0.000000,99.916550
"_Z16sgemm_gpu_kernelPKfS0_Pfiiiff",8,0,0,15,39370,1517824,16,0,0,5,2,0,0x0,0.000244,12.538200,1399.146403,0,0.000000,50.392561,5.949363,0.000000,99.933627
"_Z16sgemm_gpu_kernelPKfS0_Pfiiiff",9,0,0,16,39370,1517824,16,0,0,5,2,0,0x0,0.000244,12.543264,1399.146403,0,0.000000,50.005962,5.936644,0.000000,99.933635
"_Z16sgemm_gpu_kernelPKfS0_Pfiiiff",10,0,0,17,39370,1517824,16,0,0,5,2,0,0x0,0.000244,12.532209,1399.146403,0,0.000000,50.306098,5.934743,0.000000,99.933640
