kernel-name,dispatch,gpu-id,queue-id,queue-index,tid,grd,wgr,lds,scr,vgpr,sgpr,fbar,sig,time,VALUBusy,performance,LDSInsts,LDSBankConflict,L1MemoryBusy,L1MemoryStalled,L2WriteUnitStalled,L2CacheHit
"_Z8SubtractPfS_S_ii",0,0,0,6,90894,1576960,256,0,0,1,1,0,0x0,0.000027,4.332183,562.157037,0,0.000000,50.209468,10.705383,17.934632,56.074896
"_Z8SubtractPfS_S_ii",1,0,0,8,90894,1576960,256,0,0,1,1,0,0x0,0.000032,3.692528,489.620645,0,0.000000,52.779417,13.853804,15.581656,64.547506
"_Z8SubtractPfS_S_ii",2,0,0,9,90894,1576960,256,0,0,1,1,0,0x0,0.000027,4.289412,562.157037,0,0.000000,46.270226,9.179313,20.408630,56.019796
"_Z8SubtractPfS_S_ii",3,0,0,10,90894,1576960,256,0,0,1,1,0,0x0,0.000030,3.946082,523.387586,0,0.000000,52.979732,15.445830,16.651599,63.686591
"_Z8SubtractPfS_S_ii",4,0,0,11,90894,1576960,256,0,0,1,1,0,0x0,0.000030,3.939539,523.387586,0,0.000000,54.640863,16.360039,17.883380,65.153534
"_Z8SubtractPfS_S_ii",5,0,0,12,90894,1576960,256,0,0,1,1,0,0x0,0.000031,3.843535,505.941333,0,0.000000,57.149513,17.555087,23.079128,65.700372
"_Z8SubtractPfS_S_ii",6,0,0,13,90894,1576960,256,0,0,1,1,0,0x0,0.000031,3.741105,489.620645,0,0.000000,57.245012,21.771911,19.494110,65.402099
"_Z8SubtractPfS_S_ii",7,0,0,14,90894,1576960,256,0,0,1,1,0,0x0,0.000031,3.797113,505.941333,0,0.000000,56.389973,17.229258,22.132756,65.997740
"_Z8SubtractPfS_S_ii",8,0,0,15,90894,1576960,256,0,0,1,1,0,0x0,0.000031,3.789906,505.941333,0,0.000000,55.371746,18.527250,19.061850,66.447275
"_Z8SubtractPfS_S_ii",9,0,0,16,90894,1576960,256,0,0,1,1,0,0x0,0.000028,4.228815,562.157037,0,0.000000,54.821103,16.241016,26.383976,59.158148
"_Z8SubtractPfS_S_ii",10,0,0,17,90894,1576960,256,0,0,1,1,0,0x0,0.000027,4.337991,562.157037,0,0.000000,49.611127,10.801784,20.685989,56.573503
