kernel-name,dispatch,gpu-id,queue-id,queue-index,tid,grd,wgr,lds,scr,vgpr,sgpr,fbar,sig,time,VALUBusy,performance,LDSInsts,LDSBankConflict,L1MemoryBusy,L1MemoryStalled,L2WriteUnitStalled,L2CacheHit
"slice_sparse_dense_row",0,0,0,8,80278,1040384,64,0,0,2,2,0,0x0,0.000046,1.041340,138.990933,0,0.000000,0.036132,0.000000,0.000000,84.507042
"slice_sparse_dense_row",1,0,0,10,80278,1040384,64,0,0,2,2,0,0x0,0.000050,0.956900,127.644735,0,0.000000,0.033202,0.000000,0.000000,68.441065
"slice_sparse_dense_row",2,0,0,11,80278,1040384,64,0,0,2,2,0,0x0,0.000046,1.039314,138.990933,0,0.000000,0.036061,0.000000,0.000000,84.507042
"slice_sparse_dense_row",3,0,0,12,80278,1040384,64,0,0,2,2,0,0x0,0.000048,1.002323,133.076426,0,0.000000,0.034778,0.000000,0.000000,68.441065
"slice_sparse_dense_row",4,0,0,13,80278,1040384,64,0,0,2,2,0,0x0,0.000048,1.001587,133.076426,0,0.000000,0.034752,0.000000,0.000000,68.441065
"slice_sparse_dense_row",5,0,0,14,80278,1040384,64,0,0,2,2,0,0x0,0.000048,0.999385,133.076426,0,0.000000,0.034676,0.000000,0.000000,68.441065
"slice_sparse_dense_row",6,0,0,15,80278,1040384,64,0,0,2,2,0,0x0,0.000048,0.996451,133.076426,0,0.000000,0.034574,0.000000,0.000000,68.181818
"slice_sparse_dense_row",7,0,0,16,80278,1040384,64,0,0,2,2,0,0x0,0.000048,0.996620,133.076426,0,0.000000,0.034580,0.000000,0.000000,68.181818
"slice_sparse_dense_row",8,0,0,17,80278,1040384,64,0,0,2,2,0,0x0,0.000048,0.994194,130.304000,0,0.000000,0.034496,0.000000,0.000000,68.441065
"slice_sparse_dense_row",9,0,0,18,80278,1040384,64,0,0,2,2,0,0x0,0.000046,1.038099,138.990933,0,0.000000,0.036019,0.000000,0.000000,84.507042
"slice_sparse_dense_row",10,0,0,19,80278,1040384,64,0,0,2,2,0,0x0,0.000046,1.036746,135.969391,0,0.000000,0.035972,0.000000,0.000000,84.507042
