kernel-name,dispatch,gpu-id,queue-id,queue-index,tid,grd,wgr,lds,scr,vgpr,sgpr,fbar,sig,time,VALUBusy,performance,LDSInsts,LDSBankConflict,L1MemoryBusy,L1MemoryStalled,L2WriteUnitStalled,L2CacheHit
"_Z10longKernelPfif",0,0,0,2,94328,253952,32,0,0,2,0,0,0x0,0.166627,11.442499,1499.793171,0,0.000000,98.612968,7.216634,0.001099,99.997878
"_Z10longKernelPfif",1,0,0,4,94328,253952,32,0,0,2,0,0,0x0,0.166632,11.442190,1499.757168,0,0.000000,98.625950,7.292290,0.001242,99.997857
"_Z10longKernelPfif",2,0,0,5,94328,253952,32,0,0,2,0,0,0x0,0.166557,11.447302,1500.423499,0,0.000000,98.667908,7.389937,0.001163,99.997875
"_Z10longKernelPfif",3,0,0,6,94328,253952,32,0,0,2,0,0,0x0,0.166550,11.447815,1500.495570,0,0.000000,98.661567,7.344216,0.001137,99.997876
"_Z10longKernelPfif",4,0,0,7,94328,253952,32,0,0,2,0,0,0x0,0.166546,11.448084,1500.531608,0,0.000000,98.668166,7.329532,0.001223,99.997876
"_Z10longKernelPfif",5,0,0,8,94328,253952,32,0,0,2,0,0,0x0,0.166554,11.447509,1500.450525,0,0.000000,98.666213,7.314774,0.001118,99.997876
"_Z10longKernelPfif",6,0,0,9,94328,253952,32,0,0,2,0,0,0x0,0.166540,11.448505,1500.585669,0,0.000000,98.652026,7.383917,0.001178,99.997876
"_Z10longKernelPfif",7,0,0,10,94328,253952,32,0,0,2,0,0,0x0,0.166569,11.446518,1500.324412,0,0.000000,98.647758,7.330750,0.001077,99.997876
"_Z10longKernelPfif",8,0,0,11,94328,253952,32,0,0,2,0,0,0x0,0.166530,11.449176,1500.666767,0,0.000000,98.687120,7.325529,0.002436,99.997875
"_Z10longKernelPfif",9,0,0,12,94328,253952,32,0,0,2,0,0,0x0,0.166588,11.445190,1500.144289,0,0.000000,98.652460,7.377953,0.001144,99.997875
"_Z10longKernelPfif",10,0,0,13,94328,253952,32,0,0,2,0,0,0x0,0.166530,11.449150,1500.666767,0,0.000000,98.637637,7.356365,0.000736,99.997876
