kernel-name,dispatch,gpu-id,queue-id,queue-index,tid,grd,wgr,lds,scr,vgpr,sgpr,fbar,sig,time,VALUBusy,performance,LDSInsts,LDSBankConflict,L1MemoryBusy,L1MemoryStalled,L2WriteUnitStalled,L2CacheHit
"_Z8_kpoly64iiPdPiS0_S_S0_S0_S_dd",0,0,0,14,69000,1170432,192,0,0,8,6,0,0x0,0.000027,2.128111,199.680000,0,0.000000,0.348980,0.021378,0.000000,78.134111
"_Z8_kpoly64iiPdPiS0_S_S0_S0_S_dd",1,0,0,16,69000,1170432,192,0,0,8,6,0,0x0,0.000032,1.797093,168.480000,0,0.000000,0.643553,0.285915,0.000000,70.387244
"_Z8_kpoly64iiPdPiS0_S_S0_S0_S_dd",2,0,0,17,69000,1170432,192,0,0,8,6,0,0x0,0.000025,2.269206,215.654400,0,0.000000,0.381962,0.051134,0.000000,80.468750
"_Z8_kpoly64iiPdPiS0_S_S0_S0_S_dd",3,0,0,18,69000,1170432,192,0,0,8,6,0,0x0,0.000030,1.928726,185.908966,0,0.000000,0.706401,0.310523,0.000000,70.387244
"_Z8_kpoly64iiPdPiS0_S_S0_S0_S_dd",4,0,0,19,69000,1170432,192,0,0,8,6,0,0x0,0.000029,1.965239,185.908966,0,0.000000,0.905453,0.328674,0.000000,67.336683
"_Z8_kpoly64iiPdPiS0_S_S0_S0_S_dd",5,0,0,20,69000,1170432,192,0,0,8,6,0,0x0,0.000030,1.913098,179.712000,0,0.000000,0.693406,0.300216,0.000000,70.709382
"_Z8_kpoly64iiPdPiS0_S_S0_S0_S_dd",6,0,0,21,69000,1170432,192,0,0,8,6,0,0x0,0.000030,1.910796,179.712000,0,0.000000,0.840423,0.330463,0.000000,70.387244
"_Z8_kpoly64iiPdPiS0_S_S0_S0_S_dd",7,0,0,22,69000,1170432,192,0,0,8,6,0,0x0,0.000031,1.861506,179.712000,0,0.000000,0.883940,0.326487,0.000000,70.387244
"_Z8_kpoly64iiPdPiS0_S_S0_S0_S_dd",8,0,0,23,69000,1170432,192,0,0,8,6,0,0x0,0.000031,1.854906,173.914839,0,0.000000,0.809798,0.318782,0.000000,70.709382
"_Z8_kpoly64iiPdPiS0_S_S0_S0_S_dd",9,0,0,24,69000,1170432,192,0,0,8,6,0,0x0,0.000025,2.277773,215.654400,0,0.000000,0.204695,0.053184,0.000000,82.435597
"_Z8_kpoly64iiPdPiS0_S_S0_S0_S_dd",10,0,0,25,69000,1170432,192,0,0,8,6,0,0x0,0.000028,2.070498,199.680000,0,0.000000,0.266454,0.050030,0.000000,80.468750
