kernel-name,dispatch,gpu-id,queue-id,queue-index,tid,grd,wgr,lds,scr,vgpr,sgpr,fbar,sig,time,VALUBusy,performance,LDSInsts,LDSBankConflict,L1MemoryBusy,L1MemoryStalled,L2WriteUnitStalled,L2CacheHit
"_Z28matrixMultiplicationKernelEWPKfS0_Pfii",0,0,0,6,24331,246016,16,0,0,1,1,0,0x0,0.000044,1.367093,183.129302,0,0.000000,0.040530,0.003911,0.000000,82.564103
"_Z28matrixMultiplicationKernelEWPKfS0_Pfii",1,0,0,8,24331,246016,16,0,0,1,1,0,0x0,0.000048,1.253570,167.543830,0,0.000000,0.037165,0.028036,0.000000,65.447154
"_Z28matrixMultiplicationKernelEWPKfS0_Pfii",2,0,0,9,24331,246016,16,0,0,1,1,0,0x0,0.000044,1.366549,183.129302,0,0.000000,0.040514,0.032696,0.000000,82.564103
"_Z28matrixMultiplicationKernelEWPKfS0_Pfii",3,0,0,10,24331,246016,16,0,0,1,1,0,0x0,0.000046,1.312623,174.990222,0,0.000000,0.038915,0.027309,0.000000,65.447154
"_Z28matrixMultiplicationKernelEWPKfS0_Pfii",4,0,0,11,24331,246016,16,0,0,1,1,0,0x0,0.000046,1.311513,174.990222,0,0.000000,0.038882,0.026263,0.000000,65.447154
"_Z28matrixMultiplicationKernelEWPKfS0_Pfii",5,0,0,12,24331,246016,16,0,0,1,1,0,0x0,0.000046,1.309262,174.990222,0,0.000000,0.038816,0.029963,0.000000,65.447154
"_Z28matrixMultiplicationKernelEWPKfS0_Pfii",6,0,0,13,24331,246016,16,0,0,1,1,0,0x0,0.000046,1.296041,171.186087,0,0.000000,0.038424,0.031009,0.000000,65.447154
"_Z28matrixMultiplicationKernelEWPKfS0_Pfii",7,0,0,14,24331,246016,16,0,0,1,1,0,0x0,0.000046,1.304288,171.186087,0,0.000000,0.038668,0.027136,0.000000,65.447154
"_Z28matrixMultiplicationKernelEWPKfS0_Pfii",8,0,0,15,24331,246016,16,0,0,1,1,0,0x0,0.000044,1.362675,178.967273,0,0.000000,0.040399,0.031540,0.000000,82.564103
"_Z28matrixMultiplicationKernelEWPKfS0_Pfii",9,0,0,16,24331,246016,16,0,0,1,1,0,0x0,0.000044,1.361266,178.967273,0,0.000000,0.040357,0.003894,0.000000,82.564103
"_Z28matrixMultiplicationKernelEWPKfS0_Pfii",10,0,0,17,24331,246016,16,0,0,1,1,0,0x0,0.000044,1.362482,178.967273,0,0.000000,0.040393,0.027283,0.000000,82.564103
