kernel-name,dispatch,gpu-id,queue-id,queue-index,tid,grd,wgr,lds,scr,vgpr,sgpr,fbar,sig,time,VALUBusy,performance,LDSInsts,LDSBankConflict,L1MemoryBusy,L1MemoryStalled,L2WriteUnitStalled,L2CacheHit
"rdiv_float",0,0,0,6,49328,1517824,64,0,0,2,1,0,0x0,0.000065,9.949513,1120.854646,0,0.000000,36.223438,4.095067,0.000000,99.214299
"rdiv_float",1,0,0,8,49328,1517824,64,0,0,2,1,0,0x0,0.000069,9.371839,1055.877565,0,0.000000,33.934217,4.137989,0.000000,98.805649
"rdiv_float",2,0,0,9,49328,1517824,64,0,0,2,1,0,0x0,0.000065,9.956100,1120.854646,0,0.000000,36.300676,4.110733,0.000000,99.212859
"rdiv_float",3,0,0,10,49328,1517824,64,0,0,2,1,0,0x0,0.000067,9.677788,1087.396299,0,0.000000,35.197086,4.284502,0.000000,98.794426
"rdiv_float",4,0,0,11,49328,1517824,64,0,0,2,1,0,0x0,0.000067,9.672826,1087.396299,0,0.000000,35.113315,4.320993,0.000000,98.799104
"rdiv_float",5,0,0,12,49328,1517824,64,0,0,2,1,0,0x0,0.000067,9.674179,1087.396299,0,0.000000,35.513091,4.247240,0.000000,98.857109
"rdiv_float",6,0,0,13,49328,1517824,64,0,0,2,1,0,0x0,0.000067,9.622858,1087.396299,0,0.000000,34.878830,4.194567,0.000000,98.835744
"rdiv_float",7,0,0,14,49328,1517824,64,0,0,2,1,0,0x0,0.000067,9.625089,1087.396299,0,0.000000,35.117905,4.299205,0.000000,98.821735
"rdiv_float",8,0,0,15,49328,1517824,64,0,0,2,1,0,0x0,0.000065,9.953044,1120.854646,0,0.000000,35.717095,4.091724,0.000000,99.211912
"rdiv_float",9,0,0,16,49328,1517824,64,0,0,2,1,0,0x0,0.000065,9.936459,1120.854646,0,0.000000,36.040643,4.098553,0.000000,99.212267
"rdiv_float",10,0,0,17,49328,1517824,64,0,0,2,1,0,0x0,0.000065,9.938458,1120.854646,0,0.000000,35.790948,4.097222,0.000000,99.211912
