kernel-name,dispatch,gpu-id,queue-id,queue-index,tid,grd,wgr,lds,scr,vgpr,sgpr,fbar,sig,time,VALUBusy,performance,LDSInsts,LDSBankConflict,L1MemoryBusy,L1MemoryStalled,L2WriteUnitStalled,L2CacheHit
"rdiv_float",0,0,0,6,49722,2903040,192,0,0,2,1,0,0x0,0.000056,21.983074,2488.320000,0,0.000000,42.972783,4.893712,0.000000,99.314213
"rdiv_float",1,0,0,8,49722,2903040,192,0,0,2,1,0,0x0,0.000057,21.710116,2444.665263,0,0.000000,44.129954,5.486604,0.000000,99.063430
"rdiv_float",2,0,0,9,49722,2903040,192,0,0,2,1,0,0x0,0.000053,23.504678,2679.729231,0,0.000000,46.993959,5.644321,0.000000,99.314227
"rdiv_float",3,0,0,10,49722,2903040,192,0,0,2,1,0,0x0,0.000053,23.424774,2679.729231,0,0.000000,46.774003,5.924656,0.000000,99.048560
"rdiv_float",4,0,0,11,49722,2903040,192,0,0,2,1,0,0x0,0.000053,23.521951,2679.729231,0,0.000000,47.042125,6.022722,0.000000,99.040218
"rdiv_float",5,0,0,12,49722,2903040,192,0,0,2,1,0,0x0,0.000055,22.634214,2580.480000,0,0.000000,46.621406,6.052328,0.000000,99.061522
"rdiv_float",6,0,0,13,49722,2903040,192,0,0,2,1,0,0x0,0.000055,22.366360,2533.562182,0,0.000000,45.172270,5.595253,0.000000,99.054691
"rdiv_float",7,0,0,14,49722,2903040,192,0,0,2,1,0,0x0,0.000053,23.285421,2629.168302,0,0.000000,47.237900,6.095336,0.000000,99.048206
"rdiv_float",8,0,0,15,49722,2903040,192,0,0,2,1,0,0x0,0.000050,24.737912,2786.918400,0,0.000000,49.138630,5.995936,0.000000,99.318898
"rdiv_float",9,0,0,16,49722,2903040,192,0,0,2,1,0,0x0,0.000053,23.217858,2629.168302,0,0.000000,47.320499,5.675184,0.000000,99.310784
"rdiv_float",10,0,0,17,49722,2903040,192,0,0,2,1,0,0x0,0.000054,22.985510,2629.168302,0,0.000000,46.524086,5.569455,0.000000,99.307058
