kernel-name,dispatch,gpu-id,queue-id,queue-index,tid,grd,wgr,lds,scr,vgpr,sgpr,fbar,sig,time,VALUBusy,performance,LDSInsts,LDSBankConflict,L1MemoryBusy,L1MemoryStalled,L2WriteUnitStalled,L2CacheHit
"_Z24ForwardWarpKernel_PSF2x2PKfS0_S0_iiiifPfS1_",0,0,0,10,27903,57600,16,0,0,3,2,0,0x0,0.000014,0.985943,132.297143,0,0.000000,0.361719,0.023969,0.000000,78.151261
"_Z24ForwardWarpKernel_PSF2x2PKfS0_S0_iiiifPfS1_",1,0,0,12,27903,57600,16,0,0,3,2,0,0x0,0.000018,0.773160,102.897778,0,0.000000,0.345169,0.080312,0.000000,64.137931
"_Z24ForwardWarpKernel_PSF2x2PKfS0_S0_iiiifPfS1_",2,0,0,13,27903,57600,16,0,0,3,2,0,0x0,0.000014,0.983628,132.297143,0,0.000000,0.360870,0.023913,0.000000,78.151261
"_Z24ForwardWarpKernel_PSF2x2PKfS0_S0_iiiifPfS1_",3,0,0,14,27903,57600,16,0,0,3,2,0,0x0,0.000016,0.874234,115.760000,0,0.000000,0.390293,0.090811,0.000000,64.137931
"_Z24ForwardWarpKernel_PSF2x2PKfS0_S0_iiiifPfS1_",4,0,0,15,27903,57600,16,0,0,3,2,0,0x0,0.000016,0.873121,115.760000,0,0.000000,0.389796,0.090695,0.000000,64.137931
"_Z24ForwardWarpKernel_PSF2x2PKfS0_S0_iiiifPfS1_",5,0,0,16,27903,57600,16,0,0,3,2,0,0x0,0.000016,0.868662,115.760000,0,0.000000,0.387805,0.090232,0.000000,64.137931
"_Z24ForwardWarpKernel_PSF2x2PKfS0_S0_iiiifPfS1_",6,0,0,17,27903,57600,16,0,0,3,2,0,0x0,0.000016,0.861124,115.760000,0,0.000000,0.384440,0.089449,0.000000,64.137931
"_Z24ForwardWarpKernel_PSF2x2PKfS0_S0_iiiifPfS1_",7,0,0,18,27903,57600,16,0,0,3,2,0,0x0,0.000016,0.859586,115.760000,0,0.000000,0.383753,0.089289,0.000000,64.137931
"_Z24ForwardWarpKernel_PSF2x2PKfS0_S0_iiiifPfS1_",8,0,0,19,27903,57600,16,0,0,3,2,0,0x0,0.000017,0.851594,115.760000,0,0.000000,0.380185,0.088459,0.000000,64.137931
"_Z24ForwardWarpKernel_PSF2x2PKfS0_S0_iiiifPfS1_",9,0,0,20,27903,57600,16,0,0,3,2,0,0x0,0.000014,0.980643,132.297143,0,0.000000,0.359775,0.023840,0.000000,78.151261
"_Z24ForwardWarpKernel_PSF2x2PKfS0_S0_iiiifPfS1_",10,0,0,21,27903,57600,16,0,0,3,2,0,0x0,0.000014,0.977846,132.297143,0,0.000000,0.358748,0.023772,0.000000,78.151261
