kernel-name,dispatch,gpu-id,queue-id,queue-index,tid,grd,wgr,lds,scr,vgpr,sgpr,fbar,sig,time,VALUBusy,performance,LDSInsts,LDSBankConflict,L1MemoryBusy,L1MemoryStalled,L2WriteUnitStalled,L2CacheHit
"_Z16smooth_l1_kerneliPfS_S_S_",0,0,0,8,15789,4145152,64,0,0,1,1,0,0x0,0.000169,11.979876,1283.023238,0,0.000000,56.917357,8.741214,0.000000,93.743252
"_Z16smooth_l1_kerneliPfS_S_S_",1,0,0,10,15789,4145152,64,0,0,1,1,0,0x0,0.000173,11.688823,1245.941642,0,0.000000,55.532465,8.761474,0.000000,93.671374
"_Z16smooth_l1_kerneliPfS_S_S_",2,0,0,11,15789,4145152,64,0,0,1,1,0,0x0,0.000169,11.977926,1283.023238,0,0.000000,57.034775,8.758747,0.000000,93.743252
"_Z16smooth_l1_kerneliPfS_S_S_",3,0,0,12,15789,4145152,64,0,0,1,1,0,0x0,0.000171,11.841884,1267.928847,0,0.000000,56.316872,8.865781,0.000000,93.671374
"_Z16smooth_l1_kerneliPfS_S_S_",4,0,0,13,15789,4145152,64,0,0,1,1,0,0x0,0.000171,11.832192,1260.514058,0,0.000000,56.309510,8.903557,0.000000,93.662713
"_Z16smooth_l1_kerneliPfS_S_S_",5,0,0,14,15789,4145152,64,0,0,1,1,0,0x0,0.000171,11.835825,1260.514058,0,0.000000,53.966778,8.912229,0.003655,93.658743
"_Z16smooth_l1_kerneliPfS_S_S_",6,0,0,15,15789,4145152,64,0,0,1,1,0,0x0,0.000171,11.825193,1260.514058,0,0.000000,48.595065,8.906323,0.065728,93.664517
"_Z16smooth_l1_kerneliPfS_S_S_",7,0,0,16,15789,4145152,64,0,0,1,1,0,0x0,0.000171,11.826229,1260.514058,0,0.000000,48.705958,8.899252,0.076689,93.656578
"_Z16smooth_l1_kerneliPfS_S_S_",8,0,0,17,15789,4145152,64,0,0,1,1,0,0x0,0.000169,11.970311,1275.431385,0,0.000000,49.454139,8.721205,0.000000,93.743252
"_Z16smooth_l1_kerneliPfS_S_S_",9,0,0,18,15789,4145152,64,0,0,1,1,0,0x0,0.000169,11.965844,1275.431385,0,0.000000,49.213799,8.735964,0.084985,93.743252
"_Z16smooth_l1_kerneliPfS_S_S_",10,0,0,19,15789,4145152,64,0,0,1,1,0,0x0,0.000169,11.965534,1275.431385,0,0.000000,49.140014,8.730473,0.073898,93.743252
