kernel-name,dispatch,gpu-id,queue-id,queue-index,tid,grd,wgr,lds,scr,vgpr,sgpr,fbar,sig,time,VALUBusy,performance,LDSInsts,LDSBankConflict,L1MemoryBusy,L1MemoryStalled,L2WriteUnitStalled,L2CacheHit
"_Z17kernel_test5_movePcS_",0,0,0,4,61585,253952,256,0,0,4,1,0,0x0,0.006089,0.002552,0.251122,0,0.000000,23.620345,2.604958,0.031411,97.058116
"_Z17kernel_test5_movePcS_",1,0,0,6,61585,253952,256,0,0,4,1,0,0x0,0.006168,0.002520,0.247905,0,0.000000,23.082632,2.552367,0.035772,97.049234
"_Z17kernel_test5_movePcS_",2,0,0,7,61585,253952,256,0,0,4,1,0,0x0,0.006199,0.002507,0.246665,0,0.000000,23.079537,2.322682,0.057774,97.055504
"_Z17kernel_test5_movePcS_",3,0,0,8,61585,253952,256,0,0,4,1,0,0x0,0.006214,0.002501,0.246070,0,0.000000,22.995026,2.531023,0.035707,97.049234
"_Z17kernel_test5_movePcS_",4,0,0,9,61585,253952,256,0,0,4,1,0,0x0,0.006167,0.002520,0.247905,0,0.000000,23.057573,2.260887,0.056753,97.058116
"_Z17kernel_test5_movePcS_",5,0,0,10,61585,253952,256,0,0,4,1,0,0x0,0.006171,0.002518,0.247785,0,0.000000,23.017632,2.456911,0.032512,97.058116
"_Z17kernel_test5_movePcS_",6,0,0,11,61585,253952,256,0,0,4,1,0,0x0,0.006337,0.002452,0.241293,0,0.000000,22.682980,2.629545,0.040045,97.058116
"_Z17kernel_test5_movePcS_",7,0,0,12,61585,253952,256,0,0,4,1,0,0x0,0.006260,0.002482,0.244261,0,0.000000,22.743887,2.614959,0.035943,97.058116
"_Z17kernel_test5_movePcS_",8,0,0,13,61585,253952,256,0,0,4,1,0,0x0,0.006169,0.002519,0.247825,0,0.000000,23.085141,2.295133,0.036268,97.058116
"_Z17kernel_test5_movePcS_",9,0,0,14,61585,253952,256,0,0,4,1,0,0x0,0.006203,0.002505,0.246467,0,0.000000,23.073468,2.627202,0.070830,97.058116
"_Z17kernel_test5_movePcS_",10,0,0,15,61585,253952,256,0,0,4,1,0,0x0,0.006171,0.002518,0.247745,0,0.000000,23.012050,2.454550,0.037167,97.058116
