kernel-name,dispatch,gpu-id,queue-id,queue-index,tid,grd,wgr,lds,scr,vgpr,sgpr,fbar,sig,time,VALUBusy,performance,LDSInsts,LDSBankConflict,L1MemoryBusy,L1MemoryStalled,L2WriteUnitStalled,L2CacheHit
"_Z24ForwardWarpKernel_PSF2x2PKfS0_S0_iiiifPfS1_",0,0,0,10,13558,1032256,16,0,0,3,2,0,0x0,0.000167,1.510787,199.043084,0,0.000000,0.031089,0.002060,0.000000,78.151261
"_Z24ForwardWarpKernel_PSF2x2PKfS0_S0_iiiifPfS1_",1,0,0,12,13558,1032256,16,0,0,3,2,0,0x0,0.000173,1.461301,192.099721,0,0.000000,0.044381,0.016303,0.000000,59.047619
"_Z24ForwardWarpKernel_PSF2x2PKfS0_S0_iiiifPfS1_",2,0,0,13,13558,1032256,16,0,0,3,2,0,0x0,0.000167,1.509278,197.851210,0,0.000000,0.043593,0.014593,0.000000,78.151261
"_Z24ForwardWarpKernel_PSF2x2PKfS0_S0_iiiifPfS1_",3,0,0,14,13558,1032256,16,0,0,3,2,0,0x0,0.000171,1.478252,194.359718,0,0.000000,0.042880,0.014477,0.000000,59.047619
"_Z24ForwardWarpKernel_PSF2x2PKfS0_S0_iiiifPfS1_",4,0,0,15,13558,1032256,16,0,0,3,2,0,0x0,0.000170,1.478686,194.359718,0,0.000000,0.043992,0.015581,0.000000,59.047619
"_Z24ForwardWarpKernel_PSF2x2PKfS0_S0_iiiifPfS1_",5,0,0,16,13558,1032256,16,0,0,3,2,0,0x0,0.000171,1.474340,194.359718,0,0.000000,0.041853,0.013524,0.000000,59.047619
"_Z24ForwardWarpKernel_PSF2x2PKfS0_S0_iiiifPfS1_",6,0,0,17,13558,1032256,16,0,0,3,2,0,0x0,0.000170,1.478767,194.359718,0,0.000000,0.043078,0.014665,0.000000,59.047619
"_Z24ForwardWarpKernel_PSF2x2PKfS0_S0_iiiifPfS1_",7,0,0,18,13558,1032256,16,0,0,3,2,0,0x0,0.000171,1.473134,193.223111,0,0.000000,0.043097,0.014792,0.000000,59.047619
"_Z24ForwardWarpKernel_PSF2x2PKfS0_S0_iiiifPfS1_",8,0,0,19,13558,1032256,16,0,0,3,2,0,0x0,0.000167,1.509899,199.043084,0,0.000000,0.045295,0.016284,0.000000,78.151261
"_Z24ForwardWarpKernel_PSF2x2PKfS0_S0_iiiifPfS1_",9,0,0,20,13558,1032256,16,0,0,3,2,0,0x0,0.000167,1.509091,197.851210,0,0.000000,0.043026,0.014030,0.000000,78.151261
"_Z24ForwardWarpKernel_PSF2x2PKfS0_S0_iiiifPfS1_",10,0,0,21,13558,1032256,16,0,0,3,2,0,0x0,0.000167,1.507563,197.851210,0,0.000000,0.044104,0.015137,0.000000,78.151261
