kernel-name,dispatch,gpu-id,queue-id,queue-index,tid,grd,wgr,lds,scr,vgpr,sgpr,fbar,sig,time,VALUBusy,performance,LDSInsts,LDSBankConflict,L1MemoryBusy,L1MemoryStalled,L2WriteUnitStalled,L2CacheHit
"matrix_atan",0,0,0,4,124821,1517824,16,0,0,3,1,0,0x0,0.000244,1.133192,108.699918,0,0.000000,0.168329,0.014813,0.000000,92.618629
"matrix_atan",1,0,0,6,124821,1517824,16,0,0,3,1,0,0x0,0.000248,1.113390,106.939595,0,0.000000,0.210121,0.059288,0.000000,81.327160
"matrix_atan",2,0,0,7,124821,1517824,16,0,0,3,1,0,0x0,0.000243,1.135557,108.699918,0,0.000000,0.168681,0.014844,0.000000,92.618629
"matrix_atan",3,0,0,8,124821,1517824,16,0,0,3,1,0,0x0,0.000246,1.123384,107.812571,0,0.000000,0.203807,0.051619,0.000000,81.327160
"matrix_atan",4,0,0,9,124821,1517824,16,0,0,3,1,0,0x0,0.000246,1.123387,107.812571,0,0.000000,0.205524,0.053336,0.000000,81.201849
"matrix_atan",5,0,0,10,124821,1517824,16,0,0,3,1,0,0x0,0.000246,1.121615,107.374309,0,0.000000,0.206025,0.054077,0.000000,81.076923
"matrix_atan",6,0,0,11,124821,1517824,16,0,0,3,1,0,0x0,0.000246,1.122510,107.812571,0,0.000000,0.204919,0.052849,0.000000,81.201849
"matrix_atan",7,0,0,12,124821,1517824,16,0,0,3,1,0,0x0,0.000246,1.122622,107.812571,0,0.000000,0.208433,0.056349,0.000000,80.952381
"matrix_atan",8,0,0,13,124821,1517824,16,0,0,3,1,0,0x0,0.000243,1.135000,108.699918,0,0.000000,0.168598,0.014837,0.000000,92.618629
"matrix_atan",9,0,0,14,124821,1517824,16,0,0,3,1,0,0x0,0.000243,1.134986,108.699918,0,0.000000,0.168596,0.014836,0.000000,92.618629
"matrix_atan",10,0,0,15,124821,1517824,16,0,0,3,1,0,0x0,0.000243,1.134519,108.699918,0,0.000000,0.168526,0.014830,0.000000,92.618629
