kernel-name,dispatch,gpu-id,queue-id,queue-index,tid,grd,wgr,lds,scr,vgpr,sgpr,fbar,sig,time,VALUBusy,performance,LDSInsts,LDSBankConflict,L1MemoryBusy,L1MemoryStalled,L2WriteUnitStalled,L2CacheHit
"_Z12_kgauss64mapiiPdS_S_d",0,0,0,6,77340,1576960,128,0,0,3,5,0,0x0,0.000036,1.446975,180.480000,0,0.000000,0.263008,0.014275,0.000000,84.172662
"_Z12_kgauss64mapiiPdS_S_d",1,0,0,8,77340,1576960,128,0,0,3,5,0,0x0,0.000041,1.282513,162.432000,0,0.000000,0.349672,0.036041,0.000000,71.304348
"_Z12_kgauss64mapiiPdS_S_d",2,0,0,9,77340,1576960,128,0,0,3,5,0,0x0,0.000037,1.408516,175.602162,0,0.000000,0.258123,0.038739,0.000000,85.333333
"_Z12_kgauss64mapiiPdS_S_d",3,0,0,10,77340,1576960,128,0,0,3,5,0,0x0,0.000038,1.375185,170.981053,0,0.000000,0.373705,0.036178,0.000000,71.304348
"_Z12_kgauss64mapiiPdS_S_d",4,0,0,11,77340,1576960,128,0,0,3,5,0,0x0,0.000038,1.377745,175.602162,0,0.000000,0.414353,0.041188,0.000000,72.727273
"_Z12_kgauss64mapiiPdS_S_d",5,0,0,12,77340,1576960,128,0,0,3,5,0,0x0,0.000038,1.373040,170.981053,0,0.000000,0.422790,0.039406,0.000000,72.112676
"_Z12_kgauss64mapiiPdS_S_d",6,0,0,13,77340,1576960,128,0,0,3,5,0,0x0,0.000039,1.330718,166.596923,0,0.000000,0.420101,0.039782,0.000000,71.304348
"_Z12_kgauss64mapiiPdS_S_d",7,0,0,14,77340,1576960,128,0,0,3,5,0,0x0,0.000039,1.348421,170.981053,0,0.000000,0.386184,0.041118,0.000000,71.764706
"_Z12_kgauss64mapiiPdS_S_d",8,0,0,15,77340,1576960,128,0,0,3,5,0,0x0,0.000037,1.396986,175.602162,0,0.000000,0.263945,0.043016,0.000000,84.827586
"_Z12_kgauss64mapiiPdS_S_d",9,0,0,16,77340,1576960,128,0,0,3,5,0,0x0,0.000037,1.410845,175.602162,0,0.000000,0.260658,0.040912,0.000000,84.172662
"_Z12_kgauss64mapiiPdS_S_d",10,0,0,17,77340,1576960,128,0,0,3,5,0,0x0,0.000037,1.416341,180.480000,0,0.000000,0.248548,0.013973,0.000000,84.722222
