kernel-name,dispatch,gpu-id,queue-id,queue-index,tid,grd,wgr,lds,scr,vgpr,sgpr,fbar,sig,time,VALUBusy,performance,LDSInsts,LDSBankConflict,L1MemoryBusy,L1MemoryStalled,L2WriteUnitStalled,L2CacheHit
"_Z12_kgauss64mapiiPdS_S_d",0,0,0,6,76279,61440,32,0,0,3,5,0,0x0,0.000013,0.414012,43.638154,0,0.000000,1.594778,0.105203,0.000000,79.534884
"_Z12_kgauss64mapiiPdS_S_d",1,0,0,8,76279,61440,32,0,0,3,5,0,0x0,0.000018,0.304543,33.370353,0,0.000000,1.516670,0.145073,0.000000,63.909774
"_Z12_kgauss64mapiiPdS_S_d",2,0,0,9,76279,61440,32,0,0,3,5,0,0x0,0.000013,0.422024,47.274667,0,0.000000,1.743846,0.107239,0.000000,79.534884
"_Z12_kgauss64mapiiPdS_S_d",3,0,0,10,76279,61440,32,0,0,3,5,0,0x0,0.000016,0.347682,37.819733,0,0.000000,1.753594,0.165623,0.000000,63.909774
"_Z12_kgauss64mapiiPdS_S_d",4,0,0,11,76279,61440,32,0,0,3,5,0,0x0,0.000016,0.344583,37.819733,0,0.000000,1.707123,0.164146,0.000000,63.909774
"_Z12_kgauss64mapiiPdS_S_d",5,0,0,12,76279,61440,32,0,0,3,5,0,0x0,0.000016,0.337229,35.456000,0,0.000000,1.691136,0.160643,0.000000,63.909774
"_Z12_kgauss64mapiiPdS_S_d",6,0,0,13,76279,61440,32,0,0,3,5,0,0x0,0.000017,0.321718,35.456000,0,0.000000,1.661651,0.153255,0.000000,63.909774
"_Z12_kgauss64mapiiPdS_S_d",7,0,0,14,76279,61440,32,0,0,3,5,0,0x0,0.000015,0.366872,40.521143,0,0.000000,1.913217,0.174796,0.000000,64.044944
"_Z12_kgauss64mapiiPdS_S_d",8,0,0,15,76279,61440,32,0,0,3,5,0,0x0,0.000016,0.335921,35.456000,0,0.000000,1.703972,0.160020,0.000000,63.909774
"_Z12_kgauss64mapiiPdS_S_d",9,0,0,16,76279,61440,32,0,0,3,5,0,0x0,0.000014,0.396692,43.638154,0,0.000000,1.699885,0.100802,0.000000,79.534884
"_Z12_kgauss64mapiiPdS_S_d",10,0,0,17,76279,61440,32,0,0,3,5,0,0x0,0.000014,0.381553,40.521143,0,0.000000,1.535851,0.096955,0.000000,79.534884
