kernel-name,dispatch,gpu-id,queue-id,queue-index,tid,grd,wgr,lds,scr,vgpr,sgpr,fbar,sig,time,VALUBusy,performance,LDSInsts,LDSBankConflict,L1MemoryBusy,L1MemoryStalled,L2WriteUnitStalled,L2CacheHit
"_Z15conv2genericrevPfS_S_iiiiiifii",0,0,0,6,7071,2822400,256,49024,0,6,4,0,0x0,0.000553,7.732139,899.895652,551250,0.000000,3.313235,0.229145,0.000000,99.693160
"_Z15conv2genericrevPfS_S_iiiiiifii",1,0,0,8,7071,2822400,256,49024,0,6,4,0,0x0,0.000557,7.678273,893.421583,551250,0.000000,3.291192,0.235492,0.000000,99.320768
"_Z15conv2genericrevPfS_S_iiiiiifii",2,0,0,9,7071,2822400,256,49024,0,6,4,0,0x0,0.000553,7.730478,899.895652,551250,0.000000,3.312947,0.229096,0.000000,99.693186
"_Z15conv2genericrevPfS_S_iiiiiifii",3,0,0,10,7071,2822400,256,49024,0,6,4,0,0x0,0.000555,7.702027,896.646931,551250,0.000000,3.298474,0.236024,0.000000,99.308091
"_Z15conv2genericrevPfS_S_iiiiiifii",4,0,0,11,7071,2822400,256,49024,0,6,4,0,0x0,0.000555,7.696280,895.031351,551250,0.000000,3.307604,0.236101,0.000000,99.312306
"_Z15conv2genericrevPfS_S_iiiiiifii",5,0,0,12,7071,2822400,256,49024,0,6,4,0,0x0,0.000556,7.686074,893.421583,551250,0.000000,3.297373,0.235675,0.000000,99.329201
"_Z15conv2genericrevPfS_S_iiiiiifii",6,0,0,13,7071,2822400,256,49024,0,6,4,0,0x0,0.000556,7.686272,893.421583,551250,0.000000,3.292541,0.235625,0.000000,99.249109
"_Z15conv2genericrevPfS_S_iiiiiifii",7,0,0,14,7071,2822400,256,49024,0,6,4,0,0x0,0.000553,7.730260,899.895652,551250,0.000000,3.312175,0.229089,0.000000,99.693173
"_Z15conv2genericrevPfS_S_iiiiiifii",8,0,0,15,7071,2822400,256,49024,0,6,4,0,0x0,0.000552,7.738640,899.895652,551250,0.000000,3.314465,0.229027,0.000000,99.693160
"_Z15conv2genericrevPfS_S_iiiiiifii",9,0,0,16,7071,2822400,256,49024,0,6,4,0,0x0,0.000552,7.737353,899.895652,551250,0.000000,3.314423,0.229300,0.000000,99.693121
"_Z15conv2genericrevPfS_S_iiiiiifii",10,0,0,17,7071,2822400,256,49024,0,6,4,0,0x0,0.000554,7.716514,898.268354,551250,0.000000,3.310771,0.228992,0.000000,99.693186
