kernel-name,dispatch,gpu-id,queue-id,queue-index,tid,grd,wgr,lds,scr,vgpr,sgpr,fbar,sig,time,VALUBusy,performance,LDSInsts,LDSBankConflict,L1MemoryBusy,L1MemoryStalled,L2WriteUnitStalled,L2CacheHit
"_Z5kTilePKfPfjjjj",0,0,0,4,125361,614656,16,0,0,2,1,0,0x0,0.000102,3.875891,358.187089,0,0.000000,0.193714,0.023676,0.000000,91.466083
"_Z5kTilePKfPfjjjj",1,0,0,6,125361,614656,16,0,0,2,1,0,0x0,0.000106,3.715820,341.291472,0,0.000000,0.185714,0.033311,0.000000,88.559322
"_Z5kTilePKfPfjjjj",2,0,0,7,125361,614656,16,0,0,2,1,0,0x0,0.000102,3.879255,358.187089,0,0.000000,0.193882,0.023697,0.000000,91.466083
"_Z5kTilePKfPfjjjj",3,0,0,8,125361,614656,16,0,0,2,1,0,0x0,0.000103,3.837588,354.675451,0,0.000000,0.191800,0.034707,0.000000,88.372093
"_Z5kTilePKfPfjjjj",4,0,0,9,125361,614656,16,0,0,2,1,0,0x0,0.000103,3.807220,351.232000,0,0.000000,0.190282,0.035791,0.000000,88.559322
"_Z5kTilePKfPfjjjj",5,0,0,10,125361,614656,16,0,0,2,1,0,0x0,0.000103,3.834297,354.675451,0,0.000000,0.191635,0.034373,0.000000,89.507495
"_Z5kTilePKfPfjjjj",6,0,0,11,125361,614656,16,0,0,2,1,0,0x0,0.000104,3.800402,351.232000,0,0.000000,0.189941,0.034069,0.000000,89.507495
"_Z5kTilePKfPfjjjj",7,0,0,12,125361,614656,16,0,0,2,1,0,0x0,0.000103,3.826986,354.675451,0,0.000000,0.191270,0.035218,0.000000,88.936170
"_Z5kTilePKfPfjjjj",8,0,0,13,125361,614656,16,0,0,2,1,0,0x0,0.000103,3.842103,354.675451,0,0.000000,0.192025,0.023470,0.000000,91.466083
"_Z5kTilePKfPfjjjj",9,0,0,14,125361,614656,16,0,0,2,1,0,0x0,0.000102,3.874485,358.187089,0,0.000000,0.193644,0.023668,0.000000,91.466083
"_Z5kTilePKfPfjjjj",10,0,0,15,125361,614656,16,0,0,2,1,0,0x0,0.000102,3.875414,358.187089,0,0.000000,0.193690,0.023673,0.000000,91.466083
