kernel-name,dispatch,gpu-id,queue-id,queue-index,tid,grd,wgr,lds,scr,vgpr,sgpr,fbar,sig,time,VALUBusy,performance,LDSInsts,LDSBankConflict,L1MemoryBusy,L1MemoryStalled,L2WriteUnitStalled,L2CacheHit
"_Z31matrixMultiplicationKernelNaivePKfS0_Pfiiii",0,0,0,6,19463,2822400,16,0,0,5,2,0,0x0,0.000447,5.005135,555.648000,0,0.000000,20.027594,4.502372,0.000000,99.867080
"_Z31matrixMultiplicationKernelNaivePKfS0_Pfiiii",1,0,0,8,19463,2822400,16,0,0,5,2,0,0x0,0.000452,4.959876,550.719858,0,0.000000,19.861574,4.489102,0.000000,99.838428
"_Z31matrixMultiplicationKernelNaivePKfS0_Pfiiii",2,0,0,9,19463,2822400,16,0,0,5,2,0,0x0,0.000448,5.003762,555.648000,0,0.000000,20.004776,4.496243,0.000000,99.867080
"_Z31matrixMultiplicationKernelNaivePKfS0_Pfiiii",3,0,0,10,19463,2822400,16,0,0,5,2,0,0x0,0.000449,4.984688,553.172953,0,0.000000,19.952611,4.527142,0.000000,99.838051
"_Z31matrixMultiplicationKernelNaivePKfS0_Pfiiii",4,0,0,11,19463,2822400,16,0,0,5,2,0,0x0,0.000449,4.983639,553.172953,0,0.000000,19.978574,4.538216,0.000000,99.838805
"_Z31matrixMultiplicationKernelNaivePKfS0_Pfiiii",5,0,0,12,19463,2822400,16,0,0,5,2,0,0x0,0.000452,4.952496,549.501451,0,0.000000,19.859457,4.816119,0.000000,99.733385
"_Z31matrixMultiplicationKernelNaivePKfS0_Pfiiii",6,0,0,13,19463,2822400,16,0,0,5,2,0,0x0,0.000450,4.978990,553.172953,0,0.000000,19.923332,4.492160,0.000000,99.865949
"_Z31matrixMultiplicationKernelNaivePKfS0_Pfiiii",7,0,0,14,19463,2822400,16,0,0,5,2,0,0x0,0.000448,5.003943,555.648000,0,0.000000,19.999784,4.494165,0.000000,99.867080
"_Z31matrixMultiplicationKernelNaivePKfS0_Pfiiii",8,0,0,15,19463,2822400,16,0,0,5,2,0,0x0,0.000448,5.003328,555.648000,0,0.000000,20.012455,4.498100,0.000000,99.867080
"_Z31matrixMultiplicationKernelNaivePKfS0_Pfiiii",9,0,0,16,19463,2822400,16,0,0,5,2,0,0x0,0.000448,5.002780,555.648000,0,0.000000,20.027253,4.498404,0.000000,99.867080
"_Z31matrixMultiplicationKernelNaivePKfS0_Pfiiii",10,0,0,17,19463,2822400,16,0,0,5,2,0,0x0,0.000448,5.002862,555.648000,0,0.000000,19.991763,4.492593,0.000000,99.867080
