kernel-name,dispatch,gpu-id,queue-id,queue-index,tid,grd,wgr,lds,scr,vgpr,sgpr,fbar,sig,time,VALUBusy,performance,LDSInsts,LDSBankConflict,L1MemoryBusy,L1MemoryStalled,L2WriteUnitStalled,L2CacheHit
"_Z16add_scalar_floatiifPfiS_",0,0,0,4,122898,253952,32,0,0,1,1,0,0x0,0.001351,85.510083,10087.313256,0,0.000000,85.210054,19.431973,0.002777,99.754672
"_Z16add_scalar_floatiifPfiS_",1,0,0,6,122898,253952,32,0,0,1,1,0,0x0,0.001356,85.145578,10042.679127,0,0.000000,85.119382,19.361293,0.021657,99.753823
"_Z16add_scalar_floatiifPfiS_",2,0,0,7,122898,253952,32,0,0,1,1,0,0x0,0.001358,85.021427,10027.888730,0,0.000000,85.172655,19.500659,0.084201,99.749490
"_Z16add_scalar_floatiifPfiS_",3,0,0,8,122898,253952,32,0,0,1,1,0,0x0,0.001359,84.975174,10020.509857,0,0.000000,84.837722,19.242161,0.122783,99.749857
"_Z16add_scalar_floatiifPfiS_",4,0,0,9,122898,253952,32,0,0,1,1,0,0x0,0.001357,85.137026,10042.679127,0,0.000000,84.985881,19.380036,0.125781,99.750389
"_Z16add_scalar_floatiifPfiS_",5,0,0,10,122898,253952,32,0,0,1,1,0,0x0,0.001359,84.996047,10027.888730,0,0.000000,84.732032,19.234790,0.080036,99.754051
"_Z16add_scalar_floatiifPfiS_",6,0,0,11,122898,253952,32,0,0,1,1,0,0x0,0.001358,85.041696,10027.888730,0,0.000000,85.478849,19.420891,0.080539,99.754672
"_Z16add_scalar_floatiifPfiS_",7,0,0,12,122898,253952,32,0,0,1,1,0,0x0,0.001360,84.897951,10013.141835,0,0.000000,84.882054,19.348564,0.075349,99.754672
"_Z16add_scalar_floatiifPfiS_",8,0,0,13,122898,253952,32,0,0,1,1,0,0x0,0.001357,85.104481,10035.278479,0,0.000000,85.041453,19.323670,0.084283,99.754672
"_Z16add_scalar_floatiifPfiS_",9,0,0,14,122898,253952,32,0,0,1,1,0,0x0,0.001358,85.046197,10035.278479,0,0.000000,84.769911,19.211748,0.082844,99.754672
"_Z16add_scalar_floatiifPfiS_",10,0,0,15,122898,253952,32,0,0,1,1,0,0x0,0.001357,85.089315,10035.278479,0,0.000000,85.450687,19.494115,0.076900,99.754672
