kernel-name,dispatch,gpu-id,queue-id,queue-index,tid,grd,wgr,lds,scr,vgpr,sgpr,fbar,sig,time,VALUBusy,performance,LDSInsts,LDSBankConflict,L1MemoryBusy,L1MemoryStalled,L2WriteUnitStalled,L2CacheHit
"_Z8SubtractPfS_S_iii",0,0,0,6,62902,1170432,192,0,0,1,1,0,0x0,0.000023,3.523379,469.178182,0,0.000000,3.559219,0.763674,0.000000,97.074045
"_Z8SubtractPfS_S_iii",1,0,0,8,62902,1170432,192,0,0,1,1,0,0x0,0.000026,3.077071,412.876800,0,0.000000,4.023307,0.724725,0.000000,95.614488
"_Z8SubtractPfS_S_iii",2,0,0,9,62902,1170432,192,0,0,1,1,0,0x0,0.000022,3.652994,491.520000,0,0.000000,2.881949,0.667429,0.000000,97.074045
"_Z8SubtractPfS_S_iii",3,0,0,10,62902,1170432,192,0,0,1,1,0,0x0,0.000024,3.350725,448.779130,0,0.000000,4.430272,0.757059,0.000000,95.861462
"_Z8SubtractPfS_S_iii",4,0,0,11,62902,1170432,192,0,0,1,1,0,0x0,0.000023,3.522311,469.178182,0,0.000000,4.651627,0.937767,0.000000,95.968741
"_Z8SubtractPfS_S_iii",5,0,0,12,62902,1170432,192,0,0,1,1,0,0x0,0.000023,3.532089,469.178182,0,0.000000,5.167482,0.941050,0.000000,95.534591
"_Z8SubtractPfS_S_iii",6,0,0,13,62902,1170432,192,0,0,1,1,0,0x0,0.000023,3.498973,469.178182,0,0.000000,5.498289,0.967830,0.000000,95.816517
"_Z8SubtractPfS_S_iii",7,0,0,14,62902,1170432,192,0,0,1,1,0,0x0,0.000023,3.475092,469.178182,0,0.000000,5.717044,1.040080,0.000000,95.863081
"_Z8SubtractPfS_S_iii",8,0,0,15,62902,1170432,192,0,0,1,1,0,0x0,0.000021,3.826004,516.096000,0,0.000000,4.062509,0.922073,0.000000,97.074045
"_Z8SubtractPfS_S_iii",9,0,0,16,62902,1170432,192,0,0,1,1,0,0x0,0.000021,3.853925,516.096000,0,0.000000,3.820753,0.835319,0.000000,97.074045
"_Z8SubtractPfS_S_iii",10,0,0,17,62902,1170432,192,0,0,1,1,0,0x0,0.000021,3.813559,516.096000,0,0.000000,4.009758,0.876552,0.000000,97.074045
