kernel-name,dispatch,gpu-id,queue-id,queue-index,tid,grd,wgr,lds,scr,vgpr,sgpr,fbar,sig,time,VALUBusy,performance,LDSInsts,LDSBankConflict,L1MemoryBusy,L1MemoryStalled,L2WriteUnitStalled,L2CacheHit
"_Z16kMultByRowVectorPfS_S_jj",0,0,0,6,103811,2822400,16,0,0,3,1,0,0x0,0.000447,3.863295,354.611544,0,0.000000,0.479545,0.039982,0.000000,88.615385
"_Z16kMultByRowVectorPfS_S_jj",1,0,0,8,103811,2822400,16,0,0,3,1,0,0x0,0.000453,3.816456,350.688850,0,0.000000,0.474904,0.060800,0.000000,71.820449
"_Z16kMultByRowVectorPfS_S_jj",2,0,0,9,103811,2822400,16,0,0,3,1,0,0x0,0.000447,3.863359,354.611544,0,0.000000,0.480741,0.040368,0.000000,88.615385
"_Z16kMultByRowVectorPfS_S_jj",3,0,0,10,103811,2822400,16,0,0,3,1,0,0x0,0.000451,3.833753,352.247467,0,0.000000,0.477057,0.060001,0.000000,71.820449
"_Z16kMultByRowVectorPfS_S_jj",4,0,0,11,103811,2822400,16,0,0,3,1,0,0x0,0.000451,3.828951,351.466430,0,0.000000,0.476459,0.082683,0.000000,49.230769
"_Z16kMultByRowVectorPfS_S_jj",5,0,0,12,103811,2822400,16,0,0,3,1,0,0x0,0.000449,3.844297,353.031982,0,0.000000,0.478369,0.040168,0.000000,88.343558
"_Z16kMultByRowVectorPfS_S_jj",6,0,0,13,103811,2822400,16,0,0,3,1,0,0x0,0.000451,3.830501,352.247467,0,0.000000,0.476652,0.060296,0.000000,71.820449
"_Z16kMultByRowVectorPfS_S_jj",7,0,0,14,103811,2822400,16,0,0,3,1,0,0x0,0.000447,3.860008,354.611544,0,0.000000,0.480324,0.040333,0.000000,88.615385
"_Z16kMultByRowVectorPfS_S_jj",8,0,0,15,103811,2822400,16,0,0,3,1,0,0x0,0.000447,3.861799,354.611544,0,0.000000,0.480547,0.040351,0.000000,88.615385
"_Z16kMultByRowVectorPfS_S_jj",9,0,0,16,103811,2822400,16,0,0,3,1,0,0x0,0.000447,3.862420,354.611544,0,0.000000,0.479436,0.040113,0.000000,88.615385
"_Z16kMultByRowVectorPfS_S_jj",10,0,0,17,103811,2822400,16,0,0,3,1,0,0x0,0.000447,3.862388,354.611544,0,0.000000,0.480620,0.040357,0.000000,88.615385
