kernel-name,dispatch,gpu-id,queue-id,queue-index,tid,grd,wgr,lds,scr,vgpr,sgpr,fbar,sig,time,VALUBusy,performance,LDSInsts,LDSBankConflict,L1MemoryBusy,L1MemoryStalled,L2WriteUnitStalled,L2CacheHit
"_Z19cuda_standarizationPfii",0,0,0,2,126939,1517824,256,0,0,7,7,0,0x0,0.000028,8.142083,758.912000,0,0.000000,0.000000,0.000000,0.000000,85.185185
"_Z19cuda_standarizationPfii",1,0,0,4,126939,1517824,256,0,0,7,7,0,0x0,0.000032,7.295543,685.468903,0,0.000000,0.000000,0.000000,0.000000,69.433962
"_Z19cuda_standarizationPfii",2,0,0,5,126939,1517824,256,0,0,7,7,0,0x0,0.000029,8.094596,758.912000,0,0.000000,0.000000,0.000000,0.000000,85.185185
"_Z19cuda_standarizationPfii",3,0,0,6,126939,1517824,256,0,0,7,7,0,0x0,0.000030,7.849237,732.742621,0,0.000000,0.000000,0.000000,0.000000,69.433962
"_Z19cuda_standarizationPfii",4,0,0,7,126939,1517824,256,0,0,7,7,0,0x0,0.000030,7.704483,708.317867,0,0.000000,0.000000,0.000000,0.000000,69.433962
"_Z19cuda_standarizationPfii",5,0,0,8,126939,1517824,256,0,0,7,7,0,0x0,0.000030,7.655934,708.317867,0,0.000000,0.000000,0.000000,0.000000,69.433962
"_Z19cuda_standarizationPfii",6,0,0,9,126939,1517824,256,0,0,7,7,0,0x0,0.000030,7.609086,708.317867,0,0.000000,0.000000,0.000000,0.000000,69.433962
"_Z19cuda_standarizationPfii",7,0,0,10,126939,1517824,256,0,0,7,7,0,0x0,0.000031,7.442509,685.468903,0,0.000000,0.000000,0.000000,0.000000,69.433962
"_Z19cuda_standarizationPfii",8,0,0,11,126939,1517824,256,0,0,7,7,0,0x0,0.000030,7.639046,708.317867,0,0.000000,0.000000,0.000000,0.000000,69.433962
"_Z19cuda_standarizationPfii",9,0,0,12,126939,1517824,256,0,0,7,7,0,0x0,0.000029,8.064472,758.912000,0,0.000000,0.000000,0.000000,0.000000,85.185185
"_Z19cuda_standarizationPfii",10,0,0,13,126939,1517824,256,0,0,7,7,0,0x0,0.000029,8.095303,758.912000,0,0.000000,0.000000,0.000000,0.000000,85.185185
