kernel-name,dispatch,gpu-id,queue-id,queue-index,tid,grd,wgr,lds,scr,vgpr,sgpr,fbar,sig,time,VALUBusy,performance,LDSInsts,LDSBankConflict,L1MemoryBusy,L1MemoryStalled,L2WriteUnitStalled,L2CacheHit
"_Z6cal_piPfifii",0,0,0,2,37124,61440,64,0,0,3,1,0,0x0,0.000011,0.233512,26.060800,0,0.000000,0.485394,0.172189,0.000000,83.500000
"_Z6cal_piPfifii",1,0,0,4,37124,61440,64,0,0,3,1,0,0x0,0.000015,0.161353,17.373867,0,0.000000,0.370272,0.107697,0.000000,66.666667
"_Z6cal_piPfifii",2,0,0,5,37124,61440,64,0,0,3,1,0,0x0,0.000010,0.236580,26.060800,0,0.000000,0.541614,0.066197,0.000000,83.500000
"_Z6cal_piPfifii",3,0,0,6,37124,61440,64,0,0,3,1,0,0x0,0.000012,0.201352,21.717333,0,0.000000,0.467182,0.134395,0.000000,66.666667
"_Z6cal_piPfifii",4,0,0,7,37124,61440,64,0,0,3,1,0,0x0,0.000013,0.194935,21.717333,0,0.000000,0.452472,0.130163,0.000000,66.666667
"_Z6cal_piPfifii",5,0,0,8,37124,61440,64,0,0,3,1,0,0x0,0.000013,0.192229,21.717333,0,0.000000,0.465565,0.128305,0.000000,66.666667
"_Z6cal_piPfifii",6,0,0,9,37124,61440,64,0,0,3,1,0,0x0,0.000013,0.184353,20.046769,0,0.000000,0.427741,0.123049,0.000000,66.666667
"_Z6cal_piPfifii",7,0,0,10,37124,61440,64,0,0,3,1,0,0x0,0.000013,0.189178,21.717333,0,0.000000,0.478619,0.126269,0.000000,66.666667
"_Z6cal_piPfifii",8,0,0,11,37124,61440,64,0,0,3,1,0,0x0,0.000013,0.186151,20.046769,0,0.000000,0.470961,0.124249,0.000000,66.666667
"_Z6cal_piPfifii",9,0,0,12,37124,61440,64,0,0,3,1,0,0x0,0.000011,0.225261,26.060800,0,0.000000,0.515700,0.063030,0.000000,83.500000
"_Z6cal_piPfifii",10,0,0,13,37124,61440,64,0,0,3,1,0,0x0,0.000011,0.223532,26.060800,0,0.000000,0.511742,0.062546,0.000000,83.500000
