kernel-name,dispatch,gpu-id,queue-id,queue-index,tid,grd,wgr,lds,scr,vgpr,sgpr,fbar,sig,time,VALUBusy,performance,LDSInsts,LDSBankConflict,L1MemoryBusy,L1MemoryStalled,L2WriteUnitStalled,L2CacheHit
"_Z15NormalizeKernelPKfiiiPf",0,0,0,4,66627,4096576,64,0,0,2,1,0,0x0,0.000167,11.982606,1332.621108,0,0.000000,39.238502,4.378522,0.000000,99.725788
"_Z15NormalizeKernelPKfiiiPf",1,0,0,6,66627,4096576,64,0,0,2,1,0,0x0,0.000170,11.760190,1301.265318,0,0.000000,38.521374,4.301362,0.000000,99.674314
"_Z15NormalizeKernelPKfiiiPf",2,0,0,7,66627,4096576,64,0,0,2,1,0,0x0,0.000166,12.038685,1332.621108,0,0.000000,39.422249,4.394020,0.000000,99.725955
"_Z15NormalizeKernelPKfiiiPf",3,0,0,8,66627,4096576,64,0,0,2,1,0,0x0,0.000168,11.906749,1316.756571,0,0.000000,38.800339,4.372035,0.000000,99.674846
"_Z15NormalizeKernelPKfiiiPf",4,0,0,9,66627,4096576,64,0,0,2,1,0,0x0,0.000168,11.906447,1316.756571,0,0.000000,39.081629,4.353119,0.000000,99.668230
"_Z15NormalizeKernelPKfiiiPf",5,0,0,10,66627,4096576,64,0,0,2,1,0,0x0,0.000168,11.889219,1316.756571,0,0.000000,38.630218,4.349441,0.000000,99.677327
"_Z15NormalizeKernelPKfiiiPf",6,0,0,11,66627,4096576,64,0,0,2,1,0,0x0,0.000168,11.883358,1316.756571,0,0.000000,38.783847,4.342144,0.000000,99.674279
"_Z15NormalizeKernelPKfiiiPf",7,0,0,12,66627,4096576,64,0,0,2,1,0,0x0,0.000168,11.888738,1316.756571,0,0.000000,38.731590,4.345690,0.000000,99.674750
"_Z15NormalizeKernelPKfiiiPf",8,0,0,13,66627,4096576,64,0,0,2,1,0,0x0,0.000166,12.028211,1332.621108,0,0.000000,39.161859,4.390537,0.000000,99.726367
"_Z15NormalizeKernelPKfiiiPf",9,0,0,14,66627,4096576,64,0,0,2,1,0,0x0,0.000166,12.030808,1332.621108,0,0.000000,39.359455,4.377742,0.000000,99.726852
"_Z15NormalizeKernelPKfiiiPf",10,0,0,15,66627,4096576,64,0,0,2,1,0,0x0,0.000166,12.034035,1332.621108,0,0.000000,39.339091,4.382593,0.000000,99.725997
