kernel-name,dispatch,gpu-id,queue-id,queue-index,tid,grd,wgr,lds,scr,vgpr,sgpr,fbar,sig,time,VALUBusy,performance,LDSInsts,LDSBankConflict,L1MemoryBusy,L1MemoryStalled,L2WriteUnitStalled,L2CacheHit
"_Z9kLessThanPfS_S_j",0,0,0,6,46727,253952,128,0,0,2,1,0,0x0,0.000010,3.770611,357.068800,0,0.000000,0.281887,0.025764,0.000000,84.782609
"_Z9kLessThanPfS_S_j",1,0,0,8,46727,253952,128,0,0,2,1,0,0x0,0.000017,2.349297,223.168000,0,0.000000,0.295551,0.087815,0.000000,68.421053
"_Z9kLessThanPfS_S_j",2,0,0,9,46727,253952,128,0,0,2,1,0,0x0,0.000011,3.565696,357.068800,0,0.000000,0.279466,0.127551,0.000000,84.913793
"_Z9kLessThanPfS_S_j",3,0,0,10,46727,253952,128,0,0,2,1,0,0x0,0.000016,2.497390,238.045867,0,0.000000,0.287079,0.091343,0.000000,69.395018
"_Z9kLessThanPfS_S_j",4,0,0,11,46727,253952,128,0,0,2,1,0,0x0,0.000015,2.519851,238.045867,0,0.000000,0.230919,0.087101,0.000000,69.122807
"_Z9kLessThanPfS_S_j",5,0,0,12,46727,253952,128,0,0,2,1,0,0x0,0.000016,2.482439,238.045867,0,0.000000,0.199553,0.093790,0.000000,68.641115
"_Z9kLessThanPfS_S_j",6,0,0,13,46727,253952,128,0,0,2,1,0,0x0,0.000017,2.333346,223.168000,0,0.000000,0.286979,0.088157,0.000000,68.904594
"_Z9kLessThanPfS_S_j",7,0,0,14,46727,253952,128,0,0,2,1,0,0x0,0.000016,2.434538,238.045867,0,0.000000,0.187874,0.084152,0.000000,69.122807
"_Z9kLessThanPfS_S_j",8,0,0,15,46727,253952,128,0,0,2,1,0,0x0,0.000016,2.446122,238.045867,0,0.000000,0.223179,0.092418,0.000000,69.611307
"_Z9kLessThanPfS_S_j",9,0,0,16,46727,253952,128,0,0,2,1,0,0x0,0.000011,3.489873,324.608000,0,0.000000,0.441845,0.144476,0.000000,84.649123
"_Z9kLessThanPfS_S_j",10,0,0,17,46727,253952,128,0,0,2,1,0,0x0,0.000011,3.450571,324.608000,0,0.000000,0.273216,0.126207,0.000000,84.913793
