kernel-name,dispatch,gpu-id,queue-id,queue-index,tid,grd,wgr,lds,scr,vgpr,sgpr,fbar,sig,time,VALUBusy,performance,LDSInsts,LDSBankConflict,L1MemoryBusy,L1MemoryStalled,L2WriteUnitStalled,L2CacheHit
"_Z10filter_roiPhPKhj",0,0,0,4,67856,1576960,256,0,0,0,1,0,0x0,0.000029,8.267008,761.555862,0,0.000000,0.082113,0.014491,0.000000,85.135135
"_Z10filter_roiPhPKhj",1,0,0,6,67856,1576960,256,0,0,0,1,0,0x0,0.000035,6.953661,649.562353,0,0.000000,0.106085,0.038823,0.000000,69.230769
"_Z10filter_roiPhPKhj",2,0,0,7,67856,1576960,256,0,0,0,1,0,0x0,0.000031,7.674707,712.423226,0,0.000000,0.112103,0.045339,0.000000,85.135135
"_Z10filter_roiPhPKhj",3,0,0,8,67856,1576960,256,0,0,0,1,0,0x0,0.000033,7.373885,690.160000,0,0.000000,0.123985,0.042605,0.000000,68.727273
"_Z10filter_roiPhPKhj",4,0,0,9,67856,1576960,256,0,0,0,1,0,0x0,0.000033,7.264823,669.246061,0,0.000000,0.122151,0.044333,0.000000,69.230769
"_Z10filter_roiPhPKhj",5,0,0,10,67856,1576960,256,0,0,0,1,0,0x0,0.000032,7.470151,690.160000,0,0.000000,0.177979,0.048981,0.000000,69.117647
"_Z10filter_roiPhPKhj",6,0,0,11,67856,1576960,256,0,0,0,1,0,0x0,0.000034,7.081403,669.246061,0,0.000000,0.110333,0.043214,0.000000,69.230769
"_Z10filter_roiPhPKhj",7,0,0,12,67856,1576960,256,0,0,0,1,0,0x0,0.000035,6.969266,649.562353,0,0.000000,0.124873,0.040267,0.000000,69.230769
"_Z10filter_roiPhPKhj",8,0,0,13,67856,1576960,256,0,0,0,1,0,0x0,0.000034,7.025720,649.562353,0,0.000000,0.104904,0.042874,0.000000,69.230769
"_Z10filter_roiPhPKhj",9,0,0,14,67856,1576960,256,0,0,0,1,0,0x0,0.000030,8.047432,761.555862,0,0.000000,0.114935,0.044929,0.000000,85.135135
"_Z10filter_roiPhPKhj",10,0,0,15,67856,1576960,256,0,0,0,1,0,0x0,0.000032,7.532691,712.423226,0,0.000000,0.109051,0.043522,0.000000,85.135135
