kernel-name,dispatch,gpu-id,queue-id,queue-index,tid,grd,wgr,lds,scr,vgpr,sgpr,fbar,sig,time,VALUBusy,performance,LDSInsts,LDSBankConflict,L1MemoryBusy,L1MemoryStalled,L2WriteUnitStalled,L2CacheHit
"_Z10multMatrizPfS_S_i",0,0,0,6,89382,57600,16,0,0,12,5,0,0x0,0.000015,0.498148,68.269714,0,0.000000,0.115726,0.011573,0.000000,79.534884
"_Z10multMatrizPfS_S_i",1,0,0,8,89382,57600,16,0,0,12,5,0,0x0,0.000019,0.395097,53.098667,0,0.000000,0.091786,0.078435,0.000000,64.944649
"_Z10multMatrizPfS_S_i",2,0,0,9,89382,57600,16,0,0,12,5,0,0x0,0.000015,0.509403,68.269714,0,0.000000,0.118341,0.098976,0.000000,79.534884
"_Z10multMatrizPfS_S_i",3,0,0,10,89382,57600,16,0,0,12,5,0,0x0,0.000017,0.427887,56.222118,0,0.000000,0.099404,0.069583,0.000000,64.285714
"_Z10multMatrizPfS_S_i",4,0,0,11,89382,57600,16,0,0,12,5,0,0x0,0.000017,0.437648,59.736000,0,0.000000,0.101671,0.084110,0.000000,63.601533
"_Z10multMatrizPfS_S_i",5,0,0,12,89382,57600,16,0,0,12,5,0,0x0,0.000017,0.439500,59.736000,0,0.000000,0.102101,0.072399,0.000000,62.890625
"_Z10multMatrizPfS_S_i",6,0,0,13,89382,57600,16,0,0,12,5,0,0x0,0.000018,0.407698,53.098667,0,0.000000,0.094713,0.067160,0.000000,64.944649
"_Z10multMatrizPfS_S_i",7,0,0,14,89382,57600,16,0,0,12,5,0,0x0,0.000017,0.423146,56.222118,0,0.000000,0.098302,0.082216,0.000000,64.285714
"_Z10multMatrizPfS_S_i",8,0,0,15,89382,57600,16,0,0,12,5,0,0x0,0.000017,0.445287,59.736000,0,0.000000,0.103446,0.075233,0.000000,64.944649
"_Z10multMatrizPfS_S_i",9,0,0,16,89382,57600,16,0,0,12,5,0,0x0,0.000015,0.499283,68.269714,0,0.000000,0.115990,0.097010,0.000000,79.534884
"_Z10multMatrizPfS_S_i",10,0,0,17,89382,57600,16,0,0,12,5,0,0x0,0.000016,0.469630,63.718400,0,0.000000,0.109101,0.085297,0.000000,79.534884
