kernel-name,dispatch,gpu-id,queue-id,queue-index,tid,grd,wgr,lds,scr,vgpr,sgpr,fbar,sig,time,VALUBusy,performance,LDSInsts,LDSBankConflict,L1MemoryBusy,L1MemoryStalled,L2WriteUnitStalled,L2CacheHit
"_Z9vmultbangidPKdS0_Pd",0,0,0,6,104505,4274688,192,0,0,1,1,0,0x0,0.000083,1.573143,206.670651,0,0.000000,0.049028,0.002058,0.000000,85.201794
"_Z9vmultbangidPKdS0_Pd",1,0,0,8,104505,4274688,192,0,0,1,1,0,0x0,0.000089,1.475728,192.737798,0,0.000000,0.263662,0.103218,0.000000,68.864469
"_Z9vmultbangidPKdS0_Pd",2,0,0,9,104505,4274688,192,0,0,1,1,0,0x0,0.000076,1.724999,225.706105,0,0.000000,0.069971,0.018672,0.000000,85.201794
"_Z9vmultbangidPKdS0_Pd",3,0,0,10,104505,4274688,192,0,0,1,1,0,0x0,0.000080,1.645157,217.134987,0,0.000000,0.305479,0.116047,0.000000,68.864469
"_Z9vmultbangidPKdS0_Pd",4,0,0,11,104505,4274688,192,0,0,1,1,0,0x0,0.000072,1.817801,238.245333,0,0.000000,0.283263,0.129306,0.000000,69.090909
"_Z9vmultbangidPKdS0_Pd",5,0,0,12,104505,4274688,192,0,0,1,1,0,0x0,0.000072,1.826109,241.600901,0,0.000000,0.342338,0.134024,0.000000,68.864469
"_Z9vmultbangidPKdS0_Pd",6,0,0,13,104505,4274688,192,0,0,1,1,0,0x0,0.000073,1.793938,234.981699,0,0.000000,0.347830,0.135077,0.000000,68.864469
"_Z9vmultbangidPKdS0_Pd",7,0,0,14,104505,4274688,192,0,0,1,1,0,0x0,0.000076,1.727836,225.706105,0,0.000000,0.235331,0.120440,0.000000,69.090909
"_Z9vmultbangidPKdS0_Pd",8,0,0,15,104505,4274688,192,0,0,1,1,0,0x0,0.000069,1.905929,252.259765,0,0.000000,0.076403,0.020178,0.000000,85.201794
"_Z9vmultbangidPKdS0_Pd",9,0,0,16,104505,4274688,192,0,0,1,1,0,0x0,0.000073,1.800963,238.245333,0,0.000000,0.101544,0.004713,0.000000,85.067873
"_Z9vmultbangidPKdS0_Pd",10,0,0,17,104505,4274688,192,0,0,1,1,0,0x0,0.000073,1.809678,238.245333,0,0.000000,0.102036,0.004736,0.000000,85.067873
