kernel-name,dispatch,gpu-id,queue-id,queue-index,tid,grd,wgr,lds,scr,vgpr,sgpr,fbar,sig,time,VALUBusy,performance,LDSInsts,LDSBankConflict,L1MemoryBusy,L1MemoryStalled,L2WriteUnitStalled,L2CacheHit
"_Z7upscalePfS_liiiiii",0,0,0,4,94074,253952,256,0,0,2,2,0,0x0,0.000013,4.330532,424.864000,0,0.000000,0.111868,0.013673,0.000000,80.859375
"_Z7upscalePfS_liiiiii",1,0,0,6,94074,253952,256,0,0,2,2,0,0x0,0.000018,2.982979,283.242667,0,0.000000,0.077057,0.078770,0.000000,67.647059
"_Z7upscalePfS_liiiiii",2,0,0,7,94074,253952,256,0,0,2,2,0,0x0,0.000011,4.932050,463.488000,0,0.000000,0.127407,0.128822,0.000000,80.859375
"_Z7upscalePfS_liiiiii",3,0,0,8,94074,253952,256,0,0,2,2,0,0x0,0.000016,3.313299,318.648000,0,0.000000,0.085590,0.087492,0.000000,67.647059
"_Z7upscalePfS_liiiiii",4,0,0,9,94074,253952,256,0,0,2,2,0,0x0,0.000015,3.576268,339.891200,0,0.000000,0.092383,0.085198,0.000000,67.647059
"_Z7upscalePfS_liiiiii",5,0,0,10,94074,253952,256,0,0,2,2,0,0x0,0.000015,3.591901,339.891200,0,0.000000,0.092787,0.077323,0.000000,67.647059
"_Z7upscalePfS_liiiiii",6,0,0,11,94074,253952,256,0,0,2,2,0,0x0,0.000016,3.319107,318.648000,0,0.000000,0.085740,0.076214,0.000000,67.647059
"_Z7upscalePfS_liiiiii",7,0,0,12,94074,253952,256,0,0,2,2,0,0x0,0.000018,3.086901,299.904000,0,0.000000,0.079742,0.074426,0.000000,67.647059
"_Z7upscalePfS_liiiiii",8,0,0,13,94074,253952,256,0,0,2,2,0,0x0,0.000016,3.460194,339.891200,0,0.000000,0.089385,0.088392,0.000000,67.647059
"_Z7upscalePfS_liiiiii",9,0,0,14,94074,253952,256,0,0,2,2,0,0x0,0.000012,4.586625,463.488000,0,0.000000,0.118483,0.123749,0.000000,80.859375
"_Z7upscalePfS_liiiiii",10,0,0,15,94074,253952,256,0,0,2,2,0,0x0,0.000013,4.334196,424.864000,0,0.000000,0.111963,0.106986,0.000000,80.859375
