kernel-name,dispatch,gpu-id,queue-id,queue-index,tid,grd,wgr,lds,scr,vgpr,sgpr,fbar,sig,time,VALUBusy,performance,LDSInsts,LDSBankConflict,L1MemoryBusy,L1MemoryStalled,L2WriteUnitStalled,L2CacheHit
"_Z10degreeCalcPiS_S_ii",0,0,0,6,75711,1576960,64,0,0,1,1,0,0x0,0.000067,5.349253,611.954627,0,0.000000,40.421595,4.059875,0.000000,99.394574
"_Z10degreeCalcPiS_S_ii",1,0,0,8,75711,1576960,64,0,0,1,1,0,0x0,0.000073,4.942572,561.656986,0,0.000000,37.708829,4.087785,0.000000,99.151547
"_Z10degreeCalcPiS_S_ii",2,0,0,9,75711,1576960,64,0,0,1,1,0,0x0,0.000067,5.351037,611.954627,0,0.000000,40.462181,4.077907,0.000000,99.392407
"_Z10degreeCalcPiS_S_ii",3,0,0,10,75711,1576960,64,0,0,1,1,0,0x0,0.000071,5.049092,577.478310,0,0.000000,38.424465,4.092825,0.000000,99.158238
"_Z10degreeCalcPiS_S_ii",4,0,0,11,75711,1576960,64,0,0,1,1,0,0x0,0.000072,5.037025,577.478310,0,0.000000,37.998578,4.107465,0.000000,99.145215
"_Z10degreeCalcPiS_S_ii",5,0,0,12,75711,1576960,64,0,0,1,1,0,0x0,0.000072,5.030093,577.478310,0,0.000000,38.102196,4.033220,0.000000,99.139511
"_Z10degreeCalcPiS_S_ii",6,0,0,13,75711,1576960,64,0,0,1,1,0,0x0,0.000072,4.998442,569.457778,0,0.000000,38.422007,4.401226,0.000000,99.154810
"_Z10degreeCalcPiS_S_ii",7,0,0,14,75711,1576960,64,0,0,1,1,0,0x0,0.000072,4.996107,569.457778,0,0.000000,37.614197,3.962929,0.000000,99.134722
"_Z10degreeCalcPiS_S_ii",8,0,0,15,75711,1576960,64,0,0,1,1,0,0x0,0.000068,5.343956,611.954627,0,0.000000,40.348722,4.069041,0.000000,99.394475
"_Z10degreeCalcPiS_S_ii",9,0,0,16,75711,1576960,64,0,0,1,1,0,0x0,0.000068,5.345045,611.954627,0,0.000000,40.353236,4.063391,0.000000,99.392447
"_Z10degreeCalcPiS_S_ii",10,0,0,17,75711,1576960,64,0,0,1,1,0,0x0,0.000067,5.348460,611.954627,0,0.000000,40.495254,4.077333,0.000000,99.390626
