kernel-name,dispatch,gpu-id,queue-id,queue-index,tid,grd,wgr,lds,scr,vgpr,sgpr,fbar,sig,time,VALUBusy,performance,LDSInsts,LDSBankConflict,L1MemoryBusy,L1MemoryStalled,L2WriteUnitStalled,L2CacheHit
"_Z15LowPassRowMultiPfS_iii",0,0,0,4,73257,4112768,16,672,0,2,2,0,0x0,0.000649,6.515432,801.328123,323088,0.000000,17.830023,0.232395,0.000000,94.256788
"_Z15LowPassRowMultiPfS_iii",1,0,0,6,73257,4112768,16,672,0,2,2,0,0x0,0.000653,6.475842,796.419528,323088,0.000000,17.756090,0.343199,0.000000,93.201675
"_Z15LowPassRowMultiPfS_iii",2,0,0,7,73257,4112768,16,672,0,2,2,0,0x0,0.000651,6.503467,800.095311,323088,0.000000,17.873520,0.366011,0.000000,92.574011
"_Z15LowPassRowMultiPfS_iii",3,0,0,8,73257,4112768,16,672,0,2,2,0,0x0,0.000653,6.482148,797.641031,323088,0.000000,17.798725,0.348488,0.000000,92.611684
"_Z15LowPassRowMultiPfS_iii",4,0,0,9,73257,4112768,16,672,0,2,2,0,0x0,0.000652,6.491489,798.866286,323088,0.000000,17.818789,0.360351,0.000000,92.762681
"_Z15LowPassRowMultiPfS_iii",5,0,0,10,73257,4112768,16,672,0,2,2,0,0x0,0.000653,6.477645,796.419528,323088,0.000000,17.803655,0.394671,0.000000,92.553095
"_Z15LowPassRowMultiPfS_iii",6,0,0,11,73257,4112768,16,672,0,2,2,0,0x0,0.000651,6.497612,798.866286,323088,0.000000,17.783704,0.231448,0.000000,94.256788
"_Z15LowPassRowMultiPfS_iii",7,0,0,12,73257,4112768,16,672,0,2,2,0,0x0,0.000650,6.514047,801.328123,323088,0.000000,17.828710,0.232490,0.000000,94.256788
"_Z15LowPassRowMultiPfS_iii",8,0,0,13,73257,4112768,16,672,0,2,2,0,0x0,0.000650,6.514047,801.328123,323088,0.000000,17.838066,0.232154,0.000000,94.256788
"_Z15LowPassRowMultiPfS_iii",9,0,0,14,73257,4112768,16,672,0,2,2,0,0x0,0.000650,6.514166,801.328123,323088,0.000000,17.829781,0.231965,0.000000,94.256788
"_Z15LowPassRowMultiPfS_iii",10,0,0,15,73257,4112768,16,672,0,2,2,0,0x0,0.000650,6.514473,801.328123,323088,0.000000,17.833941,0.232361,0.000000,94.256788
