kernel-name,dispatch,gpu-id,queue-id,queue-index,tid,grd,wgr,lds,scr,vgpr,sgpr,fbar,sig,time,VALUBusy,performance,LDSInsts,LDSBankConflict,L1MemoryBusy,L1MemoryStalled,L2WriteUnitStalled,L2CacheHit
"_Z8_l1reg32idPfS_",0,0,0,4,31104,61440,128,0,0,1,2,0,0x0,0.000122,18.547117,2200.669091,0,0.000000,28.912980,0.000000,0.000000,93.720633
"_Z8_l1reg32idPfS_",1,0,0,6,31104,61440,128,0,0,1,2,0,0x0,0.000126,17.945701,2130.247680,0,0.000000,28.570152,0.000000,0.000000,93.609055
"_Z8_l1reg32idPfS_",2,0,0,7,31104,61440,128,0,0,1,2,0,0x0,0.000122,18.455742,2182.630820,0,0.000000,30.168884,0.000000,0.000000,93.720633
"_Z8_l1reg32idPfS_",3,0,0,8,31104,61440,128,0,0,1,2,0,0x0,0.000124,18.224165,2164.885854,0,0.000000,28.812959,0.000000,0.000000,93.604210
"_Z8_l1reg32idPfS_",4,0,0,9,31104,61440,128,0,0,1,2,0,0x0,0.000125,18.121936,2147.427097,0,0.000000,28.486029,0.000000,0.000000,93.604210
"_Z8_l1reg32idPfS_",5,0,0,10,31104,61440,128,0,0,1,2,0,0x0,0.000125,18.012138,2130.247680,0,0.000000,28.362639,0.000000,0.000000,93.607440
"_Z8_l1reg32idPfS_",6,0,0,11,31104,61440,128,0,0,1,2,0,0x0,0.000128,17.676138,2096.700472,0,0.000000,28.620063,0.000000,0.000000,93.612285
"_Z8_l1reg32idPfS_",7,0,0,12,31104,61440,128,0,0,1,2,0,0x0,0.000128,17.609236,2080.320000,0,0.000000,27.643334,0.000000,0.000000,93.605825
"_Z8_l1reg32idPfS_",8,0,0,13,31104,61440,128,0,0,1,2,0,0x0,0.000127,17.805601,2113.340952,0,0.000000,29.497084,0.000000,0.000000,93.720633
"_Z8_l1reg32idPfS_",9,0,0,14,31104,61440,128,0,0,1,2,0,0x0,0.000126,17.947929,2130.247680,0,0.000000,29.360254,0.000000,0.000000,93.720633
"_Z8_l1reg32idPfS_",10,0,0,15,31104,61440,128,0,0,1,2,0,0x0,0.000126,17.867204,2113.340952,0,0.000000,29.152704,0.000000,0.000000,93.720633
