kernel-name,dispatch,gpu-id,queue-id,queue-index,tid,grd,wgr,lds,scr,vgpr,sgpr,fbar,sig,time,VALUBusy,performance,LDSInsts,LDSBankConflict,L1MemoryBusy,L1MemoryStalled,L2WriteUnitStalled,L2CacheHit
"_Z19weighted_sum_kerneliPfS_S_S_",0,0,0,8,51330,61440,128,0,0,1,1,0,0x0,0.000217,0.129575,14.156682,0,0.000000,50.057157,49.437358,0.000000,94.326241
"_Z19weighted_sum_kerneliPfS_S_S_",1,0,0,10,51330,61440,128,0,0,1,1,0,0x0,0.033342,0.000844,0.092136,0,0.000000,100.000000,99.625030,0.000000,92.981237
"_Z19weighted_sum_kerneliPfS_S_S_",2,0,0,11,51330,61440,128,0,0,1,1,0,0x0,0.036946,0.000761,0.083148,0,0.000000,100.000000,99.622927,0.000000,94.815825
"_Z19weighted_sum_kerneliPfS_S_S_",3,0,0,12,51330,61440,128,0,0,1,1,0,0x0,0.014989,0.001876,0.204964,0,0.000000,89.167092,88.772383,0.000000,94.826413
"_Z19weighted_sum_kerneliPfS_S_S_",4,0,0,13,51330,61440,128,0,0,1,1,0,0x0,0.000136,0.206625,22.588235,0,0.000000,75.056592,74.368072,0.000000,94.349442
"_Z19weighted_sum_kerneliPfS_S_S_",5,0,0,14,51330,61440,128,0,0,1,1,0,0x0,0.000026,1.096064,122.880000,0,0.000000,74.870908,73.601910,0.000000,94.251135
"_Z19weighted_sum_kerneliPfS_S_S_",6,0,0,15,51330,61440,128,0,0,1,1,0,0x0,0.032431,0.000867,0.094724,0,0.000000,100.000000,99.621845,0.000000,94.709363
"_Z19weighted_sum_kerneliPfS_S_S_",7,0,0,16,51330,61440,128,0,0,1,1,0,0x0,0.038690,0.000727,0.079402,0,0.000000,100.000000,99.626859,0.000000,94.681596
"_Z19weighted_sum_kerneliPfS_S_S_",8,0,0,17,51330,61440,128,0,0,1,1,0,0x0,0.016855,0.001669,0.182260,0,0.000000,91.915746,91.539266,0.000000,94.756813
"_Z19weighted_sum_kerneliPfS_S_S_",9,0,0,18,51330,61440,128,0,0,1,1,0,0x0,0.000089,0.316091,34.909091,0,0.000000,75.143119,74.320228,0.000000,94.319880
"_Z19weighted_sum_kerneliPfS_S_S_",10,0,0,19,51330,61440,128,0,0,1,1,0,0x0,0.000013,2.143878,236.307692,0,0.000000,27.611958,24.380657,0.000000,94.196258
