kernel-name,dispatch,gpu-id,queue-id,queue-index,tid,grd,wgr,lds,scr,vgpr,sgpr,fbar,sig,time,VALUBusy,performance,LDSInsts,LDSBankConflict,L1MemoryBusy,L1MemoryStalled,L2WriteUnitStalled,L2CacheHit
"_Z19weighted_sum_kerneliPfS_S_S_",0,0,0,8,53965,1032256,64,0,0,1,1,0,0x0,0.000047,10.026216,1098.144681,0,0.000000,49.202329,3.826568,0.000000,50.114317
"_Z19weighted_sum_kerneliPfS_S_S_",1,0,0,10,53965,1032256,64,0,0,1,1,0,0x0,0.000051,9.240255,1012.015686,0,0.000000,46.558341,3.578849,0.000000,49.907692
"_Z19weighted_sum_kerneliPfS_S_S_",2,0,0,11,53965,1032256,64,0,0,1,1,0,0x0,0.000047,10.004458,1098.144681,0,0.000000,49.495508,3.850022,0.000000,50.114317
"_Z19weighted_sum_kerneliPfS_S_S_",3,0,0,12,53965,1032256,64,0,0,1,1,0,0x0,0.000049,9.644316,1075.266667,0,0.000000,47.692396,3.724185,0.000000,49.908460
"_Z19weighted_sum_kerneliPfS_S_S_",4,0,0,13,53965,1032256,64,0,0,1,1,0,0x0,0.000049,9.631293,1053.322449,0,0.000000,48.137556,3.715652,0.000000,49.907692
"_Z19weighted_sum_kerneliPfS_S_S_",5,0,0,14,53965,1032256,64,0,0,1,1,0,0x0,0.000049,9.625898,1053.322449,0,0.000000,48.178068,3.718027,0.000000,49.903086
"_Z19weighted_sum_kerneliPfS_S_S_",6,0,0,15,53965,1032256,64,0,0,1,1,0,0x0,0.000049,9.581979,1053.322449,0,0.000000,49.494949,3.708351,0.000000,49.911532
"_Z19weighted_sum_kerneliPfS_S_S_",7,0,0,16,53965,1032256,64,0,0,1,1,0,0x0,0.000049,9.572273,1053.322449,0,0.000000,49.295735,3.691617,0.000000,49.907692
"_Z19weighted_sum_kerneliPfS_S_S_",8,0,0,17,53965,1032256,64,0,0,1,1,0,0x0,0.000047,9.998901,1098.144681,0,0.000000,51.016029,3.829368,0.000000,50.114317
"_Z19weighted_sum_kerneliPfS_S_S_",9,0,0,18,53965,1032256,64,0,0,1,1,0,0x0,0.000047,10.000488,1098.144681,0,0.000000,50.367720,3.837582,0.000000,50.114317
"_Z19weighted_sum_kerneliPfS_S_S_",10,0,0,19,53965,1032256,64,0,0,1,1,0,0x0,0.000047,9.981476,1098.144681,0,0.000000,50.540630,3.831276,0.000000,50.114317
