kernel-name,dispatch,gpu-id,queue-id,queue-index,tid,grd,wgr,lds,scr,vgpr,sgpr,fbar,sig,time,VALUBusy,performance,LDSInsts,LDSBankConflict,L1MemoryBusy,L1MemoryStalled,L2WriteUnitStalled,L2CacheHit
"_Z24ForwardWarpKernel_PSF2x2PKfS0_S0_iiiifPfS1_",0,0,0,10,105576,652288,64,0,0,3,2,0,0x0,0.000031,1.286218,168.621419,0,0.000000,0.167268,0.011084,0.000000,78.151261
"_Z24ForwardWarpKernel_PSF2x2PKfS0_S0_iiiifPfS1_",1,0,0,12,105576,652288,64,0,0,3,2,0,0x0,0.000035,1.136984,149.350400,0,0.000000,0.177254,0.039192,0.000000,63.917526
"_Z24ForwardWarpKernel_PSF2x2PKfS0_S0_iiiifPfS1_",2,0,0,13,105576,652288,64,0,0,3,2,0,0x0,0.000031,1.288399,174.242133,0,0.000000,0.199346,0.042897,0.000000,78.151261
"_Z24ForwardWarpKernel_PSF2x2PKfS0_S0_iiiifPfS1_",3,0,0,14,105576,652288,64,0,0,3,2,0,0x0,0.000033,1.215337,163.352000,0,0.000000,0.194706,0.047129,0.000000,63.917526
"_Z24ForwardWarpKernel_PSF2x2PKfS0_S0_iiiifPfS1_",4,0,0,15,105576,652288,64,0,0,3,2,0,0x0,0.000033,1.217192,163.352000,0,0.000000,0.193573,0.045771,0.000000,63.917526
"_Z24ForwardWarpKernel_PSF2x2PKfS0_S0_iiiifPfS1_",5,0,0,16,105576,652288,64,0,0,3,2,0,0x0,0.000033,1.211439,163.352000,0,0.000000,0.191235,0.044131,0.000000,63.917526
"_Z24ForwardWarpKernel_PSF2x2PKfS0_S0_iiiifPfS1_",6,0,0,17,105576,652288,64,0,0,3,2,0,0x0,0.000033,1.205991,158.401939,0,0.000000,0.188957,0.042515,0.000000,63.917526
"_Z24ForwardWarpKernel_PSF2x2PKfS0_S0_iiiifPfS1_",7,0,0,18,105576,652288,64,0,0,3,2,0,0x0,0.000033,1.205444,158.401939,0,0.000000,0.189816,0.043440,0.000000,63.917526
"_Z24ForwardWarpKernel_PSF2x2PKfS0_S0_iiiifPfS1_",8,0,0,19,105576,652288,64,0,0,3,2,0,0x0,0.000033,1.205194,158.401939,0,0.000000,0.188360,0.042015,0.000000,63.917526
"_Z24ForwardWarpKernel_PSF2x2PKfS0_S0_iiiifPfS1_",9,0,0,20,105576,652288,64,0,0,3,2,0,0x0,0.000031,1.283347,168.621419,0,0.000000,0.199067,0.043232,0.000000,78.151261
"_Z24ForwardWarpKernel_PSF2x2PKfS0_S0_iiiifPfS1_",10,0,0,21,105576,652288,64,0,0,3,2,0,0x0,0.000031,1.283218,168.621419,0,0.000000,0.206587,0.050767,0.000000,78.151261
