kernel-name,dispatch,gpu-id,queue-id,queue-index,tid,grd,wgr,lds,scr,vgpr,sgpr,fbar,sig,time,VALUBusy,performance,LDSInsts,LDSBankConflict,L1MemoryBusy,L1MemoryStalled,L2WriteUnitStalled,L2CacheHit
"_Z26fast_variance_delta_kernelPfS_S_S_iiiS_",0,0,0,10,25534,752640,192,2048,0,4,4,0,0x0,0.000171,53.180884,6769.358596,1540560,0.000000,14.650874,2.236442,0.000000,99.140692
"_Z26fast_variance_delta_kernelPfS_S_S_iiiS_",1,0,0,12,25534,752640,192,2048,0,4,4,0,0x0,0.000172,52.970809,6730.001860,1540560,0.000000,15.288367,2.341157,0.000000,98.654626
"_Z26fast_variance_delta_kernelPfS_S_S_iiiS_",2,0,0,13,25534,752640,192,2048,0,4,4,0,0x0,0.000171,53.232886,6769.358596,1540560,0.000000,14.736166,2.214548,0.000000,99.140454
"_Z26fast_variance_delta_kernelPfS_S_S_iiiS_",3,0,0,14,25534,752640,192,2048,0,4,4,0,0x0,0.000172,53.044571,6769.358596,1540560,0.000000,15.446451,2.382956,0.000000,98.652489
"_Z26fast_variance_delta_kernelPfS_S_S_iiiS_",4,0,0,15,25534,752640,192,2048,0,4,4,0,0x0,0.000147,62.083250,7928.495342,1540560,0.000000,17.900942,2.763263,0.000000,98.648091
"_Z26fast_variance_delta_kernelPfS_S_S_iiiS_",5,0,0,16,25534,752640,192,2048,0,4,4,0,0x0,0.000174,52.550111,6691.100116,1540560,0.000000,15.296072,2.354980,0.000000,98.668195
"_Z26fast_variance_delta_kernelPfS_S_S_iiiS_",6,0,0,17,25534,752640,192,2048,0,4,4,0,0x0,0.000173,52.635614,6691.100116,1540560,0.000000,15.382201,2.330131,0.000000,98.652303
"_Z26fast_variance_delta_kernelPfS_S_S_iiiS_",7,0,0,18,25534,752640,192,2048,0,4,4,0,0x0,0.000148,61.680625,7874.560000,1540560,0.000000,17.924468,2.765318,0.000000,98.645459
"_Z26fast_variance_delta_kernelPfS_S_S_iiiS_",8,0,0,19,25534,752640,192,2048,0,4,4,0,0x0,0.000169,53.920282,6849.469349,1540560,0.000000,14.810592,2.243976,0.000000,99.140731
"_Z26fast_variance_delta_kernelPfS_S_S_iiiS_",9,0,0,20,25534,752640,192,2048,0,4,4,0,0x0,0.000146,62.457993,7983.174621,1540560,0.000000,17.276952,2.618871,0.000000,99.140692
"_Z26fast_variance_delta_kernelPfS_S_S_iiiS_",10,0,0,21,25534,752640,192,2048,0,4,4,0,0x0,0.000169,53.966953,6890.240000,1540560,0.000000,14.949084,2.248692,0.000000,99.140573
