kernel-name,dispatch,gpu-id,queue-id,queue-index,tid,grd,wgr,lds,scr,vgpr,sgpr,fbar,sig,time,VALUBusy,performance,LDSInsts,LDSBankConflict,L1MemoryBusy,L1MemoryStalled,L2WriteUnitStalled,L2CacheHit
"_Z20AccuracyDivideKerneliPf",0,0,0,2,87014,1517824,256,0,0,1,0,0,0x0,0.000024,15.359308,1644.309333,0,0.000000,18.666779,3.361225,0.000000,99.974853
"_Z20AccuracyDivideKerneliPf",1,0,0,4,87014,1517824,256,0,0,1,0,0,0x0,0.000029,12.623488,1360.807724,0,0.000000,15.353006,2.869507,0.000000,99.669912
"_Z20AccuracyDivideKerneliPf",2,0,0,5,87014,1517824,256,0,0,1,0,0,0x0,0.000024,15.411609,1644.309333,0,0.000000,18.768033,3.362273,0.000000,99.974853
"_Z20AccuracyDivideKerneliPf",3,0,0,6,87014,1517824,256,0,0,1,0,0,0x0,0.000027,13.690627,1461.608296,0,0.000000,16.575842,3.123052,0.000000,99.669912
"_Z20AccuracyDivideKerneliPf",4,0,0,7,87014,1517824,256,0,0,1,0,0,0x0,0.000027,13.771718,1517.824000,0,0.000000,16.683894,3.091610,0.000000,99.669912
"_Z20AccuracyDivideKerneliPf",5,0,0,8,87014,1517824,256,0,0,1,0,0,0x0,0.000027,13.536839,1461.608296,0,0.000000,16.488961,3.109089,0.000000,99.669912
"_Z20AccuracyDivideKerneliPf",6,0,0,9,87014,1517824,256,0,0,1,0,0,0x0,0.000028,13.366549,1461.608296,0,0.000000,16.300133,3.049688,0.000000,99.669912
"_Z20AccuracyDivideKerneliPf",7,0,0,10,87014,1517824,256,0,0,1,0,0,0x0,0.000028,13.473775,1461.608296,0,0.000000,16.327493,3.070175,0.000000,99.669912
"_Z20AccuracyDivideKerneliPf",8,0,0,11,87014,1517824,256,0,0,1,0,0,0x0,0.000027,13.480821,1461.608296,0,0.000000,16.321821,3.024033,0.000000,99.669912
"_Z20AccuracyDivideKerneliPf",9,0,0,12,87014,1517824,256,0,0,1,0,0,0x0,0.000024,15.268335,1644.309333,0,0.000000,18.643773,3.488746,0.000000,99.974853
"_Z20AccuracyDivideKerneliPf",10,0,0,13,87014,1517824,256,0,0,1,0,0,0x0,0.000024,15.372449,1644.309333,0,0.000000,18.733309,3.392621,0.000000,99.974853
