kernel-name,dispatch,gpu-id,queue-id,queue-index,tid,grd,wgr,lds,scr,vgpr,sgpr,fbar,sig,time,VALUBusy,performance,LDSInsts,LDSBankConflict,L1MemoryBusy,L1MemoryStalled,L2WriteUnitStalled,L2CacheHit
"_Z17__word2vecEvalNegiiPiS_PfS0_S0_",0,0,0,10,36047,4096576,64,0,0,0,0,0,0x0,0.000166,0.000000,0.000000,0,0.000000,0.000000,0.000000,0.000000,95.833333
"_Z17__word2vecEvalNegiiPiS_PfS0_S0_",1,0,0,12,36047,4096576,64,0,0,0,0,0,0x0,0.000170,0.000000,0.000000,0,0.000000,0.000000,0.000000,0.000000,94.520548
"_Z17__word2vecEvalNegiiPiS_PfS0_S0_",2,0,0,13,36047,4096576,64,0,0,0,0,0,0x0,0.000166,0.000000,0.000000,0,0.000000,0.000000,0.000000,0.000000,95.833333
"_Z17__word2vecEvalNegiiPiS_PfS0_S0_",3,0,0,14,36047,4096576,64,0,0,0,0,0,0x0,0.000167,0.000000,0.000000,0,0.000000,0.000000,0.000000,0.000000,94.520548
"_Z17__word2vecEvalNegiiPiS_PfS0_S0_",4,0,0,15,36047,4096576,64,0,0,0,0,0,0x0,0.000168,0.000000,0.000000,0,0.000000,0.000000,0.000000,0.000000,94.520548
"_Z17__word2vecEvalNegiiPiS_PfS0_S0_",5,0,0,16,36047,4096576,64,0,0,0,0,0,0x0,0.000168,0.000000,0.000000,0,0.000000,0.000000,0.000000,0.000000,94.520548
"_Z17__word2vecEvalNegiiPiS_PfS0_S0_",6,0,0,17,36047,4096576,64,0,0,0,0,0,0x0,0.000168,0.000000,0.000000,0,0.000000,0.000000,0.000000,0.000000,94.520548
"_Z17__word2vecEvalNegiiPiS_PfS0_S0_",7,0,0,18,36047,4096576,64,0,0,0,0,0,0x0,0.000168,0.000000,0.000000,0,0.000000,0.000000,0.000000,0.000000,94.520548
"_Z17__word2vecEvalNegiiPiS_PfS0_S0_",8,0,0,19,36047,4096576,64,0,0,0,0,0,0x0,0.000166,0.000000,0.000000,0,0.000000,0.000000,0.000000,0.000000,95.833333
"_Z17__word2vecEvalNegiiPiS_PfS0_S0_",9,0,0,20,36047,4096576,64,0,0,0,0,0,0x0,0.000166,0.000000,0.000000,0,0.000000,0.000000,0.000000,0.000000,95.833333
"_Z17__word2vecEvalNegiiPiS_PfS0_S0_",10,0,0,21,36047,4096576,64,0,0,0,0,0,0x0,0.000166,0.000000,0.000000,0,0.000000,0.000000,0.000000,0.000000,95.833333
