kernel-name,dispatch,gpu-id,queue-id,queue-index,tid,grd,wgr,lds,scr,vgpr,sgpr,fbar,sig,time,VALUBusy,performance,LDSInsts,LDSBankConflict,L1MemoryBusy,L1MemoryStalled,L2WriteUnitStalled,L2CacheHit
"_Z8setValuePfif",0,0,0,2,3166,752640,192,0,0,0,0,0,0x0,0.000017,2.041969,282.240000,0,0.000000,16.473737,3.341236,0.000000,99.949495
"_Z8setValuePfif",1,0,0,4,3166,752640,192,0,0,0,0,0,0x0,0.000022,1.577253,215.040000,0,0.000000,14.728898,5.248927,0.000000,99.040787
"_Z8setValuePfif",2,0,0,5,3166,752640,192,0,0,0,0,0,0x0,0.000016,2.144942,282.240000,0,0.000000,17.074903,3.512646,0.000000,99.949495
"_Z8setValuePfif",3,0,0,6,3166,752640,192,0,0,0,0,0,0x0,0.000018,1.890497,250.880000,0,0.000000,17.548613,6.371961,0.000000,99.040787
"_Z8setValuePfif",4,0,0,7,3166,752640,192,0,0,0,0,0,0x0,0.000019,1.821652,250.880000,0,0.000000,16.940121,6.014342,0.000000,99.040787
"_Z8setValuePfif",5,0,0,8,3166,752640,192,0,0,0,0,0,0x0,0.000018,1.876213,250.880000,0,0.000000,17.591301,6.226813,0.000000,99.040787
"_Z8setValuePfif",6,0,0,9,3166,752640,192,0,0,0,0,0,0x0,0.000020,1.756300,237.675789,0,0.000000,16.697996,6.205595,0.000000,99.040787
"_Z8setValuePfif",7,0,0,10,3166,752640,192,0,0,0,0,0,0x0,0.000019,1.844201,250.880000,0,0.000000,17.136429,6.067044,0.000000,99.040787
"_Z8setValuePfif",8,0,0,11,3166,752640,192,0,0,0,0,0,0x0,0.000019,1.773763,237.675789,0,0.000000,16.622691,5.972070,0.000000,99.040787
"_Z8setValuePfif",9,0,0,12,3166,752640,192,0,0,0,0,0,0x0,0.000015,2.238124,301.056000,0,0.000000,17.202598,3.228786,0.000000,99.949495
"_Z8setValuePfif",10,0,0,13,3166,752640,192,0,0,0,0,0,0x0,0.000016,2.212523,301.056000,0,0.000000,17.114188,3.178808,0.000000,99.949495
