kernel-name,dispatch,gpu-id,queue-id,queue-index,tid,grd,wgr,lds,scr,vgpr,sgpr,fbar,sig,time,VALUBusy,performance,LDSInsts,LDSBankConflict,L1MemoryBusy,L1MemoryStalled,L2WriteUnitStalled,L2CacheHit
"_Z8setValuePfif",0,0,0,2,3455,1040384,16,0,0,0,0,0,0x0,0.000168,1.130950,148.626286,0,0.000000,19.620382,4.413227,0.000000,99.990790
"_Z8setValuePfif",1,0,0,4,3455,1040384,16,0,0,0,0,0,0x0,0.000173,1.100274,144.330728,0,0.000000,19.376981,4.701251,0.000000,99.823763
"_Z8setValuePfif",2,0,0,5,3455,1040384,16,0,0,0,0,0,0x0,0.000168,1.131475,148.626286,0,0.000000,19.643222,4.420658,0.000000,99.990790
"_Z8setValuePfif",3,0,0,6,3455,1040384,16,0,0,0,0,0,0x0,0.000170,1.118770,146.877741,0,0.000000,19.636932,4.724308,0.000000,99.823763
"_Z8setValuePfif",4,0,0,7,3455,1040384,16,0,0,0,0,0,0x0,0.000171,1.113811,146.018807,0,0.000000,19.555462,4.689207,0.000000,99.823763
"_Z8setValuePfif",5,0,0,8,3455,1040384,16,0,0,0,0,0,0x0,0.000171,1.116185,146.877741,0,0.000000,19.608127,4.721814,0.000000,99.823763
"_Z8setValuePfif",6,0,0,9,3455,1040384,16,0,0,0,0,0,0x0,0.000171,1.111067,146.018807,0,0.000000,19.514200,4.697154,0.000000,99.823763
"_Z8setValuePfif",7,0,0,10,3455,1040384,16,0,0,0,0,0,0x0,0.000171,1.115389,146.877741,0,0.000000,19.596147,4.724757,0.000000,99.823763
"_Z8setValuePfif",8,0,0,11,3455,1040384,16,0,0,0,0,0,0x0,0.000169,1.124532,147.746840,0,0.000000,19.505084,4.388277,0.000000,99.990790
"_Z8setValuePfif",9,0,0,12,3455,1040384,16,0,0,0,0,0,0x0,0.000168,1.130719,148.626286,0,0.000000,19.622593,4.414367,0.000000,99.990790
"_Z8setValuePfif",10,0,0,13,3455,1040384,16,0,0,0,0,0,0x0,0.000169,1.129789,148.626286,0,0.000000,19.601905,4.411105,0.000000,99.990790
