kernel-name,dispatch,gpu-id,queue-id,queue-index,tid,grd,wgr,lds,scr,vgpr,sgpr,fbar,sig,time,VALUBusy,performance,LDSInsts,LDSBankConflict,L1MemoryBusy,L1MemoryStalled,L2WriteUnitStalled,L2CacheHit
"_Z19ComputeOrientationsPfPiS_iii",0,0,0,6,87898,1576960,256,2688,0,11,2,0,0x0,0.000127,73.974829,9511.822222,1059520,0.000000,7.743858,1.997120,0.000000,99.587209
"_Z19ComputeOrientationsPfPiS_iii",1,0,0,8,87898,1576960,256,2688,0,11,2,0,0x0,0.000131,71.355742,9148.775573,1059520,0.000000,7.790576,2.359864,0.000000,99.290901
"_Z19ComputeOrientationsPfPiS_iii",2,0,0,9,87898,1576960,256,2688,0,11,2,0,0x0,0.000125,74.717375,9587.916800,1059520,0.000000,7.756733,2.020535,0.000000,99.587107
"_Z19ComputeOrientationsPfPiS_iii",3,0,0,10,87898,1576960,256,2688,0,11,2,0,0x0,0.000129,72.765744,9363.200000,1059520,0.000000,7.991284,2.449373,0.000000,99.290713
"_Z19ComputeOrientationsPfPiS_iii",4,0,0,11,87898,1576960,256,2688,0,11,2,0,0x0,0.000129,72.711339,9363.200000,1059520,0.000000,7.970379,2.471695,0.000000,99.290565
"_Z19ComputeOrientationsPfPiS_iii",5,0,0,12,87898,1576960,256,2688,0,11,2,0,0x0,0.000129,72.622488,9363.200000,1059520,0.000000,7.945608,2.430003,0.000000,99.290928
"_Z19ComputeOrientationsPfPiS_iii",6,0,0,13,87898,1576960,256,2688,0,11,2,0,0x0,0.000129,72.334866,9290.617054,1059520,0.000000,8.086928,2.558273,0.000000,99.290915
"_Z19ComputeOrientationsPfPiS_iii",7,0,0,14,87898,1576960,256,2688,0,11,2,0,0x0,0.000130,72.266454,9290.617054,1059520,0.000000,7.911118,2.490349,0.000000,99.290847
"_Z19ComputeOrientationsPfPiS_iii",8,0,0,15,87898,1576960,256,2688,0,11,2,0,0x0,0.000126,74.126778,9511.822222,1059520,0.000000,7.741822,2.041066,0.000000,99.587272
"_Z19ComputeOrientationsPfPiS_iii",9,0,0,16,87898,1576960,256,2688,0,11,2,0,0x0,0.000126,74.199126,9511.822222,1059520,0.000000,7.726712,2.064858,0.000000,99.587350
"_Z19ComputeOrientationsPfPiS_iii",10,0,0,17,87898,1576960,256,2688,0,11,2,0,0x0,0.000126,74.283404,9511.822222,1059520,0.000000,7.804804,2.004707,0.000000,99.587303
