kernel-name,dispatch,gpu-id,queue-id,queue-index,tid,grd,wgr,lds,scr,vgpr,sgpr,fbar,sig,time,VALUBusy,performance,LDSInsts,LDSBankConflict,L1MemoryBusy,L1MemoryStalled,L2WriteUnitStalled,L2CacheHit
"_Z13getRestrictediiiiPfiS_iS_iS_iS_i",0,0,0,10,88611,61440,128,0,0,11,8,0,0x0,2.276366,0.081915,10.736253,0,0.000000,1.225974,0.195914,0.000000,97.662553
"_Z13getRestrictediiiiPfiS_iS_iS_iS_i",1,0,0,12,88611,61440,128,0,0,11,8,0,0x0,2.274813,0.081971,10.743583,0,0.000000,1.393878,0.185659,0.000000,97.667815
"_Z13getRestrictediiiiPfiS_iS_iS_iS_i",2,0,0,13,88611,61440,128,0,0,11,8,0,0x0,2.278026,0.081855,10.728430,0,0.000000,1.284726,0.191975,0.000000,97.663972
"_Z13getRestrictediiiiPfiS_iS_iS_iS_i",3,0,0,14,88611,61440,128,0,0,11,8,0,0x0,2.279050,0.081818,10.723614,0,0.000000,1.348651,0.180924,0.000000,97.669655
"_Z13getRestrictediiiiPfiS_iS_iS_iS_i",4,0,0,15,88611,61440,128,0,0,11,8,0,0x0,2.278991,0.081821,10.723892,0,0.000000,1.368727,0.204900,0.000000,97.662353
"_Z13getRestrictediiiiPfiS_iS_iS_iS_i",5,0,0,16,88611,61440,128,0,0,11,8,0,0x0,2.277569,0.081872,10.730583,0,0.000000,1.399820,0.169048,0.000000,97.664055
"_Z13getRestrictediiiiPfiS_iS_iS_iS_i",6,0,0,17,88611,61440,128,0,0,11,8,0,0x0,2.278431,0.081841,10.726528,0,0.000000,1.437742,0.176754,0.000000,97.666285
"_Z13getRestrictediiiiPfiS_iS_iS_iS_i",7,0,0,18,88611,61440,128,0,0,11,8,0,0x0,2.277454,0.081876,10.731124,0,0.000000,1.390036,0.165815,0.000000,97.672367
"_Z13getRestrictediiiiPfiS_iS_iS_iS_i",8,0,0,19,88611,61440,128,0,0,11,8,0,0x0,2.277750,0.081865,10.729730,0,0.000000,1.280900,0.184123,0.000000,97.666459
"_Z13getRestrictediiiiPfiS_iS_iS_iS_i",9,0,0,20,88611,61440,128,0,0,11,8,0,0x0,2.276093,0.081925,10.737546,0,0.000000,1.392652,0.161792,0.000000,97.674508
"_Z13getRestrictediiiiPfiS_iS_iS_iS_i",10,0,0,21,88611,61440,128,0,0,11,8,0,0x0,