kernel-name,dispatch,gpu-id,queue-id,queue-index,tid,grd,wgr,lds,scr,vgpr,sgpr,fbar,sig,time,VALUBusy,performance,LDSInsts,LDSBankConflict,L1MemoryBusy,L1MemoryStalled,L2WriteUnitStalled,L2CacheHit
"_Z16get_dists_kernelPKiS0_S0_PbPiS2_i",0,0,0,12,88423,57600,16,0,0,3,2,0,0x0,0.000014,0.497601,66.514286,0,0.000000,0.658816,0.000000,0.000000,82.989691
"_Z16get_dists_kernelPKiS0_S0_PbPiS2_i",1,0,0,14,88423,57600,16,0,0,3,2,0,0x0,0.000018,0.390075,51.733333,0,0.000000,0.265090,0.000000,0.000000,66.260163
"_Z16get_dists_kernelPKiS0_S0_PbPiS2_i",2,0,0,15,88423,57600,16,0,0,3,2,0,0x0,0.000014,0.493689,66.514286,0,0.000000,0.460369,0.000000,0.000000,82.989691
"_Z16get_dists_kernelPKiS0_S0_PbPiS2_i",3,0,0,16,88423,57600,16,0,0,3,2,0,0x0,0.000016,0.438481,58.200000,0,0.000000,0.337525,0.000000,0.000000,65.991903
"_Z16get_dists_kernelPKiS0_S0_PbPiS2_i",4,0,0,17,88423,57600,16,0,0,3,2,0,0x0,0.000016,0.440452,58.200000,0,0.000000,0.244110,0.000000,0.000000,66.260163
"_Z16get_dists_kernelPKiS0_S0_PbPiS2_i",5,0,0,18,88423,57600,16,0,0,3,2,0,0x0,0.000016,0.435008,58.200000,0,0.000000,0.181776,0.000000,0.000000,66.129032
"_Z16get_dists_kernelPKiS0_S0_PbPiS2_i",6,0,0,19,88423,57600,16,0,0,3,2,0,0x0,0.000017,0.427499,58.200000,0,0.000000,0.310267,0.000000,0.000000,66.260163
"_Z16get_dists_kernelPKiS0_S0_PbPiS2_i",7,0,0,20,88423,57600,16,0,0,3,2,0,0x0,0.000017,0.420991,58.200000,0,0.000000,0.248139,0.000000,0.000000,66.260163
"_Z16get_dists_kernelPKiS0_S0_PbPiS2_i",8,0,0,21,88423,57600,16,0,0,3,2,0,0x0,0.000016,0.430853,58.200000,0,0.000000,0.296593,0.000000,0.000000,66.260163
"_Z16get_dists_kernelPKiS0_S0_PbPiS2_i",9,0,0,22,88423,57600,16,0,0,3,2,0,0x0,0.000015,0.481416,66.514286,0,0.000000,0.240344,0.000000,0.000000,83.163265
"_Z16get_dists_kernelPKiS0_S0_PbPiS2_i",10,0,0,23,88423,57600,16,0,0,3,2,0,0x0,0.000015,0.488344,66.514286,0,0.000000,0.367315,0.000000,0.000000,83.163265
