kernel-name,dispatch,gpu-id,queue-id,queue-index,tid,grd,wgr,lds,scr,vgpr,sgpr,fbar,sig,time,VALUBusy,performance,LDSInsts,LDSBankConflict,L1MemoryBusy,L1MemoryStalled,L2WriteUnitStalled,L2CacheHit
"_Z24ForwardWarpKernel_PSF1x1PKfS0_S0_iiiifPf",0,0,0,8,18824,2849280,32,0,0,1,2,0,0x0,0.000228,1.524446,199.956772,0,0.000000,0.002808,0.000000,0.000000,84.403670
"_Z24ForwardWarpKernel_PSF1x1PKfS0_S0_iiiifPf",1,0,0,10,18824,2849280,32,0,0,1,2,0,0x0,0.000232,1.498791,196.509241,0,0.000000,0.002760,0.000000,0.000000,68.656716
"_Z24ForwardWarpKernel_PSF1x1PKfS0_S0_iiiifPf",2,0,0,11,18824,2849280,32,0,0,1,2,0,0x0,0.000228,1.524308,199.956772,0,0.000000,0.002807,0.000000,0.000000,84.403670
"_Z24ForwardWarpKernel_PSF1x1PKfS0_S0_iiiifPf",3,0,0,12,18824,2849280,32,0,0,1,2,0,0x0,0.000230,1.511869,198.218017,0,0.000000,0.002785,0.000000,0.000000,68.656716
"_Z24ForwardWarpKernel_PSF1x1PKfS0_S0_iiiifPf",4,0,0,13,18824,2849280,32,0,0,1,2,0,0x0,0.000230,1.512185,198.218017,0,0.000000,0.002785,0.000000,0.000000,68.656716
"_Z24ForwardWarpKernel_PSF1x1PKfS0_S0_iiiifPf",5,0,0,14,18824,2849280,32,0,0,1,2,0,0x0,0.000230,1.510154,198.218017,0,0.000000,0.002781,0.000000,0.000000,68.656716
"_Z24ForwardWarpKernel_PSF1x1PKfS0_S0_iiiifPf",6,0,0,15,18824,2849280,32,0,0,1,2,0,0x0,0.000230,1.510383,198.218017,0,0.000000,0.002782,0.000000,0.000000,68.656716
"_Z24ForwardWarpKernel_PSF1x1PKfS0_S0_iiiifPf",7,0,0,16,18824,2849280,32,0,0,1,2,0,0x0,0.000230,1.510695,198.218017,0,0.000000,0.002782,0.000000,0.000000,68.656716
"_Z24ForwardWarpKernel_PSF1x1PKfS0_S0_iiiifPf",8,0,0,17,18824,2849280,32,0,0,1,2,0,0x0,0.000228,1.523720,199.956772,0,0.000000,0.002806,0.000000,0.000000,84.403670
"_Z24ForwardWarpKernel_PSF1x1PKfS0_S0_iiiifPf",9,0,0,18,18824,2849280,32,0,0,1,2,0,0x0,0.000228,1.523520,199.956772,0,0.000000,0.002806,0.000000,0.000000,84.403670
"_Z24ForwardWarpKernel_PSF1x1PKfS0_S0_iiiifPf",10,0,0,19,18824,2849280,32,0,0,1,2,0,0x0,0.000228,1.523190,199.956772,0,0.000000,0.002805,0.000000,0.000000,84.403670
