kernel-name,dispatch,gpu-id,queue-id,queue-index,tid,grd,wgr,lds,scr,vgpr,sgpr,fbar,sig,time,VALUBusy,performance,LDSInsts,LDSBankConflict,L1MemoryBusy,L1MemoryStalled,L2WriteUnitStalled,L2CacheHit
"_Z15DmeanSquareLossidPKdS0_S0_Pd",0,0,0,8,83164,246016,16,0,0,2,2,0,0x0,0.000044,0.712509,93.017302,0,0.000000,0.172448,0.011782,0.000000,87.931034
"_Z15DmeanSquareLossidPKdS0_S0_Pd",1,0,0,10,83164,246016,16,0,0,2,2,0,0x0,0.000049,0.631623,81.627429,0,0.000000,0.174710,0.033233,0.000000,73.487032
"_Z15DmeanSquareLossidPKdS0_S0_Pd",2,0,0,11,83164,246016,16,0,0,2,2,0,0x0,0.000044,0.709329,93.017302,0,0.000000,0.171678,0.011730,0.000000,87.931034
"_Z15DmeanSquareLossidPKdS0_S0_Pd",3,0,0,12,83164,246016,16,0,0,2,2,0,0x0,0.000047,0.661574,85.100936,0,0.000000,0.186641,0.037461,0.000000,74.344023
"_Z15DmeanSquareLossidPKdS0_S0_Pd",4,0,0,13,83164,246016,16,0,0,2,2,0,0x0,0.000047,0.662118,85.100936,0,0.000000,0.182482,0.034837,0.000000,74.344023
"_Z15DmeanSquareLossidPKdS0_S0_Pd",5,0,0,14,83164,246016,16,0,0,2,2,0,0x0,0.000047,0.660453,85.100936,0,0.000000,0.183016,0.034750,0.000000,73.487032
"_Z15DmeanSquareLossidPKdS0_S0_Pd",6,0,0,15,83164,246016,16,0,0,2,2,0,0x0,0.000048,0.656179,85.100936,0,0.000000,0.183475,0.035511,0.000000,73.487032
"_Z15DmeanSquareLossidPKdS0_S0_Pd",7,0,0,16,83164,246016,16,0,0,2,2,0,0x0,0.000048,0.655955,85.100936,0,0.000000,0.185385,0.037471,0.000000,74.344023
"_Z15DmeanSquareLossidPKdS0_S0_Pd",8,0,0,17,83164,246016,16,0,0,2,2,0,0x0,0.000044,0.708573,90.903273,0,0.000000,0.171496,0.011717,0.000000,87.931034
"_Z15DmeanSquareLossidPKdS0_S0_Pd",9,0,0,18,83164,246016,16,0,0,2,2,0,0x0,0.000044,0.710855,93.017302,0,0.000000,0.172048,0.011755,0.000000,87.931034
"_Z15DmeanSquareLossidPKdS0_S0_Pd",10,0,0,19,83164,246016,16,0,0,2,2,0,0x0,0.000044,0.708332,90.903273,0,0.000000,0.171437,0.011713,0.000000,87.931034
