kernel-name,dispatch,gpu-id,queue-id,queue-index,tid,grd,wgr,lds,scr,vgpr,sgpr,fbar,sig,time,VALUBusy,performance,LDSInsts,LDSBankConflict,L1MemoryBusy,L1MemoryStalled,L2WriteUnitStalled,L2CacheHit
"_Z13mergeLocationPK15HIP_vector_typeIsLj2EEPfS3_if",0,0,0,6,34081,57600,256,0,0,1,1,0,0x0,0.000011,0.239650,31.418182,0,0.000000,0.679355,0.101417,0.000000,88.698630
"_Z13mergeLocationPK15HIP_vector_typeIsLj2EEPfS3_if",1,0,0,8,34081,57600,256,0,0,1,1,0,0x0,0.000016,0.166377,21.600000,0,0.000000,0.449460,0.100309,0.000000,75.730994
"_Z13mergeLocationPK15HIP_vector_typeIsLj2EEPfS3_if",2,0,0,9,34081,57600,256,0,0,1,1,0,0x0,0.000011,0.239118,31.418182,0,0.000000,0.629332,0.101192,0.000000,88.698630
"_Z13mergeLocationPK15HIP_vector_typeIsLj2EEPfS3_if",3,0,0,10,34081,57600,256,0,0,1,1,0,0x0,0.000014,0.189819,24.685714,0,0.000000,0.519389,0.112241,0.000000,75.730994
"_Z13mergeLocationPK15HIP_vector_typeIsLj2EEPfS3_if",4,0,0,11,34081,57600,256,0,0,1,1,0,0x0,0.000014,0.195836,26.584615,0,0.000000,0.554017,0.118069,0.000000,75.510204
"_Z13mergeLocationPK15HIP_vector_typeIsLj2EEPfS3_if",5,0,0,12,34081,57600,256,0,0,1,1,0,0x0,0.000014,0.192188,24.685714,0,0.000000,0.531441,0.115870,0.000000,75.730994
"_Z13mergeLocationPK15HIP_vector_typeIsLj2EEPfS3_if",6,0,0,13,34081,57600,256,0,0,1,1,0,0x0,0.000016,0.170934,23.040000,0,0.000000,0.469698,0.101074,0.000000,75.730994
"_Z13mergeLocationPK15HIP_vector_typeIsLj2EEPfS3_if",7,0,0,14,34081,57600,256,0,0,1,1,0,0x0,0.000015,0.180530,24.685714,0,0.000000,0.507577,0.105702,0.000000,75.730994
"_Z13mergeLocationPK15HIP_vector_typeIsLj2EEPfS3_if",8,0,0,15,34081,57600,256,0,0,1,1,0,0x0,0.000015,0.182308,24.685714,0,0.000000,0.503065,0.109913,0.000000,75.730994
"_Z13mergeLocationPK15HIP_vector_typeIsLj2EEPfS3_if",9,0,0,16,34081,57600,256,0,0,1,1,0,0x0,0.000012,0.225856,31.418182,0,0.000000,0.598356,0.095580,0.000000,88.698630
"_Z13mergeLocationPK15HIP_vector_typeIsLj2EEPfS3_if",10,0,0,17,34081,57600,256,0,0,1,1,0,0x0,0.000012,0.221552,28.800000,0,0.000000,0.548420,0.093758,0.000000,88.698630
