kernel-name,dispatch,gpu-id,queue-id,queue-index,tid,grd,wgr,lds,scr,vgpr,sgpr,fbar,sig,time,VALUBusy,performance,LDSInsts,LDSBankConflict,L1MemoryBusy,L1MemoryStalled,L2WriteUnitStalled,L2CacheHit
"_Z19SoftmaxLossBackpropPKfiiPf",0,0,0,4,45520,1576960,256,0,0,0,1,0,0x0,0.000031,13.894578,1526.090323,0,0.000000,34.803520,2.800507,0.000000,99.487137
"_Z19SoftmaxLossBackpropPKfiiPf",1,0,0,6,45520,1576960,256,0,0,0,1,0,0x0,0.000036,12.015593,1314.133333,0,0.000000,30.676168,2.380356,0.000000,99.276427
"_Z19SoftmaxLossBackpropPKfiiPf",2,0,0,7,45520,1576960,256,0,0,0,1,0,0x0,0.000032,13.460955,1478.400000,0,0.000000,33.770462,2.676947,0.000000,99.490036
"_Z19SoftmaxLossBackpropPKfiiPf",3,0,0,8,45520,1576960,256,0,0,0,1,0,0x0,0.000033,13.208397,1478.400000,0,0.000000,35.127687,2.680858,0.000000,99.271676
"_Z19SoftmaxLossBackpropPKfiiPf",4,0,0,9,45520,1576960,256,0,0,0,1,0,0x0,0.000034,12.784994,1391.435294,0,0.000000,33.078117,2.597325,0.000000,99.261808
"_Z19SoftmaxLossBackpropPKfiiPf",5,0,0,10,45520,1576960,256,0,0,0,1,0,0x0,0.000033,13.059440,1433.600000,0,0.000000,33.653287,2.627309,0.000000,99.275060
"_Z19SoftmaxLossBackpropPKfiiPf",6,0,0,11,45520,1576960,256,0,0,0,1,0,0x0,0.000035,12.444350,1391.435294,0,0.000000,31.786608,2.461559,0.000000,99.282389
"_Z19SoftmaxLossBackpropPKfiiPf",7,0,0,12,45520,1576960,256,0,0,0,1,0,0x0,0.000035,12.447428,1391.435294,0,0.000000,32.112832,2.429972,0.000000,99.261227
"_Z19SoftmaxLossBackpropPKfiiPf",8,0,0,13,45520,1576960,256,0,0,0,1,0,0x0,0.000033,13.114619,1433.600000,0,0.000000,32.876454,2.555099,0.000000,99.489853
"_Z19SoftmaxLossBackpropPKfiiPf",9,0,0,14,45520,1576960,256,0,0,0,1,0,0x0,0.000033,13.036052,1433.600000,0,0.000000,33.044534,2.515791,0.000000,99.488021
"_Z19SoftmaxLossBackpropPKfiiPf",10,0,0,15,45520,1576960,256,0,0,0,1,0,0x0,0.000032,13.448193,1478.400000,0,0.000000,33.697564,2.699111,0.000000,99.487936
