kernel-name,dispatch,gpu-id,queue-id,queue-index,tid,grd,wgr,lds,scr,vgpr,sgpr,fbar,sig,time,VALUBusy,performance,LDSInsts,LDSBankConflict,L1MemoryBusy,L1MemoryStalled,L2WriteUnitStalled,L2CacheHit
"_Z19SoftmaxLossBackpropPKfiiPf",0,0,0,4,36558,61440,32,0,0,0,1,0,0x0,0.000012,2.782458,307.200000,0,0.000000,11.640298,1.102182,0.000000,98.069498
"_Z19SoftmaxLossBackpropPKfiiPf",1,0,0,6,36558,61440,32,0,0,0,1,0,0x0,0.000016,2.102583,230.400000,0,0.000000,6.329450,0.782643,0.000000,95.351074
"_Z19SoftmaxLossBackpropPKfiiPf",2,0,0,7,36558,61440,32,0,0,0,1,0,0x0,0.000012,2.845824,307.200000,0,0.000000,10.119201,0.877916,0.000000,98.118532
"_Z19SoftmaxLossBackpropPKfiiPf",3,0,0,8,36558,61440,32,0,0,0,1,0,0x0,0.000014,2.405152,263.314286,0,0.000000,7.449791,0.900930,0.000000,95.327400
"_Z19SoftmaxLossBackpropPKfiiPf",4,0,0,9,36558,61440,32,0,0,0,1,0,0x0,0.000014,2.389496,263.314286,0,0.000000,6.945283,0.888237,0.000000,95.121163
"_Z19SoftmaxLossBackpropPKfiiPf",5,0,0,10,36558,61440,32,0,0,0,1,0,0x0,0.000015,2.363748,263.314286,0,0.000000,8.289249,0.880973,0.000000,95.330113
"_Z19SoftmaxLossBackpropPKfiiPf",6,0,0,11,36558,61440,32,0,0,0,1,0,0x0,0.000016,2.170934,245.760000,0,0.000000,6.327269,0.857786,0.000000,95.211726
"_Z19SoftmaxLossBackpropPKfiiPf",7,0,0,12,36558,61440,32,0,0,0,1,0,0x0,0.000015,2.265985,245.760000,0,0.000000,6.253316,0.859078,0.000000,95.205701
"_Z19SoftmaxLossBackpropPKfiiPf",8,0,0,13,36558,61440,32,0,0,0,1,0,0x0,0.000015,2.254871,245.760000,0,0.000000,6.924468,0.858321,0.000000,95.252033
"_Z19SoftmaxLossBackpropPKfiiPf",9,0,0,14,36558,61440,32,0,0,0,1,0,0x0,0.000013,2.631211,283.569231,0,0.000000,8.717309,0.816690,0.000000,98.089780
"_Z19SoftmaxLossBackpropPKfiiPf",10,0,0,15,36558,61440,32,0,0,0,1,0,0x0,0.000013,2.639179,283.569231,0,0.000000,8.504294,0.745468,0.000000,98.078155
