kernel-name,dispatch,gpu-id,queue-id,queue-index,tid,grd,wgr,lds,scr,vgpr,sgpr,fbar,sig,time,VALUBusy,performance,LDSInsts,LDSBankConflict,L1MemoryBusy,L1MemoryStalled,L2WriteUnitStalled,L2CacheHit
"_Z9logkerneliPKdPd",0,0,0,4,17897,246016,16,0,0,4,1,0,0x0,0.000045,2.185944,120.979911,0,0.000000,0.387915,0.034137,0.000000,88.916877
"_Z9logkerneliPKdPd",1,0,0,6,17897,246016,16,0,0,4,1,0,0x0,0.000049,2.003280,111.104000,0,0.000000,0.378252,0.054352,0.000000,78.794643
"_Z9logkerneliPKdPd",2,0,0,7,17897,246016,16,0,0,4,1,0,0x0,0.000045,2.185401,120.979911,0,0.000000,0.387819,0.034128,0.000000,88.916877
"_Z9logkerneliPKdPd",3,0,0,8,17897,246016,16,0,0,4,1,0,0x0,0.000047,2.100619,115.831830,0,0.000000,0.399613,0.059644,0.000000,78.794643
"_Z9logkerneliPKdPd",4,0,0,9,17897,246016,16,0,0,4,1,0,0x0,0.000047,2.106314,115.831830,0,0.000000,0.397374,0.056483,0.000000,78.970917
"_Z9logkerneliPKdPd",5,0,0,10,17897,246016,16,0,0,4,1,0,0x0,0.000047,2.098005,115.831830,0,0.000000,0.396799,0.057253,0.000000,78.794643
"_Z9logkerneliPKdPd",6,0,0,11,17897,246016,16,0,0,4,1,0,0x0,0.000047,2.089789,115.831830,0,0.000000,0.397553,0.059336,0.000000,78.619154
"_Z9logkerneliPKdPd",7,0,0,12,17897,246016,16,0,0,4,1,0,0x0,0.000047,2.091388,115.831830,0,0.000000,0.392909,0.056413,0.000000,78.619154
"_Z9logkerneliPKdPd",8,0,0,13,17897,246016,16,0,0,4,1,0,0x0,0.000047,2.086350,115.831830,0,0.000000,0.392949,0.055289,0.000000,78.270510
"_Z9logkerneliPKdPd",9,0,0,14,17897,246016,16,0,0,4,1,0,0x0,0.000045,2.178822,120.979911,0,0.000000,0.386651,0.034025,0.000000,88.916877
"_Z9logkerneliPKdPd",10,0,0,15,17897,246016,16,0,0,4,1,0,0x0,0.000045,2.179601,120.979911,0,0.000000,0.386789,0.034037,0.000000,88.916877
