kernel-name,dispatch,gpu-id,queue-id,queue-index,tid,grd,wgr,lds,scr,vgpr,sgpr,fbar,sig,time,VALUBusy,performance,LDSInsts,LDSBankConflict,L1MemoryBusy,L1MemoryStalled,L2WriteUnitStalled,L2CacheHit
"matrix_log",0,0,0,4,115430,802816,256,0,0,4,1,0,0x0,0.000018,1.836959,189.212444,0,0.000000,0.251744,0.028353,0.000000,82.812500
"matrix_log",1,0,0,6,115430,802816,256,0,0,4,1,0,0x0,0.000022,1.519545,162.182095,0,0.000000,0.230988,0.059701,0.000000,63.009404
"matrix_log",2,0,0,7,115430,802816,256,0,0,4,1,0,0x0,0.000018,1.822615,189.212444,0,0.000000,0.283878,0.073314,0.000000,81.196581
"matrix_log",3,0,0,8,115430,802816,256,0,0,4,1,0,0x0,0.000018,1.806842,189.212444,0,0.000000,0.250152,0.072679,0.000000,63.009404
"matrix_log",4,0,0,9,115430,802816,256,0,0,4,1,0,0x0,0.000020,1.703206,179.253895,0,0.000000,0.290772,0.074884,0.000000,62.812500
"matrix_log",5,0,0,10,115430,802816,256,0,0,4,1,0,0x0,0.000019,1.796095,189.212444,0,0.000000,0.276387,0.078968,0.000000,62.812500
"matrix_log",6,0,0,11,115430,802816,256,0,0,4,1,0,0x0,0.000021,1.591010,170.291200,0,0.000000,0.382486,0.069949,0.000000,61.563518
"matrix_log",7,0,0,12,115430,802816,256,0,0,4,1,0,0x0,0.000020,1.692581,179.253895,0,0.000000,0.419583,0.077583,0.000000,61.363636
"matrix_log",8,0,0,13,115430,802816,256,0,0,4,1,0,0x0,0.000020,1.644565,170.291200,0,0.000000,0.268453,0.072305,0.000000,63.009404
"matrix_log",9,0,0,14,115430,802816,256,0,0,4,1,0,0x0,0.000018,1.890429,200.342588,0,0.000000,0.264377,0.078694,0.000000,82.040816
"matrix_log",10,0,0,15,115430,802816,256,0,0,4,1,0,0x0,0.000019,1.752728,179.253895,0,0.000000,0.500033,0.088530,0.000000,81.115880
