kernel-name,dispatch,gpu-id,queue-id,queue-index,tid,grd,wgr,lds,scr,vgpr,sgpr,fbar,sig,time,VALUBusy,performance,LDSInsts,LDSBankConflict,L1MemoryBusy,L1MemoryStalled,L2WriteUnitStalled,L2CacheHit
"_Z9rotate_2DPfmmff",0,0,0,2,68285,57600,16,0,0,1,1,0,0x0,0.000016,0.896006,91.680000,0,0.000000,4.834642,0.745250,0.000000,88.150289
"_Z9rotate_2DPfmmff",1,0,0,4,68285,57600,16,0,0,1,1,0,0x0,0.000015,0.955936,97.792000,0,0.000000,4.073602,0.588735,0.000000,78.306878
"_Z9rotate_2DPfmmff",2,0,0,5,68285,57600,16,0,0,1,1,0,0x0,0.000016,0.903822,91.680000,0,0.000000,4.651096,0.694365,0.000000,90.447761
"_Z9rotate_2DPfmmff",3,0,0,6,68285,57600,16,0,0,1,1,0,0x0,0.000019,0.774489,77.204211,0,0.000000,3.083202,0.452400,0.000000,78.920308
"_Z9rotate_2DPfmmff",4,0,0,7,68285,57600,16,0,0,1,1,0,0x0,0.000019,0.777496,81.493333,0,0.000000,3.677681,0.517508,0.000000,78.421053
"_Z9rotate_2DPfmmff",5,0,0,8,68285,57600,16,0,0,1,1,0,0x0,0.000023,0.639637,63.777391,0,0.000000,0.786517,0.198998,0.000000,74.334140
"_Z9rotate_2DPfmmff",6,0,0,9,68285,57600,16,0,0,1,1,0,0x0,0.000016,0.919619,91.680000,0,0.000000,2.138965,0.283184,0.000000,78.477690
"_Z9rotate_2DPfmmff",7,0,0,10,68285,57600,16,0,0,1,1,0,0x0,0.000015,0.968794,97.792000,0,0.000000,4.521037,0.606906,0.000000,78.421053
"_Z9rotate_2DPfmmff",8,0,0,11,68285,57600,16,0,0,1,1,0,0x0,0.000017,0.890065,91.680000,0,0.000000,5.117168,0.675319,0.000000,78.497409
"_Z9rotate_2DPfmmff",9,0,0,12,68285,57600,16,0,0,1,1,0,0x0,0.000022,0.658757,66.676364,0,0.000000,1.688370,0.241893,0.000000,84.718499
"_Z9rotate_2DPfmmff",10,0,0,13,68285,57600,16,0,0,1,1,0,0x0,0.000021,0.699668,69.851429,0,0.000000,0.943257,0.167328,0.000000,84.935065
