kernel-name,dispatch,gpu-id,queue-id,queue-index,tid,grd,wgr,lds,scr,vgpr,sgpr,fbar,sig,time,VALUBusy,performance,LDSInsts,LDSBankConflict,L1MemoryBusy,L1MemoryStalled,L2WriteUnitStalled,L2CacheHit
"_Z13__word2vecPosiiPiS_S_PfS0_ff",0,0,0,10,28426,2903040,192,0,0,0,0,0,0x0,0.000049,0.000000,0.000000,0,0.000000,0.000000,0.000000,0.000000,95.833333
"_Z13__word2vecPosiiPiS_S_PfS0_ff",1,0,0,12,28426,2903040,192,0,0,0,0,0,0x0,0.000053,0.000000,0.000000,0,0.000000,0.000000,0.000000,0.000000,94.520548
"_Z13__word2vecPosiiPiS_S_PfS0_ff",2,0,0,13,28426,2903040,192,0,0,0,0,0,0x0,0.000049,0.000000,0.000000,0,0.000000,0.000000,0.000000,0.000000,95.833333
"_Z13__word2vecPosiiPiS_S_PfS0_ff",3,0,0,14,28426,2903040,192,0,0,0,0,0,0x0,0.000051,0.000000,0.000000,0,0.000000,0.000000,0.000000,0.000000,94.520548
"_Z13__word2vecPosiiPiS_S_PfS0_ff",4,0,0,15,28426,2903040,192,0,0,0,0,0,0x0,0.000051,0.000000,0.000000,0,0.000000,0.000000,0.000000,0.000000,94.520548
"_Z13__word2vecPosiiPiS_S_PfS0_ff",5,0,0,16,28426,2903040,192,0,0,0,0,0,0x0,0.000051,0.000000,0.000000,0,0.000000,0.000000,0.000000,0.000000,94.520548
"_Z13__word2vecPosiiPiS_S_PfS0_ff",6,0,0,17,28426,2903040,192,0,0,0,0,0,0x0,0.000051,0.000000,0.000000,0,0.000000,0.000000,0.000000,0.000000,94.520548
"_Z13__word2vecPosiiPiS_S_PfS0_ff",7,0,0,18,28426,2903040,192,0,0,0,0,0,0x0,0.000052,0.000000,0.000000,0,0.000000,0.000000,0.000000,0.000000,94.520548
"_Z13__word2vecPosiiPiS_S_PfS0_ff",8,0,0,19,28426,2903040,192,0,0,0,0,0,0x0,0.000049,0.000000,0.000000,0,0.000000,0.000000,0.000000,0.000000,95.833333
"_Z13__word2vecPosiiPiS_S_PfS0_ff",9,0,0,20,28426,2903040,192,0,0,0,0,0,0x0,0.000050,0.000000,0.000000,0,0.000000,0.000000,0.000000,0.000000,95.833333
"_Z13__word2vecPosiiPiS_S_PfS0_ff",10,0,0,21,28426,2903040,192,0,0,0,0,0,0x0,0.000049,0.000000,0.000000,0,0.000000,0.000000,0.000000,0.000000,95.833333
