kernel-name,dispatch,gpu-id,queue-id,queue-index,tid,grd,wgr,lds,scr,vgpr,sgpr,fbar,sig,time,VALUBusy,performance,LDSInsts,LDSBankConflict,L1MemoryBusy,L1MemoryStalled,L2WriteUnitStalled,L2CacheHit
"_Z4testPfS_S_i",0,0,0,6,6850,1040384,32,0,0,0,1,0,0x0,0.000088,1.086128,143.501241,0,0.000000,18.771692,4.230481,0.000000,99.448241
"_Z4testPfS_S_i",1,0,0,8,6850,1040384,32,0,0,0,1,0,0x0,0.000092,1.031444,135.702261,0,0.000000,17.970072,4.464854,0.000000,99.012855
"_Z4testPfS_S_i",2,0,0,9,6850,1040384,32,0,0,0,1,0,0x0,0.000087,1.096127,145.169860,0,0.000000,18.999353,4.272665,0.000000,99.448241
"_Z4testPfS_S_i",3,0,0,10,6850,1040384,32,0,0,0,1,0,0x0,0.000090,1.054722,138.717867,0,0.000000,18.383243,4.546933,0.000000,99.012855
"_Z4testPfS_S_i",4,0,0,11,6850,1040384,32,0,0,0,1,0,0x0,0.000090,1.055409,138.717867,0,0.000000,18.447842,4.623128,0.000000,99.012855
"_Z4testPfS_S_i",5,0,0,12,6850,1040384,32,0,0,0,1,0,0x0,0.000090,1.053061,138.717867,0,0.000000,18.371384,4.592630,0.000000,99.012855
"_Z4testPfS_S_i",6,0,0,13,6850,1040384,32,0,0,0,1,0,0x0,0.000091,1.048742,138.717867,0,0.000000,18.325454,4.641749,0.000000,99.012855
"_Z4testPfS_S_i",7,0,0,14,6850,1040384,32,0,0,0,1,0,0x0,0.000091,1.049514,138.717867,0,0.000000,18.304352,4.607121,0.000000,99.012855
"_Z4testPfS_S_i",8,0,0,15,6850,1040384,32,0,0,0,1,0,0x0,0.000087,1.094089,143.501241,0,0.000000,18.908567,4.257362,0.000000,99.448241
"_Z4testPfS_S_i",9,0,0,16,6850,1040384,32,0,0,0,1,0,0x0,0.000087,1.093476,143.501241,0,0.000000,18.900855,4.254621,0.000000,99.448241
"_Z4testPfS_S_i",10,0,0,17,6850,1040384,32,0,0,0,1,0,0x0,0.000087,1.094301,143.501241,0,0.000000,18.923722,4.263932,0.000000,99.448241
