kernel-name,dispatch,gpu-id,queue-id,queue-index,tid,grd,wgr,lds,scr,vgpr,sgpr,fbar,sig,time,VALUBusy,performance,LDSInsts,LDSBankConflict,L1MemoryBusy,L1MemoryStalled,L2WriteUnitStalled,L2CacheHit
"_Z15MatrixMulKerneliiiiiiPjS_S_",0,0,0,6,111838,57600,16,32,0,4,3,0,0x0,0.000014,7.817220,927.158857,14400,0.000000,2.559123,0.011868,0.000000,95.441595
"_Z15MatrixMulKerneliiiiiiPjS_S_",1,0,0,8,111838,57600,16,32,0,4,3,0,0x0,0.000019,6.075079,721.123556,14400,0.000000,1.898246,0.073783,0.000000,72.668113
"_Z15MatrixMulKerneliiiiiiPjS_S_",2,0,0,9,111838,57600,16,32,0,4,3,0,0x0,0.000015,7.785637,927.158857,14400,0.000000,2.557380,0.011820,0.000000,95.441595
"_Z15MatrixMulKerneliiiiiiPjS_S_",3,0,0,10,111838,57600,16,32,0,4,3,0,0x0,0.000016,6.920632,811.264000,14400,0.000000,2.182509,0.084053,0.000000,72.668113
"_Z15MatrixMulKerneliiiiiiPjS_S_",4,0,0,11,111838,57600,16,32,0,4,3,0,0x0,0.000017,6.825450,811.264000,14400,0.000000,2.208071,0.082897,0.000000,72.668113
"_Z15MatrixMulKerneliiiiiiPjS_S_",5,0,0,12,111838,57600,16,32,0,4,3,0,0x0,0.000017,6.792434,811.264000,14400,0.000000,2.121456,0.082496,0.000000,72.668113
"_Z15MatrixMulKerneliiiiiiPjS_S_",6,0,0,13,111838,57600,16,32,0,4,3,0,0x0,0.000017,6.753686,811.264000,14400,0.000000,2.105626,0.082025,0.000000,72.668113
"_Z15MatrixMulKerneliiiiiiPjS_S_",7,0,0,14,111838,57600,16,32,0,4,3,0,0x0,0.000017,6.814922,811.264000,14400,0.000000,2.163281,0.082769,0.000000,72.668113
"_Z15MatrixMulKerneliiiiiiPjS_S_",8,0,0,15,111838,57600,16,32,0,4,3,0,0x0,0.000017,6.776679,811.264000,14400,0.000000,2.124953,0.082305,0.000000,72.668113
"_Z15MatrixMulKerneliiiiiiPjS_S_",9,0,0,16,111838,57600,16,32,0,4,3,0,0x0,0.000015,7.671549,927.158857,14400,0.000000,2.554845,0.011647,0.000000,95.441595
"_Z15MatrixMulKerneliiiiiiPjS_S_",10,0,0,17,111838,57600,16,32,0,4,3,0,0x0,0.000015,7.717964,927.158857,14400,0.000000,2.605454,0.011717,0.000000,95.441595
