kernel-name,dispatch,gpu-id,queue-id,queue-index,tid,grd,wgr,lds,scr,vgpr,sgpr,fbar,sig,time,VALUBusy,performance,LDSInsts,LDSBankConflict,L1MemoryBusy,L1MemoryStalled,L2WriteUnitStalled,L2CacheHit
"_Z14UnpackPointersPiS_iii",0,0,0,4,66095,253952,32,0,0,9,2,0,0x0,0.000733,45.218020,5251.116765,0,0.000000,57.669021,0.000000,0.000000,99.702326
"_Z14UnpackPointersPiS_iii",1,0,0,6,66095,253952,32,0,0,9,2,0,0x0,0.000745,44.447056,5159.486540,0,0.000000,56.335740,0.000000,0.000000,99.637067
"_Z14UnpackPointersPiS_iii",2,0,0,7,66095,253952,32,0,0,9,2,0,0x0,0.000739,44.846835,5208.424759,0,0.000000,58.436120,0.000000,0.000000,99.552810
"_Z14UnpackPointersPiS_iii",3,0,0,8,66095,253952,32,0,0,9,2,0,0x0,0.000739,44.807545,5201.376823,0,0.000000,56.938205,0.000000,0.000000,99.567728
"_Z14UnpackPointersPiS_iii",4,0,0,9,66095,253952,32,0,0,9,2,0,0x0,0.000743,44.619080,5180.346997,0,0.000000,58.040530,0.000000,0.000000,99.705109
"_Z14UnpackPointersPiS_iii",5,0,0,10,66095,253952,32,0,0,9,2,0,0x0,0.000757,43.742583,5077.698114,0,0.000000,55.662882,0.000000,0.000000,99.639135
"_Z14UnpackPointersPiS_iii",6,0,0,11,66095,253952,32,0,0,9,2,0,0x0,0.000748,44.279270,5138.793412,0,0.000000,56.960825,0.000000,0.000000,99.699728
"_Z14UnpackPointersPiS_iii",7,0,0,12,66095,253952,32,0,0,9,2,0,0x0,0.000755,43.896686,5097.901156,0,0.000000,57.221553,0.000000,0.000000,99.708216
"_Z14UnpackPointersPiS_iii",8,0,0,13,66095,253952,32,0,0,9,2,0,0x0,0.000748,44.305831,5145.672653,0,0.000000,56.197444,0.000000,0.000000,99.701465
"_Z14UnpackPointersPiS_iii",9,0,0,14,66095,253952,32,0,0,9,2,0,0x0,0.000749,44.215881,5131.932539,0,0.000000,55.775208,0.000000,0.000000,99.707388
"_Z14UnpackPointersPiS_iii",10,0,0,15,66095,253952,32,0,0,9,2,0,0x0,0.000757,43.767659,5077.698114,0,0.000000,55.763252,0.000000,0.000000,99.706557
