kernel-name,dispatch,gpu-id,queue-id,queue-index,tid,grd,wgr,lds,scr,vgpr,sgpr,fbar,sig,time,VALUBusy,performance,LDSInsts,LDSBankConflict,L1MemoryBusy,L1MemoryStalled,L2WriteUnitStalled,L2CacheHit
"_Z24decrement_dynamic_kernelPim",0,0,0,2,21364,4129024,256,0,0,0,1,0,0x0,0.000067,5.707491,630.535758,0,0.000000,0.327460,0.032067,0.000000,96.148909
"_Z24decrement_dynamic_kernelPim",1,0,0,4,21364,4129024,256,0,0,0,1,0,0x0,0.000070,5.433252,594.505143,0,0.000000,0.332448,0.095367,0.000000,87.807737
"_Z24decrement_dynamic_kernelPim",2,0,0,5,21364,4129024,256,0,0,0,1,0,0x0,0.000067,5.673653,621.124776,0,0.000000,0.276656,0.026758,0.000000,96.148909
"_Z24decrement_dynamic_kernelPim",3,0,0,6,21364,4129024,256,0,0,0,1,0,0x0,0.000068,5.608199,621.124776,0,0.000000,0.365002,0.099128,0.000000,87.602339
"_Z24decrement_dynamic_kernelPim",4,0,0,7,21364,4129024,256,0,0,0,1,0,0x0,0.000068,5.616414,621.124776,0,0.000000,0.372677,0.097430,0.000000,87.704918
"_Z24decrement_dynamic_kernelPim",5,0,0,8,21364,4129024,256,0,0,0,1,0,0x0,0.000068,5.609902,621.124776,0,0.000000,0.354300,0.096627,0.000000,87.704918
"_Z24decrement_dynamic_kernelPim",6,0,0,9,21364,4129024,256,0,0,0,1,0,0x0,0.000068,5.581191,611.990588,0,0.000000,0.368967,0.096819,0.000000,87.602339
"_Z24decrement_dynamic_kernelPim",7,0,0,10,21364,4129024,256,0,0,0,1,0,0x0,0.000068,5.576137,611.990588,0,0.000000,0.356055,0.096732,0.000000,87.807737
"_Z24decrement_dynamic_kernelPim",8,0,0,11,21364,4129024,256,0,0,0,1,0,0x0,0.000066,5.736602,630.535758,0,0.000000,0.297840,0.027761,0.000000,96.148909
"_Z24decrement_dynamic_kernelPim",9,0,0,12,21364,4129024,256,0,0,0,1,0,0x0,0.000067,5.668219,621.124776,0,0.000000,0.295220,0.030219,0.000000,96.148909
"_Z24decrement_dynamic_kernelPim",10,0,0,13,21364,4129024,256,0,0,0,1,0,0x0,0.000066,5.757298,630.535758,0,0.000000,0.305054,0.028333,0.000000,96.148909
