kernel-name,dispatch,gpu-id,queue-id,queue-index,tid,grd,wgr,lds,scr,vgpr,sgpr,fbar,sig,time,VALUBusy,performance,LDSInsts,LDSBankConflict,L1MemoryBusy,L1MemoryStalled,L2WriteUnitStalled,L2CacheHit
"_Z30int2lin_resmpl_good_gpu_kernelPfS_S_S_S_iiiiifPiS0_",0,0,0,14,20463,4129024,256,0,0,7,4,0,0x0,0.000066,3.800156,500.534303,0,0.000000,0.044290,0.007774,0.000000,83.035714
"_Z30int2lin_resmpl_good_gpu_kernelPfS_S_S_S_iiiiifPiS0_",1,0,0,16,20463,4129024,256,0,0,7,4,0,0x0,0.000074,3.392234,446.422486,0,0.000000,0.039536,0.127650,0.000000,67.636364
"_Z30int2lin_resmpl_good_gpu_kernelPfS_S_S_S_iiiiifPiS0_",2,0,0,17,20463,4129024,256,0,0,7,4,0,0x0,0.000068,3.712759,493.063642,0,0.000000,0.043271,0.022096,0.000000,83.035714
"_Z30int2lin_resmpl_good_gpu_kernelPfS_S_S_S_iiiiifPiS0_",3,0,0,18,20463,4129024,256,0,0,7,4,0,0x0,0.000071,3.551120,471.932343,0,0.000000,0.041387,0.134729,0.000000,67.636364
"_Z30int2lin_resmpl_good_gpu_kernelPfS_S_S_S_iiiiifPiS0_",4,0,0,19,20463,4129024,256,0,0,7,4,0,0x0,0.000071,3.541235,465.285408,0,0.000000,0.041272,0.133476,0.000000,67.636364
"_Z30int2lin_resmpl_good_gpu_kernelPfS_S_S_S_iiiiifPiS0_",5,0,0,20,20463,4129024,256,0,0,7,4,0,0x0,0.000070,3.577805,471.932343,0,0.000000,0.041698,0.135076,0.000000,67.636364
"_Z30int2lin_resmpl_good_gpu_kernelPfS_S_S_S_iiiiifPiS0_",6,0,0,21,20463,4129024,256,0,0,7,4,0,0x0,0.000071,3.542822,465.285408,0,0.000000,0.041291,0.139246,0.000000,67.636364
"_Z30int2lin_resmpl_good_gpu_kernelPfS_S_S_S_iiiiifPiS0_",7,0,0,22,20463,4129024,256,0,0,7,4,0,0x0,0.000071,3.527142,465.285408,0,0.000000,0.041108,0.141691,0.000000,67.636364
"_Z30int2lin_resmpl_good_gpu_kernelPfS_S_S_S_iiiiifPiS0_",8,0,0,23,20463,4129024,256,0,0,7,4,0,0x0,0.000070,3.614523,478.771942,0,0.000000,0.042126,0.025545,0.000000,83.035714
"_Z30int2lin_resmpl_good_gpu_kernelPfS_S_S_S_iiiiifPiS0_",9,0,0,24,20463,4129024,256,0,0,7,4,0,0x0,0.000069,3.676072,485.812706,0,0.000000,0.042844,0.025752,0.000000,83.035714
"_Z30int2lin_resmpl_good_gpu_kernelPfS_S_S_S_iiiiifPiS0_",10,0,0,25,20463,4129024,256,0,0,7,4,0,0x0,0.000070,3.622804,478.771942,0,0.000000,0.042223,0.024031,0.000000,83.035714
