kernel-name,dispatch,gpu-id,queue-id,queue-index,tid,grd,wgr,lds,scr,vgpr,sgpr,fbar,sig,time,VALUBusy,performance,LDSInsts,LDSBankConflict,L1MemoryBusy,L1MemoryStalled,L2WriteUnitStalled,L2CacheHit
"_Z13gpuPMCCNoTestPKfmS0_mmS0_S0_S0_Pf",0,0,0,12,129888,1040384,32,80,0,5,3,0,0x0,0.000101,2.525967,249.793280,13,0.000000,0.020348,0.012582,0.000000,67.083333
"_Z13gpuPMCCNoTestPKfmS0_mmS0_S0_S0_Pf",1,0,0,14,129888,1040384,32,80,0,5,3,0,0x0,0.000095,2.677575,265.737532,13,0.000000,0.021570,0.012843,0.000000,67.083333
"_Z13gpuPMCCNoTestPKfmS0_mmS0_S0_S0_Pf",2,0,0,15,129888,1040384,32,80,0,5,3,0,0x0,0.000089,2.841713,280.666607,13,0.000000,0.022892,0.013106,0.000000,86.096257
"_Z13gpuPMCCNoTestPKfmS0_mmS0_S0_S0_Pf",3,0,0,16,129888,1040384,32,80,0,5,3,0,0x0,0.000092,2.751624,271.514435,13,0.000000,0.022166,0.015567,0.000000,67.083333
"_Z13gpuPMCCNoTestPKfmS0_mmS0_S0_S0_Pf",4,0,0,17,129888,1040384,32,80,0,5,3,0,0x0,0.000091,2.807431,277.548089,13,0.000000,0.022616,0.015365,0.000000,67.083333
"_Z13gpuPMCCNoTestPKfmS0_mmS0_S0_S0_Pf",5,0,0,18,129888,1040384,32,80,0,5,3,0,0x0,0.000090,2.810012,277.548089,13,0.000000,0.022636,0.014861,0.000000,67.083333
"_Z13gpuPMCCNoTestPKfmS0_mmS0_S0_S0_Pf",6,0,0,19,129888,1040384,32,80,0,5,3,0,0x0,0.000089,2.859724,283.856000,13,0.000000,0.023037,0.015123,0.000000,67.083333
"_Z13gpuPMCCNoTestPKfmS0_mmS0_S0_S0_Pf",7,0,0,20,129888,1040384,32,80,0,5,3,0,0x0,0.000089,2.859281,283.856000,13,0.000000,0.023033,0.014594,0.000000,67.083333
"_Z13gpuPMCCNoTestPKfmS0_mmS0_S0_S0_Pf",8,0,0,21,129888,1040384,32,80,0,5,3,0,0x0,0.000089,2.860448,283.856000,13,0.000000,0.023043,0.014072,0.000000,67.083333
"_Z13gpuPMCCNoTestPKfmS0_mmS0_S0_S0_Pf",9,0,0,22,129888,1040384,32,80,0,5,3,0,0x0,0.000087,2.925029,290.457302,13,0.000000,0.023563,0.013850,0.000000,86.096257
"_Z13gpuPMCCNoTestPKfmS0_mmS0_S0_S0_Pf",10,0,0,23,129888,1040384,32,80,0,5,3,0,0x0,0.000087,2.924230,290.457302,13,0.000000,0.023557,0.016903,0.000000,86.096257
