kernel-name,dispatch,gpu-id,queue-id,queue-index,tid,grd,wgr,lds,scr,vgpr,sgpr,fbar,sig,time,VALUBusy,performance,LDSInsts,LDSBankConflict,L1MemoryBusy,L1MemoryStalled,L2WriteUnitStalled,L2CacheHit
"_Z12diagm_kerneliPKdPd",0,0,0,4,94046,61440,32,0,0,1,1,0,0x0,0.000010,0.383922,50.278400,0,0.000000,1.310308,0.206727,0.000000,81.920904
"_Z12diagm_kerneliPKdPd",1,0,0,6,94046,61440,32,0,0,1,1,0,0x0,0.000016,0.242614,33.518933,0,0.000000,1.078501,0.110993,0.000000,63.876652
"_Z12diagm_kerneliPKdPd",2,0,0,7,94046,61440,32,0,0,1,1,0,0x0,0.000010,0.385600,50.278400,0,0.000000,1.308230,0.132696,0.000000,81.920904
"_Z12diagm_kerneliPKdPd",3,0,0,8,94046,61440,32,0,0,1,1,0,0x0,0.000013,0.286889,38.675692,0,0.000000,0.975655,0.131249,0.000000,63.876652
"_Z12diagm_kerneliPKdPd",4,0,0,9,94046,61440,32,0,0,1,1,0,0x0,0.000014,0.285206,38.675692,0,0.000000,1.143134,0.130479,0.000000,63.876652
"_Z12diagm_kerneliPKdPd",5,0,0,10,94046,61440,32,0,0,1,1,0,0x0,0.000014,0.284759,38.675692,0,0.000000,1.234724,0.130274,0.000000,63.876652
"_Z12diagm_kerneliPKdPd",6,0,0,11,94046,61440,32,0,0,1,1,0,0x0,0.000014,0.278995,38.675692,0,0.000000,1.141960,0.127637,0.000000,63.876652
"_Z12diagm_kerneliPKdPd",7,0,0,12,94046,61440,32,0,0,1,1,0,0x0,0.000014,0.276398,38.675692,0,0.000000,1.102234,0.126449,0.000000,63.876652
"_Z12diagm_kerneliPKdPd",8,0,0,13,94046,61440,32,0,0,1,1,0,0x0,0.000014,0.277978,38.675692,0,0.000000,0.876699,0.137301,0.000000,63.876652
"_Z12diagm_kerneliPKdPd",9,0,0,14,94046,61440,32,0,0,1,1,0,0x0,0.000010,0.380867,50.278400,0,0.000000,1.242830,0.135694,0.000000,81.920904
"_Z12diagm_kerneliPKdPd",10,0,0,15,94046,61440,32,0,0,1,1,0,0x0,0.000010,0.381291,50.278400,0,0.000000,0.881445,0.135844,0.000000,81.920904
