kernel-name,dispatch,gpu-id,queue-id,queue-index,tid,grd,wgr,lds,scr,vgpr,sgpr,fbar,sig,time,VALUBusy,performance,LDSInsts,LDSBankConflict,L1MemoryBusy,L1MemoryStalled,L2WriteUnitStalled,L2CacheHit
"_Z15NormalizeKernelPKfiiiPf",0,0,0,4,17684,2903040,192,0,0,2,1,0,0x0,0.000053,26.885770,3014.695385,0,0.000000,47.938123,7.124572,0.000000,99.871417
"_Z15NormalizeKernelPKfiiiPf",1,0,0,6,17684,2903040,192,0,0,2,1,0,0x0,0.000058,24.325950,2702.830345,0,0.000000,42.530347,6.350666,0.000000,99.850610
"_Z15NormalizeKernelPKfiiiPf",2,0,0,7,17684,2903040,192,0,0,2,1,0,0x0,0.000052,27.099217,3014.695385,0,0.000000,47.948098,6.992176,0.000000,99.871305
"_Z15NormalizeKernelPKfiiiPf",3,0,0,8,17684,2903040,192,0,0,2,1,0,0x0,0.000053,26.675384,2957.814340,0,0.000000,47.955446,7.124043,0.000000,99.849305
"_Z15NormalizeKernelPKfiiiPf",4,0,0,9,17684,2903040,192,0,0,2,1,0,0x0,0.000055,25.889444,2903.040000,0,0.000000,46.055635,6.827389,0.000000,99.848475
"_Z15NormalizeKernelPKfiiiPf",5,0,0,10,17684,2903040,192,0,0,2,1,0,0x0,0.000054,26.463383,2957.814340,0,0.000000,47.275331,7.184810,0.000000,99.850359
"_Z15NormalizeKernelPKfiiiPf",6,0,0,11,17684,2903040,192,0,0,2,1,0,0x0,0.000054,26.181509,2903.040000,0,0.000000,46.346467,6.846588,0.000000,99.849799
"_Z15NormalizeKernelPKfiiiPf",7,0,0,12,17684,2903040,192,0,0,2,1,0,0x0,0.000054,26.368588,2957.814340,0,0.000000,47.166204,7.023468,0.000000,99.850102
"_Z15NormalizeKernelPKfiiiPf",8,0,0,13,17684,2903040,192,0,0,2,1,0,0x0,0.000054,26.374086,2957.814340,0,0.000000,46.798777,6.925035,0.000000,99.871605
"_Z15NormalizeKernelPKfiiiPf",9,0,0,14,17684,2903040,192,0,0,2,1,0,0x0,0.000051,27.674111,3073.807059,0,0.000000,49.079620,7.323091,0.000000,99.870923
"_Z15NormalizeKernelPKfiiiPf",10,0,0,15,17684,2903040,192,0,0,2,1,0,0x0,0.000052,27.348167,3073.807059,0,0.000000,48.903295,7.183586,0.000000,99.871209
