kernel-name,dispatch,gpu-id,queue-id,queue-index,tid,grd,wgr,lds,scr,vgpr,sgpr,fbar,sig,time,VALUBusy,performance,LDSInsts,LDSBankConflict,L1MemoryBusy,L1MemoryStalled,L2WriteUnitStalled,L2CacheHit
"_Z15prepare_indicesjPj",0,0,0,2,102972,253952,32,0,0,0,1,0,0x0,0.000025,3.067792,284.451840,0,0.000000,0.030305,0.006803,0.000000,83.419689
"_Z15prepare_indicesjPj",1,0,0,4,102972,253952,32,0,0,0,1,0,0x0,0.000031,2.513568,237.043200,0,0.000000,0.024830,0.319746,0.000000,66.255144
"_Z15prepare_indicesjPj",2,0,0,5,102972,253952,32,0,0,0,1,0,0x0,0.000025,3.071364,284.451840,0,0.000000,0.030340,0.055726,0.000000,83.419689
"_Z15prepare_indicesjPj",3,0,0,6,102972,253952,32,0,0,0,1,0,0x0,0.000029,2.709048,253.974857,0,0.000000,0.026761,0.311298,0.000000,66.255144
"_Z15prepare_indicesjPj",4,0,0,7,102972,253952,32,0,0,0,1,0,0x0,0.000029,2.713791,253.974857,0,0.000000,0.026808,0.312391,0.000000,66.255144
"_Z15prepare_indicesjPj",5,0,0,8,102972,253952,32,0,0,0,1,0,0x0,0.000029,2.695387,253.974857,0,0.000000,0.026626,0.319510,0.000000,66.255144
"_Z15prepare_indicesjPj",6,0,0,9,102972,253952,32,0,0,0,1,0,0x0,0.000029,2.670199,245.217103,0,0.000000,0.026377,0.318677,0.000000,66.255144
"_Z15prepare_indicesjPj",7,0,0,10,102972,253952,32,0,0,0,1,0,0x0,0.000029,2.638834,245.217103,0,0.000000,0.026067,0.311210,0.000000,66.255144
"_Z15prepare_indicesjPj",8,0,0,11,102972,253952,32,0,0,0,1,0,0x0,0.000029,2.667327,245.217103,0,0.000000,0.026349,0.326938,0.000000,66.255144
"_Z15prepare_indicesjPj",9,0,0,12,102972,253952,32,0,0,0,1,0,0x0,0.000025,3.054268,284.451840,0,0.000000,0.030171,0.048027,0.000000,83.419689
"_Z15prepare_indicesjPj",10,0,0,13,102972,253952,32,0,0,0,1,0,0x0,0.000026,3.032681,284.451840,0,0.000000,0.029958,0.048299,0.000000,83.419689
