kernel-name,dispatch,gpu-id,queue-id,queue-index,tid,grd,wgr,lds,scr,vgpr,sgpr,fbar,sig,time,VALUBusy,performance,LDSInsts,LDSBankConflict,L1MemoryBusy,L1MemoryStalled,L2WriteUnitStalled,L2CacheHit
"_Z10gpuSwapColiPfiPiS0_",0,0,0,6,31236,1040384,64,0,0,1,1,0,0x0,0.000059,4.542562,529.112949,0,0.000000,23.861927,4.312476,0.000000,99.687725
"_Z10gpuSwapColiPfiPiS0_",1,0,0,8,31236,1040384,64,0,0,1,1,0,0x0,0.000056,4.813050,557.458286,0,0.000000,25.016717,4.416026,0.000000,99.689760
"_Z10gpuSwapColiPfiPiS0_",2,0,0,9,31236,1040384,64,0,0,1,1,0,0x0,0.000048,5.565902,650.368000,0,0.000000,30.014950,5.074234,0.000000,99.798838
"_Z10gpuSwapColiPfiPiS0_",3,0,0,10,31236,1040384,64,0,0,1,1,0,0x0,0.000052,5.167885,600.339692,0,0.000000,26.680049,4.753557,0.000000,99.685554
"_Z10gpuSwapColiPfiPiS0_",4,0,0,11,31236,1040384,64,0,0,1,1,0,0x0,0.000050,5.373117,624.353280,0,0.000000,27.606467,4.972816,0.000000,99.685444
"_Z10gpuSwapColiPfiPiS0_",5,0,0,12,31236,1040384,64,0,0,1,1,0,0x0,0.000050,5.372248,624.353280,0,0.000000,27.825911,5.101381,0.000000,99.687750
"_Z10gpuSwapColiPfiPiS0_",6,0,0,13,31236,1040384,64,0,0,1,1,0,0x0,0.000049,5.528283,650.368000,0,0.000000,28.312490,5.153224,0.000000,99.687840
"_Z10gpuSwapColiPfiPiS0_",7,0,0,14,31236,1040384,64,0,0,1,1,0,0x0,0.000049,5.541548,650.368000,0,0.000000,28.441694,5.087959,0.000000,99.687744
"_Z10gpuSwapColiPfiPiS0_",8,0,0,15,31236,1040384,64,0,0,1,1,0,0x0,0.000050,5.366840,624.353280,0,0.000000,27.626412,4.980366,0.000000,99.685612
"_Z10gpuSwapColiPfiPiS0_",9,0,0,16,31236,1040384,64,0,0,1,1,0,0x0,0.000046,5.805006,678.644870,0,0.000000,30.110757,5.396387,0.000000,99.798822
"_Z10gpuSwapColiPfiPiS0_",10,0,0,17,31236,1040384,64,0,0,1,1,0,0x0,