kernel-name,dispatch,gpu-id,queue-id,queue-index,tid,grd,wgr,lds,scr,vgpr,sgpr,fbar,sig,time,VALUBusy,performance,LDSInsts,LDSBankConflict,L1MemoryBusy,L1MemoryStalled,L2WriteUnitStalled,L2CacheHit
"_Z10gpuSwapColiPfiPiS0_",0,0,0,6,31411,1517824,16,0,0,1,1,0,0x0,0.000257,6.128256,709.171798,0,0.000000,34.094848,6.021992,0.000000,99.930308
"_Z10gpuSwapColiPfiPiS0_",1,0,0,8,31411,1517824,16,0,0,1,1,0,0x0,0.000254,6.193729,717.547843,0,0.000000,33.995610,6.020616,0.000000,99.894616
"_Z10gpuSwapColiPfiPiS0_",2,0,0,9,31411,1517824,16,0,0,1,1,0,0x0,0.000244,6.450006,746.955541,0,0.000000,35.941649,6.279644,0.000000,99.961115
"_Z10gpuSwapColiPfiPiS0_",3,0,0,10,31411,1517824,16,0,0,1,1,0,0x0,0.000248,6.354452,737.883206,0,0.000000,35.409442,6.210242,0.000000,99.929958
"_Z10gpuSwapColiPfiPiS0_",4,0,0,11,31411,1517824,16,0,0,1,1,0,0x0,0.000248,6.345129,734.907871,0,0.000000,35.315146,6.242277,0.000000,99.931708
"_Z10gpuSwapColiPfiPiS0_",5,0,0,12,31411,1517824,16,0,0,1,1,0,0x0,0.000248,6.352259,734.907871,0,0.000000,35.311495,6.250173,0.000000,99.930658
"_Z10gpuSwapColiPfiPiS0_",6,0,0,13,31411,1517824,16,0,0,1,1,0,0x0,0.000247,6.376566,737.883206,0,0.000000,35.538991,6.270486,0.000000,99.930308
"_Z10gpuSwapColiPfiPiS0_",7,0,0,14,31411,1517824,16,0,0,1,1,0,0x0,0.000248,6.352467,734.907871,0,0.000000,35.279456,6.242378,0.000000,99.927858
"_Z10gpuSwapColiPfiPiS0_",8,0,0,15,31411,1517824,16,0,0,1,1,0,0x0,0.000243,6.471662,750.029432,0,0.000000,36.260094,6.304128,0.000000,99.961115
"_Z10gpuSwapColiPfiPiS0_",9,0,0,16,31411,1517824,16,0,0,1,1,0,0x0,0.000244,6.469802,750.029432,0,0.000000,36.312734,6.324641,0.000000,99.961115
"_Z10gpuSwapColiPfiPiS0_",10,0,0,17,31411,1517824,16,0,0,1,1,0,0x0,0.000248,6.366165,737.883206,0,0.000000,35.472122,6.222194,0.000000,99.961115
