kernel-name,dispatch,gpu-id,queue-id,queue-index,tid,grd,wgr,lds,scr,vgpr,sgpr,fbar,sig,time,VALUBusy,performance,LDSInsts,LDSBankConflict,L1MemoryBusy,L1MemoryStalled,L2WriteUnitStalled,L2CacheHit
"_Z10gpuSwapColiPfiPiS0_",0,0,0,6,31214,1040384,32,0,0,1,1,0,0x0,0.000101,5.368508,624.353280,0,0.000000,28.376022,5.096742,0.000000,99.818398
"_Z10gpuSwapColiPfiPiS0_",1,0,0,8,31214,1040384,32,0,0,1,1,0,0x0,0.000097,5.583495,650.368000,0,0.000000,30.021591,5.274504,0.000000,99.818462
"_Z10gpuSwapColiPfiPiS0_",2,0,0,9,31214,1040384,32,0,0,1,1,0,0x0,0.000090,5.986001,693.725867,0,0.000000,32.246266,5.693891,0.000000,99.899525
"_Z10gpuSwapColiPfiPiS0_",3,0,0,10,31214,1040384,32,0,0,1,1,0,0x0,0.000093,5.814462,678.644870,0,0.000000,31.048724,5.544355,0.000000,99.818421
"_Z10gpuSwapColiPfiPiS0_",4,0,0,11,31214,1040384,32,0,0,1,1,0,0x0,0.000091,5.933490,693.725867,0,0.000000,31.607898,5.629001,0.000000,99.817329
"_Z10gpuSwapColiPfiPiS0_",5,0,0,12,31214,1040384,32,0,0,1,1,0,0x0,0.000091,5.914597,686.102505,0,0.000000,31.757705,5.630251,0.000000,99.818491
"_Z10gpuSwapColiPfiPiS0_",6,0,0,13,31214,1040384,32,0,0,1,1,0,0x0,0.000091,5.930801,686.102505,0,0.000000,32.258408,5.610830,0.000000,99.818443
"_Z10gpuSwapColiPfiPiS0_",7,0,0,14,31214,1040384,32,0,0,1,1,0,0x0,0.000089,6.037888,701.520539,0,0.000000,32.345427,5.712139,0.000000,99.817413
"_Z10gpuSwapColiPfiPiS0_",8,0,0,15,31214,1040384,32,0,0,1,1,0,0x0,0.000089,6.042618,701.520539,0,0.000000,32.248868,5.795142,0.000000,99.818387
"_Z10gpuSwapColiPfiPiS0_",9,0,0,16,31214,1040384,32,0,0,1,1,0,0x0,0.000087,6.175951,717.647448,0,0.000000,33.957721,5.774112,0.000000,99.899528
"_Z10gpuSwapColiPfiPiS0_",10,0,0,17,31214,1040384,32,0,0,1,1,0,0x0,0.000087,6.174980,717.647448,0,0.000000,33.462493,5.849699,0.000000,99.899528
