kernel-name,dispatch,gpu-id,queue-id,queue-index,tid,grd,wgr,lds,scr,vgpr,sgpr,fbar,sig,time,VALUBusy,performance,LDSInsts,LDSBankConflict,L1MemoryBusy,L1MemoryStalled,L2WriteUnitStalled,L2CacheHit
"_Z20kernelUpdateParticlePdS_S_S_iidd",0,0,0,8,29370,57600,64,0,0,3,2,0,0x0,0.000011,0.425985,39.168000,0,0.000000,3.239262,0.576855,0.000000,85.661765
"_Z20kernelUpdateParticlePdS_S_S_iidd",1,0,0,10,29370,57600,64,0,0,3,2,0,0x0,0.000016,0.282340,26.112000,0,0.000000,2.434428,0.406392,0.000000,72.187500
"_Z20kernelUpdateParticlePdS_S_S_iidd",2,0,0,11,29370,57600,64,0,0,3,2,0,0x0,0.000010,0.443336,39.168000,0,0.000000,3.230948,0.400037,0.000000,85.608856
"_Z20kernelUpdateParticlePdS_S_S_iidd",3,0,0,12,29370,57600,64,0,0,3,2,0,0x0,0.000014,0.326143,30.129231,0,0.000000,2.730222,0.471932,0.000000,72.274143
"_Z20kernelUpdateParticlePdS_S_S_iidd",4,0,0,13,29370,57600,64,0,0,3,2,0,0x0,0.000014,0.328341,30.129231,0,0.000000,2.797370,0.472106,0.000000,72.012579
"_Z20kernelUpdateParticlePdS_S_S_iidd",5,0,0,14,29370,57600,64,0,0,3,2,0,0x0,0.000014,0.319591,27.977143,0,0.000000,2.721269,0.449852,0.000000,72.187500
"_Z20kernelUpdateParticlePdS_S_S_iidd",6,0,0,15,29370,57600,64,0,0,3,2,0,0x0,0.000015,0.301335,27.977143,0,0.000000,2.620169,0.428357,0.000000,72.012579
"_Z20kernelUpdateParticlePdS_S_S_iidd",7,0,0,16,29370,57600,64,0,0,3,2,0,0x0,0.000016,0.278727,24.480000,0,0.000000,2.465576,0.399198,0.000000,72.187500
"_Z20kernelUpdateParticlePdS_S_S_iidd",8,0,0,17,29370,57600,64,0,0,3,2,0,0x0,0.000015,0.305993,27.977143,0,0.000000,2.659034,0.438058,0.000000,72.187500
"_Z20kernelUpdateParticlePdS_S_S_iidd",9,0,0,18,29370,57600,64,0,0,3,2,0,0x0,0.000011,0.410500,39.168000,0,0.000000,2.888724,0.386018,0.000000,85.869565
"_Z20kernelUpdateParticlePdS_S_S_iidd",10,0,0,19,29370,57600,64,0,0,3,2,0,0x0,0.000012,0.363072,32.640000,0,0.000000,2.694686,0.320497,0.000000,85.714286
