kernel-name,dispatch,gpu-id,queue-id,queue-index,tid,grd,wgr,lds,scr,vgpr,sgpr,fbar,sig,time,VALUBusy,performance,LDSInsts,LDSBankConflict,L1MemoryBusy,L1MemoryStalled,L2WriteUnitStalled,L2CacheHit
"_Z16reduceNeighboredPiS_j",0,0,0,4,6890,285696,192,0,0,1,1,0,0x0,0.000010,0.833861,114.624000,0,0.000000,0.180274,0.016389,0.000000,83.574879
"_Z16reduceNeighboredPiS_j",1,0,0,6,6890,285696,192,0,0,1,1,0,0x0,0.000014,0.611707,81.874286,0,0.000000,0.252470,0.097272,0.000000,67.054264
"_Z16reduceNeighboredPiS_j",2,0,0,7,6890,285696,192,0,0,1,1,0,0x0,0.000010,0.880566,127.360000,0,0.000000,0.309943,0.143172,0.000000,83.574879
"_Z16reduceNeighboredPiS_j",3,0,0,8,6890,285696,192,0,0,1,1,0,0x0,0.000013,0.648868,88.172308,0,0.000000,0.238824,0.097385,0.000000,67.054264
"_Z16reduceNeighboredPiS_j",4,0,0,9,6890,285696,192,0,0,1,1,0,0x0,0.000013,0.659573,88.172308,0,0.000000,0.233336,0.108419,0.000000,67.054264
"_Z16reduceNeighboredPiS_j",5,0,0,10,6890,285696,192,0,0,1,1,0,0x0,0.000013,0.663231,88.172308,0,0.000000,0.263071,0.101910,0.000000,67.187500
"_Z16reduceNeighboredPiS_j",6,0,0,11,6890,285696,192,0,0,1,1,0,0x0,0.000013,0.664302,88.172308,0,0.000000,0.306224,0.111570,0.000000,66.796875
"_Z16reduceNeighboredPiS_j",7,0,0,12,6890,285696,192,0,0,1,1,0,0x0,0.000014,0.625405,88.172308,0,0.000000,0.223484,0.105037,0.000000,67.187500
"_Z16reduceNeighboredPiS_j",8,0,0,13,6890,285696,192,0,0,1,1,0,0x0,0.000014,0.631160,88.172308,0,0.000000,0.246966,0.091344,0.000000,67.187500
"_Z16reduceNeighboredPiS_j",9,0,0,14,6890,285696,192,0,0,1,1,0,0x0,0.000010,0.859894,114.624000,0,0.000000,0.321104,0.130592,0.000000,83.574879
"_Z16reduceNeighboredPiS_j",10,0,0,15,6890,285696,192,0,0,1,1,0,0x0,0.000010,0.888619,127.360000,0,0.000000,0.357234,0.136543,0.000000,83.574879
