kernel-name,dispatch,gpu-id,queue-id,queue-index,tid,grd,wgr,lds,scr,vgpr,sgpr,fbar,sig,time,VALUBusy,performance,LDSInsts,LDSBankConflict,L1MemoryBusy,L1MemoryStalled,L2WriteUnitStalled,L2CacheHit
"_Z8FillOnesPfi",0,0,0,2,44223,285696,192,0,0,0,1,0,0x0,0.000012,3.392510,415.557818,0,0.000000,8.441418,1.888781,0.000000,98.697917
"_Z8FillOnesPfi",1,0,0,4,44223,285696,192,0,0,0,1,0,0x0,0.000015,2.544279,304.742400,0,0.000000,7.080614,2.748956,0.000000,97.387580
"_Z8FillOnesPfi",2,0,0,5,44223,285696,192,0,0,0,1,0,0x0,0.000012,3.169334,380.928000,0,0.000000,6.824607,1.575201,0.000000,98.697917
"_Z8FillOnesPfi",3,0,0,6,44223,285696,192,0,0,0,1,0,0x0,0.000014,2.847068,351.625846,0,0.000000,7.233888,2.723480,0.000000,97.408439
"_Z8FillOnesPfi",4,0,0,7,44223,285696,192,0,0,0,1,0,0x0,0.000014,2.848489,351.625846,0,0.000000,6.733823,2.552409,0.000000,97.325059
"_Z8FillOnesPfi",5,0,0,8,44223,285696,192,0,0,0,1,0,0x0,0.000014,2.903159,351.625846,0,0.000000,7.831938,2.397910,0.000000,97.408439
"_Z8FillOnesPfi",6,0,0,9,44223,285696,192,0,0,0,1,0,0x0,0.000015,2.692704,326.509714,0,0.000000,7.459357,2.802085,0.000000,97.387580
"_Z8FillOnesPfi",7,0,0,10,44223,285696,192,0,0,0,1,0,0x0,0.000014,2.762255,326.509714,0,0.000000,7.136100,2.151720,0.000000,97.408439
"_Z8FillOnesPfi",8,0,0,11,44223,285696,192,0,0,0,1,0,0x0,0.000013,2.932589,351.625846,0,0.000000,8.669298,3.068065,0.000000,97.387580
"_Z8FillOnesPfi",9,0,0,12,44223,285696,192,0,0,0,1,0,0x0,0.000012,3.360546,415.557818,0,0.000000,8.268201,1.971360,0.000000,98.697917
"_Z8FillOnesPfi",10,0,0,13,44223,285696,192,0,0,0,1,0,0x0,0.000012,3.207388,380.928000,0,0.000000,7.687002,1.775496,0.000000,98.697917
