kernel-name,dispatch,gpu-id,queue-id,queue-index,tid,grd,wgr,lds,scr,vgpr,sgpr,fbar,sig,time,VALUBusy,performance,LDSInsts,LDSBankConflict,L1MemoryBusy,L1MemoryStalled,L2WriteUnitStalled,L2CacheHit
"_Z8FillOnesPfi",0,0,0,2,44108,246016,16,0,0,0,1,0,0x0,0.000044,3.084214,366.163349,0,0.000000,17.030753,3.854109,0.000000,99.613402
"_Z8FillOnesPfi",1,0,0,4,44108,246016,16,0,0,0,1,0,0x0,0.000048,2.827690,335.000511,0,0.000000,16.035676,3.989303,0.000000,99.166132
"_Z8FillOnesPfi",2,0,0,5,44108,246016,16,0,0,0,1,0,0x0,0.000044,3.081138,366.163349,0,0.000000,17.079314,3.888026,0.000000,99.613402
"_Z8FillOnesPfi",3,0,0,6,44108,246016,16,0,0,0,1,0,0x0,0.000046,2.958299,349.889422,0,0.000000,16.857069,4.282675,0.000000,99.185218
"_Z8FillOnesPfi",4,0,0,7,44108,246016,16,0,0,0,1,0,0x0,0.000046,2.960243,349.889422,0,0.000000,16.848979,4.181099,0.000000,99.172493
"_Z8FillOnesPfi",5,0,0,8,44108,246016,16,0,0,0,1,0,0x0,0.000046,2.954741,349.889422,0,0.000000,16.546755,4.065032,0.000000,99.185218
"_Z8FillOnesPfi",6,0,0,9,44108,246016,16,0,0,0,1,0,0x0,0.000046,2.943599,349.889422,0,0.000000,16.711024,4.109603,0.000000,99.217045
"_Z8FillOnesPfi",7,0,0,10,44108,246016,16,0,0,0,1,0,0x0,0.000046,2.940197,349.889422,0,0.000000,16.424511,4.066779,0.000000,99.191582
"_Z8FillOnesPfi",8,0,0,11,44108,246016,16,0,0,0,1,0,0x0,0.000044,3.076184,366.163349,0,0.000000,17.057192,3.878930,0.000000,99.613402
"_Z8FillOnesPfi",9,0,0,12,44108,246016,16,0,0,0,1,0,0x0,0.000044,3.076972,366.163349,0,0.000000,16.886527,3.851107,0.000000,99.613402
"_Z8FillOnesPfi",10,0,0,13,44108,246016,16,0,0,0,1,0,0x0,0.000044,3.077454,366.163349,0,0.000000,17.000541,3.857759,0.000000,99.613402
