kernel-name,dispatch,gpu-id,queue-id,queue-index,tid,grd,wgr,lds,scr,vgpr,sgpr,fbar,sig,time,VALUBusy,performance,LDSInsts,LDSBankConflict,L1MemoryBusy,L1MemoryStalled,L2WriteUnitStalled,L2CacheHit
"_Z27imperviousness_change_largePKhS0_jjPii",0,0,0,6,76364,1040384,32,0,0,3,2,0,0x0,0.000087,2.202958,194.798140,0,0.000000,0.061483,0.005933,0.000000,87.162162
"_Z27imperviousness_change_largePKhS0_jjPii",1,0,0,8,76364,1040384,32,0,0,3,2,0,0x0,0.000091,2.106657,186.140444,0,0.000000,0.058795,0.105728,0.000000,73.925501
"_Z27imperviousness_change_largePKhS0_jjPii",2,0,0,9,76364,1040384,32,0,0,3,2,0,0x0,0.000087,2.203862,194.798140,0,0.000000,0.061508,0.005935,0.000000,87.162162
"_Z27imperviousness_change_largePKhS0_jjPii",3,0,0,10,76364,1040384,32,0,0,3,2,0,0x0,0.000089,2.140377,188.231910,0,0.000000,0.059736,0.107421,0.000000,73.925501
"_Z27imperviousness_change_largePKhS0_jjPii",4,0,0,11,76364,1040384,32,0,0,3,2,0,0x0,0.000090,2.137226,188.231910,0,0.000000,0.059648,0.108483,0.000000,73.504274
"_Z27imperviousness_change_largePKhS0_jjPii",5,0,0,12,76364,1040384,32,0,0,3,2,0,0x0,0.000090,2.135617,188.231910,0,0.000000,0.059603,0.109622,0.000000,73.504274
"_Z27imperviousness_change_largePKhS0_jjPii",6,0,0,13,76364,1040384,32,0,0,3,2,0,0x0,0.000090,2.132005,188.231910,0,0.000000,0.059503,0.111176,0.000000,73.925501
"_Z27imperviousness_change_largePKhS0_jjPii",7,0,0,14,76364,1040384,32,0,0,3,2,0,0x0,0.000090,2.131546,188.231910,0,0.000000,0.059490,0.113761,0.000000,73.925501
"_Z27imperviousness_change_largePKhS0_jjPii",8,0,0,15,76364,1040384,32,0,0,3,2,0,0x0,0.000087,2.200221,192.559080,0,0.000000,0.061407,0.005925,0.000000,87.162162
"_Z27imperviousness_change_largePKhS0_jjPii",9,0,0,16,76364,1040384,32,0,0,3,2,0,0x0,0.000087,2.200458,192.559080,0,0.000000,0.061413,0.005926,0.000000,87.162162
"_Z27imperviousness_change_largePKhS0_jjPii",10,0,0,17,76364,1040384,32,0,0,3,2,0,0x0,0.000087,2.201249,194.798140,0,0.000000,0.061435,0.005928,0.000000,87.162162
