kernel-name,dispatch,gpu-id,queue-id,queue-index,tid,grd,wgr,lds,scr,vgpr,sgpr,fbar,sig,time,VALUBusy,performance,LDSInsts,LDSBankConflict,L1MemoryBusy,L1MemoryStalled,L2WriteUnitStalled,L2CacheHit
"_Z15canberra_kernelPKfmmS0_mmmPfmf",0,0,0,6,124102,1040384,128,128,0,3,3,0,0x0,0.000043,13.889169,1596.868465,32512,0.000000,27.388010,3.057142,0.000000,98.608508
"_Z15canberra_kernelPKfmmS0_mmmPfmf",1,0,0,8,124102,1040384,128,128,0,3,3,0,0x0,0.000041,14.608748,1674.764488,32512,0.000000,27.334267,2.779249,0.000000,98.598524
"_Z15canberra_kernelPKfmmS0_mmmPfmf",2,0,0,9,124102,1040384,128,128,0,3,3,0,0x0,0.000034,17.982971,2080.768000,32512,0.000000,32.712910,3.207385,0.000000,98.894027
"_Z15canberra_kernelPKfmmS0_mmmPfmf",3,0,0,10,124102,1040384,128,128,0,3,3,0,0x0,0.000035,16.996249,1961.866971,32512,0.000000,33.664530,3.897322,0.000000,98.610071
"_Z15canberra_kernelPKfmmS0_mmmPfmf",4,0,0,11,124102,1040384,128,128,0,3,3,0,0x0,0.000035,17.307727,2019.568941,32512,0.000000,32.018936,3.369824,0.000000,98.601883
"_Z15canberra_kernelPKfmmS0_mmmPfmf",5,0,0,12,124102,1040384,128,128,0,3,3,0,0x0,0.000035,17.282624,2019.568941,32512,0.000000,33.533878,3.622780,0.000000,98.585566
"_Z15canberra_kernelPKfmmS0_mmmPfmf",6,0,0,13,124102,1040384,128,128,0,3,3,0,0x0,0.000034,17.592593,2019.568941,32512,0.000000,31.561224,3.361494,0.000000,98.565816
"_Z15canberra_kernelPKfmmS0_mmmPfmf",7,0,0,14,124102,1040384,128,128,0,3,3,0,0x0,0.000034,17.678627,2019.568941,32512,0.000000,31.717860,3.272158,0.000000,98.596524
"_Z15canberra_kernelPKfmmS0_mmmPfmf",8,0,0,15,124102,1040384,128,128,0,3,3,0,0x0,0.000034,17.738082,2019.568941,32512,0.000000,32.632686,3.530341,0.000000,98.587939
"_Z15canberra_kernelPKfmmS0_mmmPfmf",9,0,0,16,124102,1040384,128,128,0,3,3,0,0x0,0.000030,19.895698,2288.844800,32512,0.000000,36.920516,3.731989,0.000000,98.918869
"_Z15canberra_kernelPKfmmS0_mmmPfmf",10,0,0,17,124102,1040384,128,128,0,3,3,0,0x0,0.000031,19.229773,2215.011097,32512,0.000000,34.803658,3.440719,0.000000,98.915787
