kernel-name,dispatch,gpu-id,queue-id,queue-index,tid,grd,wgr,lds,scr,vgpr,sgpr,fbar,sig,time,VALUBusy,performance,LDSInsts,LDSBankConflict,L1MemoryBusy,L1MemoryStalled,L2WriteUnitStalled,L2CacheHit
"compare_and_set",0,0,0,4,100001,2822400,16,0,0,1,2,0,0x0,0.000447,12.739459,1315.376107,0,0.000000,1.828885,0.160653,0.000000,94.561934
"compare_and_set",1,0,0,6,100001,2822400,16,0,0,1,2,0,0x0,0.000452,12.603528,1300.825487,0,0.000000,1.791326,0.159907,0.000000,87.832168
"compare_and_set",2,0,0,7,100001,2822400,16,0,0,1,2,0,0x0,0.000447,12.739335,1315.376107,0,0.000000,1.806191,0.161175,0.000000,94.578313
"compare_and_set",3,0,0,8,100001,2822400,16,0,0,1,2,0,0x0,0.000450,12.666666,1309.516971,0,0.000000,1.800474,0.160881,0.000000,87.832168
"compare_and_set",4,0,0,9,100001,2822400,16,0,0,1,2,0,0x0,0.000451,12.621975,1303.709800,0,0.000000,1.807795,0.179492,0.000000,70.200893
"compare_and_set",5,0,0,10,100001,2822400,16,0,0,1,2,0,0x0,0.000449,12.701082,1312.440000,0,0.000000,1.800663,0.160587,0.000000,94.452774
"compare_and_set",6,0,0,11,100001,2822400,16,0,0,1,2,0,0x0,0.000450,12.653900,1306.606933,0,0.000000,1.794529,0.160546,0.000000,87.832168
"compare_and_set",7,0,0,12,100001,2822400,16,0,0,1,2,0,0x0,0.000448,12.727044,1315.376107,0,0.000000,1.804518,0.161090,0.000000,94.586466
"compare_and_set",8,0,0,13,100001,2822400,16,0,0,1,2,0,0x0,0.000447,12.732875,1315.376107,0,0.000000,1.807196,0.159033,0.000000,94.578313
"compare_and_set",9,0,0,14,100001,2822400,16,0,0,1,2,0,0x0,0.000447,12.731363,1315.376107,0,0.000000,1.805131,0.161144,0.000000,94.594595
"compare_and_set",10,0,0,15,100001,2822400,16,0,0,1,2,0,0x0,0.000447,12.735063,1315.376107,0,0.000000,1.805586,0.161121,0.000000,94.578313
