kernel-name,dispatch,gpu-id,queue-id,queue-index,tid,grd,wgr,lds,scr,vgpr,sgpr,fbar,sig,time,VALUBusy,performance,LDSInsts,LDSBankConflict,L1MemoryBusy,L1MemoryStalled,L2WriteUnitStalled,L2CacheHit
"compare_and_set",0,0,0,4,100408,4145152,128,0,0,1,2,0,0x0,0.000086,24.175832,2507.180651,0,0.000000,0.056802,0.003980,0.000000,87.713311
"compare_and_set",1,0,0,6,100408,4145152,128,0,0,1,2,0,0x0,0.000091,22.900716,2369.423473,0,0.000000,0.149423,0.099387,0.000000,69.836957
"compare_and_set",2,0,0,7,100408,4145152,128,0,0,1,2,0,0x0,0.000087,24.036345,2507.180651,0,0.000000,0.064567,0.005396,0.000000,87.713311
"compare_and_set",3,0,0,8,100408,4145152,128,0,0,1,2,0,0x0,0.000089,23.431846,2422.668944,0,0.000000,0.154641,0.102744,0.000000,69.836957
"compare_and_set",4,0,0,9,100408,4145152,128,0,0,1,2,0,0x0,0.000089,23.457180,2422.668944,0,0.000000,0.151123,0.099871,0.000000,69.836957
"compare_and_set",5,0,0,10,100408,4145152,128,0,0,1,2,0,0x0,0.000089,23.393619,2422.668944,0,0.000000,0.163316,0.105727,0.000000,69.836957
"compare_and_set",6,0,0,11,100408,4145152,128,0,0,1,2,0,0x0,0.000089,23.346377,2422.668944,0,0.000000,0.160366,0.107260,0.000000,69.836957
"compare_and_set",7,0,0,12,100408,4145152,128,0,0,1,2,0,0x0,0.000090,23.264931,2422.668944,0,0.000000,0.164333,0.107060,0.000000,69.836957
"compare_and_set",8,0,0,13,100408,4145152,128,0,0,1,2,0,0x0,0.000088,23.733617,2478.362483,0,0.000000,0.057183,0.003907,0.000000,87.713311
"compare_and_set",9,0,0,14,100408,4145152,128,0,0,1,2,0,0x0,0.000087,23.909403,2478.362483,0,0.000000,0.056176,0.003936,0.000000,87.713311
"compare_and_set",10,0,0,15,100408,4145152,128,0,0,1,2,0,0x0,0.000087,23.933895,2478.362483,0,0.000000,0.057666,0.003940,0.000000,87.713311
