kernel-name,dispatch,gpu-id,queue-id,queue-index,tid,grd,wgr,lds,scr,vgpr,sgpr,fbar,sig,time,VALUBusy,performance,LDSInsts,LDSBankConflict,L1MemoryBusy,L1MemoryStalled,L2WriteUnitStalled,L2CacheHit
"_Z13mergeLocationPK15HIP_vector_typeIsLj2EEPfS3_if",0,0,0,6,17304,1655808,192,0,0,1,1,0,0x0,0.000035,1.472664,195.986824,0,0.000000,0.065603,0.009501,0.000000,84.792627
"_Z13mergeLocationPK15HIP_vector_typeIsLj2EEPfS3_if",1,0,0,8,17304,1655808,192,0,0,1,1,0,0x0,0.000036,1.397188,185.098667,0,0.000000,0.393616,0.277291,0.000000,68.283582
"_Z13mergeLocationPK15HIP_vector_typeIsLj2EEPfS3_if",2,0,0,9,17304,1655808,192,0,0,1,1,0,0x0,0.000032,1.590070,214.953290,0,0.000000,0.104539,0.045919,0.000000,84.792627
"_Z13mergeLocationPK15HIP_vector_typeIsLj2EEPfS3_if",3,0,0,10,17304,1655808,192,0,0,1,1,0,0x0,0.000034,1.480865,195.986824,0,0.000000,0.337119,0.282979,0.000000,67.896679
"_Z13mergeLocationPK15HIP_vector_typeIsLj2EEPfS3_if",4,0,0,11,17304,1655808,192,0,0,1,1,0,0x0,0.000033,1.521170,201.925818,0,0.000000,0.353771,0.298159,0.000000,68.401487
"_Z13mergeLocationPK15HIP_vector_typeIsLj2EEPfS3_if",5,0,0,12,17304,1655808,192,0,0,1,1,0,0x0,0.000033,1.561630,208.236000,0,0.000000,0.376135,0.319043,0.000000,68.283582
"_Z13mergeLocationPK15HIP_vector_typeIsLj2EEPfS3_if",6,0,0,13,17304,1655808,192,0,0,1,1,0,0x0,0.000035,1.436021,190.387200,0,0.000000,0.438086,0.330880,0.000000,68.283582
"_Z13mergeLocationPK15HIP_vector_typeIsLj2EEPfS3_if",7,0,0,14,17304,1655808,192,0,0,1,1,0,0x0,0.000034,1.500692,201.925818,0,0.000000,0.393269,0.338405,0.000000,68.401487
"_Z13mergeLocationPK15HIP_vector_typeIsLj2EEPfS3_if",8,0,0,15,17304,1655808,192,0,0,1,1,0,0x0,0.000031,1.650408,222.118400,0,0.000000,0.138928,0.043605,0.000000,84.722222
"_Z13mergeLocationPK15HIP_vector_typeIsLj2EEPfS3_if",9,0,0,16,17304,1655808,192,0,0,1,1,0,0x0,0.000032,1.593276,214.953290,0,0.000000,0.168873,0.053354,0.000000,84.722222
"_Z13mergeLocationPK15HIP_vector_typeIsLj2EEPfS3_if",10,0,0,17,17304,1655808,192,0,0,1,1,0,0x0,0.000032,1.586165,208.236000,0,0.000000,0.133520,0.020467,0.000000,84.722222
