kernel-name,dispatch,gpu-id,queue-id,queue-index,tid,grd,wgr,lds,scr,vgpr,sgpr,fbar,sig,time,VALUBusy,performance,LDSInsts,LDSBankConflict,L1MemoryBusy,L1MemoryStalled,L2WriteUnitStalled,L2CacheHit
"_Z13mergeLocationPK15HIP_vector_typeIsLj2EEPfS3_if",0,0,0,6,17513,3010560,128,0,0,1,1,0,0x0,0.000064,1.437568,189.000000,0,0.000000,0.389078,0.053775,0.000000,85.398230
"_Z13mergeLocationPK15HIP_vector_typeIsLj2EEPfS3_if",1,0,0,8,17513,3010560,128,0,0,1,1,0,0x0,0.000070,1.323773,175.304348,0,0.000000,0.513332,0.180372,0.000000,69.314079
"_Z13mergeLocationPK15HIP_vector_typeIsLj2EEPfS3_if",2,0,0,9,17513,3010560,128,0,0,1,1,0,0x0,0.000064,1.438043,189.000000,0,0.000000,0.403811,0.067910,0.000000,85.398230
"_Z13mergeLocationPK15HIP_vector_typeIsLj2EEPfS3_if",3,0,0,10,17513,3010560,128,0,0,1,1,0,0x0,0.000068,1.363641,180.537313,0,0.000000,0.526714,0.183727,0.000000,69.314079
"_Z13mergeLocationPK15HIP_vector_typeIsLj2EEPfS3_if",4,0,0,11,17513,3010560,128,0,0,1,1,0,0x0,0.000067,1.376078,180.537313,0,0.000000,0.387109,0.133928,0.000000,69.424460
"_Z13mergeLocationPK15HIP_vector_typeIsLj2EEPfS3_if",5,0,0,12,17513,3010560,128,0,0,1,1,0,0x0,0.000067,1.378133,183.272727,0,0.000000,0.387921,0.138093,0.000000,69.424460
"_Z13mergeLocationPK15HIP_vector_typeIsLj2EEPfS3_if",6,0,0,13,17513,3010560,128,0,0,1,1,0,0x0,0.000068,1.354251,177.882353,0,0.000000,0.380052,0.138909,0.000000,69.424460
"_Z13mergeLocationPK15HIP_vector_typeIsLj2EEPfS3_if",7,0,0,14,17513,3010560,128,0,0,1,1,0,0x0,0.000067,1.370143,180.537313,0,0.000000,0.544300,0.191096,0.000000,69.314079
"_Z13mergeLocationPK15HIP_vector_typeIsLj2EEPfS3_if",8,0,0,15,17513,3010560,128,0,0,1,1,0,0x0,0.000065,1.429996,189.000000,0,0.000000,0.403003,0.068983,0.000000,85.398230
"_Z13mergeLocationPK15HIP_vector_typeIsLj2EEPfS3_if",9,0,0,16,17513,3010560,128,0,0,1,1,0,0x0,0.000065,1.430231,189.000000,0,0.000000,0.401617,0.067541,0.000000,85.398230
"_Z13mergeLocationPK15HIP_vector_typeIsLj2EEPfS3_if",10,0,0,17,17513,3010560,128,0,0,1,1,0,0x0,0.000065,1.416393,186.092308,0,0.000000,0.399170,0.068326,0.000000,85.398230
