kernel-name,dispatch,gpu-id,queue-id,queue-index,tid,grd,wgr,lds,scr,vgpr,sgpr,fbar,sig,time,VALUBusy,performance,LDSInsts,LDSBankConflict,L1MemoryBusy,L1MemoryStalled,L2WriteUnitStalled,L2CacheHit
"_Z14UnpackPointersPiS_iii",0,0,0,4,117181,61440,128,0,0,9,2,0,0x0,0.000049,21.667220,2560.000000,0,0.000000,19.059555,0.000000,0.000000,98.198198
"_Z14UnpackPointersPiS_iii",1,0,0,6,117181,61440,128,0,0,9,2,0,0x0,0.000054,19.766968,2318.490566,0,0.000000,17.443635,0.000000,0.000000,96.616930
"_Z14UnpackPointersPiS_iii",2,0,0,7,117181,61440,128,0,0,9,2,0,0x0,0.000049,21.729942,2560.000000,0,0.000000,19.108964,0.000000,0.000000,98.198198
"_Z14UnpackPointersPiS_iii",3,0,0,8,117181,61440,128,0,0,9,2,0,0x0,0.000052,20.471329,2409.411765,0,0.000000,18.046204,0.000000,0.000000,96.616930
"_Z14UnpackPointersPiS_iii",4,0,0,9,117181,61440,128,0,0,9,2,0,0x0,0.000054,19.622698,2275.555556,0,0.000000,17.196030,0.000000,0.000000,96.616930
"_Z14UnpackPointersPiS_iii",5,0,0,10,117181,61440,128,0,0,9,2,0,0x0,0.000054,19.462641,2275.555556,0,0.000000,17.099935,0.000000,0.000000,96.616930
"_Z14UnpackPointersPiS_iii",6,0,0,11,117181,61440,128,0,0,9,2,0,0x0,0.000054,19.519520,2275.555556,0,0.000000,17.195069,0.000000,0.000000,96.616930
"_Z14UnpackPointersPiS_iii",7,0,0,12,117181,61440,128,0,0,9,2,0,0x0,0.000054,19.576732,2275.555556,0,0.000000,17.381345,0.000000,0.000000,96.616930
"_Z14UnpackPointersPiS_iii",8,0,0,13,117181,61440,128,0,0,9,2,0,0x0,0.000054,19.575151,2275.555556,0,0.000000,17.331479,0.000000,0.000000,96.616930
"_Z14UnpackPointersPiS_iii",9,0,0,14,117181,61440,128,0,0,9,2,0,0x0,0.000051,20.725167,2409.411765,0,0.000000,18.126733,0.000000,0.000000,98.198198
"_Z14UnpackPointersPiS_iii",10,0,0,15,117181,61440,128,0,0,9,2,0,0x0,0.000052,20.452573,2409.411765,0,0.000000,17.972706,0.000000,0.000000,98.198198
