kernel-name,dispatch,gpu-id,queue-id,queue-index,tid,grd,wgr,lds,scr,vgpr,sgpr,fbar,sig,time,VALUBusy,performance,LDSInsts,LDSBankConflict,L1MemoryBusy,L1MemoryStalled,L2WriteUnitStalled,L2CacheHit
"_Z13SubtractMultiPfS_iii",0,0,0,4,67302,57600,64,0,0,1,1,0,0x0,0.000008,0.980586,131.657143,0,0.000000,2.941759,0.396197,0.000000,92.523364
"_Z13SubtractMultiPfS_iii",1,0,0,6,67302,57600,64,0,0,1,1,0,0x0,0.000012,0.644363,76.800000,0,0.000000,2.645144,0.246030,0.000000,85.993485
"_Z13SubtractMultiPfS_iii",2,0,0,7,67302,57600,64,0,0,1,1,0,0x0,0.000008,0.990238,131.657143,0,0.000000,3.344803,0.426102,0.000000,92.523364
"_Z13SubtractMultiPfS_iii",3,0,0,8,67302,57600,64,0,0,1,1,0,0x0,0.000010,0.786513,102.400000,0,0.000000,3.220732,0.298716,0.000000,85.993485
"_Z13SubtractMultiPfS_iii",4,0,0,9,67302,57600,64,0,0,1,1,0,0x0,0.000010,0.795973,102.400000,0,0.000000,3.309320,0.302309,0.000000,85.993485
"_Z13SubtractMultiPfS_iii",5,0,0,10,67302,57600,64,0,0,1,1,0,0x0,0.000010,0.785615,102.400000,0,0.000000,3.205942,0.293614,0.000000,85.993485
"_Z13SubtractMultiPfS_iii",6,0,0,11,67302,57600,64,0,0,1,1,0,0x0,0.000010,0.754527,92.160000,0,0.000000,3.066886,0.283519,0.000000,85.993485
"_Z13SubtractMultiPfS_iii",7,0,0,12,67302,57600,64,0,0,1,1,0,0x0,0.000011,0.736476,92.160000,0,0.000000,3.106588,0.278224,0.000000,85.993485
"_Z13SubtractMultiPfS_iii",8,0,0,13,67302,57600,64,0,0,1,1,0,0x0,0.000010,0.749364,92.160000,0,0.000000,3.130677,0.280065,0.000000,85.993485
"_Z13SubtractMultiPfS_iii",9,0,0,14,67302,57600,64,0,0,1,1,0,0x0,0.000008,0.963785,115.200000,0,0.000000,3.017913,0.410826,0.000000,92.523364
"_Z13SubtractMultiPfS_iii",10,0,0,15,67302,57600,64,0,0,1,1,0,0x0,0.000008,0.942857,115.200000,0,0.000000,2.979048,0.396190,0.000000,92.523364
