kernel-name,dispatch,gpu-id,queue-id,queue-index,tid,grd,wgr,lds,scr,vgpr,sgpr,fbar,sig,time,VALUBusy,performance,LDSInsts,LDSBankConflict,L1MemoryBusy,L1MemoryStalled,L2WriteUnitStalled,L2CacheHit
"_Z13vecAdd_kernelPfPKfS1_",0,0,0,6,49644,1032256,16,0,0,1,1,0,0x0,0.005383,6.004502,785.603972,0,0.000000,99.277170,54.162910,0.000000,99.999294
"_Z13vecAdd_kernelPfPKfS1_",1,0,0,8,49644,1032256,16,0,0,1,1,0,0x0,0.005392,5.993956,784.146991,0,0.000000,99.079926,54.066145,0.000000,99.999054
"_Z13vecAdd_kernelPfPKfS1_",2,0,0,9,49644,1032256,16,0,0,1,1,0,0x0,0.005386,6.001167,785.166309,0,0.000000,99.134324,53.920157,0.000000,99.998634
"_Z13vecAdd_kernelPfPKfS1_",3,0,0,10,49644,1032256,16,0,0,1,1,0,0x0,0.005392,5.994151,784.146991,0,0.000000,99.020313,54.007467,0.000000,99.999292
"_Z13vecAdd_kernelPfPKfS1_",4,0,0,11,49644,1032256,16,0,0,1,1,0,0x0,0.005386,6.001281,785.166309,0,0.000000,99.201825,54.133194,0.000000,99.999295
"_Z13vecAdd_kernelPfPKfS1_",5,0,0,12,49644,1032256,16,0,0,1,1,0,0x0,0.005393,5.993312,784.146991,0,0.000000,99.094567,53.930818,0.000000,99.999294
"_Z13vecAdd_kernelPfPKfS1_",6,0,0,13,49644,1032256,16,0,0,1,1,0,0x0,0.005385,6.001710,785.166309,0,0.000000,99.184061,53.932186,0.000000,99.999295
"_Z13vecAdd_kernelPfPKfS1_",7,0,0,14,49644,1032256,16,0,0,1,1,0,0x0,0.005393,5.993016,784.001590,0,0.000000,99.020663,53.910092,0.000000,99.999295
"_Z13vecAdd_kernelPfPKfS1_",8,0,0,15,49644,1032256,16,0,0,1,1,0,0x0,0.005387,6.000089,785.020530,0,0.000000,99.168565,54.041746,0.000000,99.999295
"_Z13vecAdd_kernelPfPKfS1_",9,0,0,16,49644,1032256,16,0,0,1,1,0,0x0,0.005390,5.997017,784.583518,0,0.000000,99.093691,54.002504,0.000000,99.999295
"_Z13vecAdd_kernelPfPKfS1_",10,0,0,17,49644,1032256,16,0,0,1,1,0,0x0,0.005386,6.000673,785.020530,0,0.000000,99.167730,53.993914,0.000000,99.999295
