kernel-name,dispatch,gpu-id,queue-id,queue-index,tid,grd,wgr,lds,scr,vgpr,sgpr,fbar,sig,time,VALUBusy,performance,LDSInsts,LDSBankConflict,L1MemoryBusy,L1MemoryStalled,L2WriteUnitStalled,L2CacheHit
"_Z6BpropHPKfPfS0_S1_fi",0,0,0,8,40256,2822400,64,0,0,3,2,0,0x0,0.000245,8.265156,948.511475,0,0.000000,74.767442,55.337360,0.135260,94.347873
"_Z6BpropHPKfPfS0_S1_fi",1,0,0,10,40256,2822400,64,0,0,3,2,0,0x0,0.000200,10.096122,1157.184000,0,0.000000,92.012105,67.503881,0.000000,94.343218
"_Z6BpropHPKfPfS0_S1_fi",2,0,0,11,40256,2822400,64,0,0,3,2,0,0x0,0.000239,8.462929,968.354812,0,0.000000,77.143240,56.769494,0.060102,94.330919
"_Z6BpropHPKfPfS0_S1_fi",3,0,0,12,40256,2822400,64,0,0,3,2,0,0x0,0.000200,10.138094,1162.998995,0,0.000000,89.179929,63.348182,0.000000,94.315256
"_Z6BpropHPKfPfS0_S1_fi",4,0,0,13,40256,2822400,64,0,0,3,2,0,0x0,0.000199,10.180159,1168.872727,0,0.000000,92.042747,68.808310,1.009028,94.401209
"_Z6BpropHPKfPfS0_S1_fi",5,0,0,14,40256,2822400,64,0,0,3,2,0,0x0,0.000245,8.261719,944.640000,0,0.000000,74.191135,55.100383,0.459184,94.363951
"_Z6BpropHPKfPfS0_S1_fi",6,0,0,15,40256,2822400,64,0,0,3,2,0,0x0,0.000201,10.051127,1151.426866,0,0.000000,91.742005,68.159550,0.310355,94.429294
"_Z6BpropHPKfPfS0_S1_fi",7,0,0,16,40256,2822400,64,0,0,3,2,0,0x0,0.000201,10.081194,1157.184000,0,0.000000,91.658781,67.945080,0.663033,94.464133
"_Z6BpropHPKfPfS0_S1_fi",8,0,0,17,40256,2822400,64,0,0,3,2,0,0x0,0.000238,8.494004,972.423529,0,0.000000,76.102930,55.613525,0.479962,94.393114
"_Z6BpropHPKfPfS0_S1_fi",9,0,0,18,40256,2822400,64,0,0,3,2,0,0x0,0.000201,10.054123,1151.426866,0,0.000000,91.720452,67.112391,0.164537,94.397923
"_Z6BpropHPKfPfS0_S1_fi",10,0,0,19,40256,2822400,64,0,0,3,2,0,0x0,0.000244,8.304960,952.414815,0,0.000000,75.578458,55.912929,0.543647,94.370333
