kernel-name,dispatch,gpu-id,queue-id,queue-index,tid,grd,wgr,lds,scr,vgpr,sgpr,fbar,sig,time,VALUBusy,performance,LDSInsts,LDSBankConflict,L1MemoryBusy,L1MemoryStalled,L2WriteUnitStalled,L2CacheHit
"rdiv_double",0,0,0,6,123613,2822400,16,0,0,3,1,0,0x0,0.000448,42.305533,1212.306040,0,0.000000,50.214553,4.507209,0.000000,99.627463
"rdiv_double",1,0,0,8,123613,2822400,16,0,0,3,1,0,0x0,0.000454,41.778584,1196.249007,0,0.000000,49.574828,4.484096,0.000000,99.551719
"rdiv_double",2,0,0,9,123613,2822400,16,0,0,3,1,0,0x0,0.000448,42.292317,1209.600000,0,0.000000,50.189554,4.504593,0.000000,99.627463
"rdiv_double",3,0,0,10,123613,2822400,16,0,0,3,1,0,0x0,0.000452,41.970250,1201.553880,0,0.000000,49.683403,4.522955,0.000000,99.547234
"rdiv_double",4,0,0,11,123613,2822400,16,0,0,3,1,0,0x0,0.000452,41.885719,1198.895575,0,0.000000,49.989813,4.885482,0.000000,99.344712
"rdiv_double",5,0,0,12,123613,2822400,16,0,0,3,1,0,0x0,0.000449,42.252942,1209.600000,0,0.000000,50.146316,4.498415,0.000000,99.626901
"rdiv_double",6,0,0,13,123613,2822400,16,0,0,3,1,0,0x0,0.000452,41.913256,1198.895575,0,0.000000,49.614486,4.502460,0.000000,99.557325
"rdiv_double",7,0,0,14,123613,2822400,16,0,0,3,1,0,0x0,0.000448,42.296793,1209.600000,0,0.000000,50.185003,4.504352,0.000000,99.627463
"rdiv_double",8,0,0,15,123613,2822400,16,0,0,3,1,0,0x0,0.000448,42.296929,1209.600000,0,0.000000,50.260296,4.503185,0.000000,99.627463
"rdiv_double",9,0,0,16,123613,2822400,16,0,0,3,1,0,0x0,0.000448,42.296204,1209.600000,0,0.000000,50.141411,4.502716,0.000000,99.627463
"rdiv_double",10,0,0,17,123613,2822400,16,0,0,3,1,0,0x0,0.000448,42.296302,1209.600000,0,0.000000,50.170914,4.504117,0.000000,99.627463
