kernel-name,dispatch,gpu-id,queue-id,queue-index,tid,grd,wgr,lds,scr,vgpr,sgpr,fbar,sig,time,VALUBusy,performance,LDSInsts,LDSBankConflict,L1MemoryBusy,L1MemoryStalled,L2WriteUnitStalled,L2CacheHit
"_Z3addPiS_S_",0,0,0,6,63832,802816,256,0,0,0,1,0,0x0,0.000015,1.588846,214.084267,0,0.000000,14.627918,2.453186,0.000000,98.943858
"_Z3addPiS_S_",1,0,0,8,63832,802816,256,0,0,0,1,0,0x0,0.000022,1.115189,152.917333,0,0.000000,9.975534,1.753862,0.000000,98.259350
"_Z3addPiS_S_",2,0,0,9,63832,802816,256,0,0,0,1,0,0x0,0.000015,1.585376,214.084267,0,0.000000,14.679892,2.477150,0.000000,98.936468
"_Z3addPiS_S_",3,0,0,10,63832,802816,256,0,0,0,1,0,0x0,0.000020,1.247851,169.013895,0,0.000000,11.155854,1.951359,0.000000,98.273830
"_Z3addPiS_S_",4,0,0,11,63832,802816,256,0,0,0,1,0,0x0,0.000020,1.250399,169.013895,0,0.000000,11.270335,2.043860,0.000000,98.258376
"_Z3addPiS_S_",5,0,0,12,63832,802816,256,0,0,0,1,0,0x0,0.000020,1.221907,160.563200,0,0.000000,11.088339,1.959883,0.000000,98.255203
"_Z3addPiS_S_",6,0,0,13,63832,802816,256,0,0,0,1,0,0x0,0.000020,1.212159,160.563200,0,0.000000,10.825165,1.888587,0.000000,98.265171
"_Z3addPiS_S_",7,0,0,14,63832,802816,256,0,0,0,1,0,0x0,0.000020,1.207491,160.563200,0,0.000000,10.975234,2.191658,0.000000,98.251480
"_Z3addPiS_S_",8,0,0,15,63832,802816,256,0,0,0,1,0,0x0,0.000020,1.204856,160.563200,0,0.000000,10.949746,2.202244,0.000000,98.265816
"_Z3addPiS_S_",9,0,0,16,63832,802816,256,0,0,0,1,0,0x0,0.000015,1.583966,214.084267,0,0.000000,14.865848,2.510304,0.000000,98.934978
"_Z3addPiS_S_",10,0,0,17,63832,802816,256,0,0,0,1,0,0x0,0.000015,1.588910,214.084267,0,0.000000,14.577844,2.467472,0.000000,98.941209
