kernel-name,dispatch,gpu-id,queue-id,queue-index,tid,grd,wgr,lds,scr,vgpr,sgpr,fbar,sig,time,VALUBusy,performance,LDSInsts,LDSBankConflict,L1MemoryBusy,L1MemoryStalled,L2WriteUnitStalled,L2CacheHit
"_Z3addPiS_S_",0,0,0,6,63248,61440,32,0,0,0,1,0,0x0,0.000010,0.368098,49.152000,0,0.000000,7.450920,1.776074,0.000000,97.829861
"_Z3addPiS_S_",1,0,0,8,63248,61440,32,0,0,0,1,0,0x0,0.000016,0.237784,32.768000,0,0.000000,3.652954,1.034360,0.000000,93.877551
"_Z3addPiS_S_",2,0,0,9,63248,61440,32,0,0,0,1,0,0x0,0.000010,0.368030,49.152000,0,0.000000,8.047599,1.901491,0.000000,97.829861
"_Z3addPiS_S_",3,0,0,10,63248,61440,32,0,0,0,1,0,0x0,0.000014,0.276103,37.809231,0,0.000000,4.892780,1.433436,0.000000,93.877551
"_Z3addPiS_S_",4,0,0,11,63248,61440,32,0,0,0,1,0,0x0,0.000014,0.277149,37.809231,0,0.000000,4.959813,1.388055,0.000000,93.877551
"_Z3addPiS_S_",5,0,0,12,63248,61440,32,0,0,0,1,0,0x0,0.000014,0.274173,37.809231,0,0.000000,4.574118,1.311460,0.000000,93.877551
"_Z3addPiS_S_",6,0,0,13,63248,61440,32,0,0,0,1,0,0x0,0.000014,0.265875,35.108571,0,0.000000,4.771348,1.752559,0.000000,93.760399
"_Z3addPiS_S_",7,0,0,14,63248,61440,32,0,0,0,1,0,0x0,0.000014,0.266418,35.108571,0,0.000000,4.630123,1.699525,0.000000,93.838468
"_Z3addPiS_S_",8,0,0,15,63248,61440,32,0,0,0,1,0,0x0,0.000014,0.267869,37.809231,0,0.000000,4.225635,1.251172,0.000000,93.877551
"_Z3addPiS_S_",9,0,0,16,63248,61440,32,0,0,0,1,0,0x0,0.000010,0.360144,49.152000,0,0.000000,7.783613,1.890756,0.000000,97.829861
"_Z3addPiS_S_",10,0,0,17,63248,61440,32,0,0,0,1,0,0x0,0.000010,0.359777,49.152000,0,0.000000,7.191042,1.732926,0.000000,97.829861
