kernel-name,dispatch,gpu-id,queue-id,queue-index,tid,grd,wgr,lds,scr,vgpr,sgpr,fbar,sig,time,VALUBusy,performance,LDSInsts,LDSBankConflict,L1MemoryBusy,L1MemoryStalled,L2WriteUnitStalled,L2CacheHit
"_Z15conv2genericrevPfS_S_iiiiiifii",0,0,0,6,116898,1576960,256,49024,0,6,4,0,0x0,0.000147,11.801448,1308.769524,30800,0.000000,9.158068,0.486525,0.000000,98.772089
"_Z15conv2genericrevPfS_S_iiiiiifii",1,0,0,8,116898,1576960,256,49024,0,6,4,0,0x0,0.000152,11.463717,1274.100132,30800,0.000000,8.918651,0.499184,0.000000,98.167288
"_Z15conv2genericrevPfS_S_iiiiiifii",2,0,0,9,116898,1576960,256,49024,0,6,4,0,0x0,0.000147,11.848500,1317.733699,30800,0.000000,9.217476,0.489636,0.000000,98.772089
"_Z15conv2genericrevPfS_S_iiiiiifii",3,0,0,10,116898,1576960,256,49024,0,6,4,0,0x0,0.000149,11.633439,1291.202148,30800,0.000000,9.046824,0.507097,0.000000,98.193830
"_Z15conv2genericrevPfS_S_iiiiiifii",4,0,0,11,116898,1576960,256,49024,0,6,4,0,0x0,0.000150,11.597643,1291.202148,30800,0.000000,9.018987,0.506162,0.000000,98.173128
"_Z15conv2genericrevPfS_S_iiiiiifii",5,0,0,12,116898,1576960,256,49024,0,6,4,0,0x0,0.000151,11.522983,1282.594133,30800,0.000000,8.985679,0.504147,0.000000,98.143913
"_Z15conv2genericrevPfS_S_iiiiiifii",6,0,0,13,116898,1576960,256,49024,0,6,4,0,0x0,0.000152,11.442967,1274.100132,30800,0.000000,8.923385,0.499720,0.000000,98.231503
"_Z15conv2genericrevPfS_S_iiiiiifii",7,0,0,14,116898,1576960,256,49024,0,6,4,0,0x0,0.000151,11.513682,1282.594133,30800,0.000000,8.958455,0.501463,0.000000,98.238353
"_Z15conv2genericrevPfS_S_iiiiiifii",8,0,0,15,116898,1576960,256,49024,0,6,4,0,0x0,0.000149,11.690152,1299.926486,30800,0.000000,9.134425,0.485404,0.000000,98.755074
"_Z15conv2genericrevPfS_S_iiiiiifii",9,0,0,16,116898,1576960,256,49024,0,6,4,0,0x0,0.000148,11.735774,1299.926486,30800,0.000000,9.110163,0.483818,0.000000,98.764371
"_Z15conv2genericrevPfS_S_iiiiiifii",10,0,0,17,116898,1576960,256,49024,0,6,4,0,0x0,0.000148,11.736666,1299.926486,30800,0.000000,9.113070,0.483855,0.000000,98.765300
