kernel-name,dispatch,gpu-id,queue-id,queue-index,tid,grd,wgr,lds,scr,vgpr,sgpr,fbar,sig,time,VALUBusy,performance,LDSInsts,LDSBankConflict,L1MemoryBusy,L1MemoryStalled,L2WriteUnitStalled,L2CacheHit
"sub_double",0,0,0,6,127053,246016,16,0,0,1,1,0,0x0,0.000044,7.462760,626.222545,0,0.000000,40.210378,3.912460,0.000000,98.885219
"sub_double",1,0,0,8,127053,246016,16,0,0,1,1,0,0x0,0.000050,6.617214,562.322286,0,0.000000,35.059468,3.451330,0.000000,98.373358
"sub_double",2,0,0,9,127053,246016,16,0,0,1,1,0,0x0,0.000044,7.460969,626.222545,0,0.000000,39.402120,3.810240,0.000000,98.882739
"sub_double",3,0,0,10,127053,246016,16,0,0,1,1,0,0x0,0.000048,6.907976,586.250894,0,0.000000,36.042241,3.631736,0.000000,98.355840
"sub_double",4,0,0,11,127053,246016,16,0,0,1,1,0,0x0,0.000048,6.851739,574.037333,0,0.000000,37.601924,4.009865,0.000000,98.363026
"sub_double",5,0,0,12,127053,246016,16,0,0,1,1,0,0x0,0.000048,6.852716,574.037333,0,0.000000,36.549656,3.613704,0.000000,98.373358
"sub_double",6,0,0,13,127053,246016,16,0,0,1,1,0,0x0,0.000048,6.829959,574.037333,0,0.000000,35.785726,3.632716,0.000000,98.383040
"sub_double",7,0,0,14,127053,246016,16,0,0,1,1,0,0x0,0.000048,6.825284,574.037333,0,0.000000,36.193505,3.625065,0.000000,98.363925
"sub_double",8,0,0,15,127053,246016,16,0,0,1,1,0,0x0,0.000049,6.799470,574.037333,0,0.000000,35.856253,3.563434,0.000000,98.376440
"sub_double",9,0,0,16,127053,246016,16,0,0,1,1,0,0x0,0.000044,7.440594,626.222545,0,0.000000,39.388127,3.848401,0.000000,98.883490
"sub_double",10,0,0,17,127053,246016,16,0,0,1,1,0,0x0,0.000045,7.420120,626.222545,0,0.000000,39.617377,3.807980,0.000000,98.885449
