kernel-name,dispatch,gpu-id,queue-id,queue-index,tid,grd,wgr,lds,scr,vgpr,sgpr,fbar,sig,time,VALUBusy,performance,LDSInsts,LDSBankConflict,L1MemoryBusy,L1MemoryStalled,L2WriteUnitStalled,L2CacheHit
"_Z13vecAdd_kernelPfPKfS1_",0,0,0,6,59651,246016,16,0,0,1,1,0,0x0,0.001337,5.760131,753.688509,0,0.000000,97.029869,51.574548,0.000000,99.998283
"_Z13vecAdd_kernelPfPKfS1_",1,0,0,8,59651,246016,16,0,0,1,1,0,0x0,0.001343,5.736687,750.880429,0,0.000000,96.730903,51.307751,0.000000,99.997198
"_Z13vecAdd_kernelPfPKfS1_",2,0,0,9,59651,246016,16,0,0,1,1,0,0x0,0.001341,5.745957,752.001146,0,0.000000,97.046385,51.521302,0.000000,99.995325
"_Z13vecAdd_kernelPfPKfS1_",3,0,0,10,59651,246016,16,0,0,1,1,0,0x0,0.001345,5.726244,749.205603,0,0.000000,96.423671,51.189635,0.000000,99.997070
"_Z13vecAdd_kernelPfPKfS1_",4,0,0,11,59651,246016,16,0,0,1,1,0,0x0,0.001341,5.745831,752.001146,0,0.000000,96.955564,51.506513,0.000000,99.997172
"_Z13vecAdd_kernelPfPKfS1_",5,0,0,12,59651,246016,16,0,0,1,1,0,0x0,0.001345,5.727104,749.205603,0,0.000000,96.668405,51.218485,0.000000,99.998270
"_Z13vecAdd_kernelPfPKfS1_",6,0,0,13,59651,246016,16,0,0,1,1,0,0x0,0.001343,5.735699,750.880429,0,0.000000,96.548747,51.267875,0.000000,99.998283
"_Z13vecAdd_kernelPfPKfS1_",7,0,0,14,59651,246016,16,0,0,1,1,0,0x0,0.001344,5.733447,750.321322,0,0.000000,96.579049,51.274681,0.000000,99.998283
"_Z13vecAdd_kernelPfPKfS1_",8,0,0,15,59651,246016,16,0,0,1,1,0,0x0,0.001341,5.743801,751.440370,0,0.000000,97.067392,51.352259,0.000000,99.998282
"_Z13vecAdd_kernelPfPKfS1_",9,0,0,16,59651,246016,16,0,0,1,1,0,0x0,0.001343,5.734504,750.321322,0,0.000000,96.602590,51.329982,0.000000,99.998282
"_Z13vecAdd_kernelPfPKfS1_",10,0,0,17,59651,246016,16,0,0,1,1,0,0x0,0.001341,5.742145,751.440370,0,0.000000,96.706920,51.446249,0.000000,99.998283
