kernel-name,dispatch,gpu-id,queue-id,queue-index,tid,grd,wgr,lds,scr,vgpr,sgpr,fbar,sig,time,VALUBusy,performance,LDSInsts,LDSBankConflict,L1MemoryBusy,L1MemoryStalled,L2WriteUnitStalled,L2CacheHit
"_Z16reduceUnrolling2PiS_j",0,0,0,4,40001,253952,32,0,0,1,1,0,0x0,0.000025,1.827291,243.793920,0,0.000000,23.534974,3.354332,0.000000,98.940820
"_Z16reduceUnrolling2PiS_j",1,0,0,6,40001,253952,32,0,0,1,1,0,0x0,0.000029,1.580121,210.167172,0,0.000000,19.898057,2.857598,0.000000,97.960882
"_Z16reduceUnrolling2PiS_j",2,0,0,7,40001,253952,32,0,0,1,1,0,0x0,0.000025,1.826574,243.793920,0,0.000000,23.862074,3.381248,0.000000,98.940820
"_Z16reduceUnrolling2PiS_j",3,0,0,8,40001,253952,32,0,0,1,1,0,0x0,0.000028,1.687764,225.735111,0,0.000000,21.359058,3.070981,0.000000,97.944579
"_Z16reduceUnrolling2PiS_j",4,0,0,9,40001,253952,32,0,0,1,1,0,0x0,0.000027,1.704780,225.735111,0,0.000000,21.497067,3.327070,0.000000,97.911987
"_Z16reduceUnrolling2PiS_j",5,0,0,10,40001,253952,32,0,0,1,1,0,0x0,0.000027,1.696539,225.735111,0,0.000000,21.453003,3.309846,0.000000,97.936429
"_Z16reduceUnrolling2PiS_j",6,0,0,11,40001,253952,32,0,0,1,1,0,0x0,0.000028,1.686807,225.735111,0,0.000000,21.182579,3.288594,0.000000,97.952730
"_Z16reduceUnrolling2PiS_j",7,0,0,12,40001,253952,32,0,0,1,1,0,0x0,0.000028,1.686157,225.735111,0,0.000000,21.338161,3.243133,0.000000,97.969036
"_Z16reduceUnrolling2PiS_j",8,0,0,13,40001,253952,32,0,0,1,1,0,0x0,0.000028,1.689603,225.735111,0,0.000000,21.372689,3.250897,0.000000,97.911987
"_Z16reduceUnrolling2PiS_j",9,0,0,14,40001,253952,32,0,0,1,1,0,0x0,0.000026,1.821520,243.793920,0,0.000000,23.615498,3.349859,0.000000,98.940820
"_Z16reduceUnrolling2PiS_j",10,0,0,15,40001,253952,32,0,0,1,1,0,0x0,0.000026,1.812821,243.793920,0,0.000000,23.529519,3.328988,0.000000,98.940820
