kernel-name,dispatch,gpu-id,queue-id,queue-index,tid,grd,wgr,lds,scr,vgpr,sgpr,fbar,sig,time,VALUBusy,performance,LDSInsts,LDSBankConflict,L1MemoryBusy,L1MemoryStalled,L2WriteUnitStalled,L2CacheHit
"_Z11kLogregCostPfS_S_S_S_ii",0,0,0,10,89004,285696,192,0,0,6,2,0,0x0,0.000010,0.950584,133.120000,0,0.000000,0.538654,0.035374,0.000000,91.549296
"_Z11kLogregCostPfS_S_S_S_ii",1,0,0,12,89004,285696,192,0,0,6,2,0,0x0,0.000014,0.677005,92.160000,0,0.000000,0.453484,0.113371,0.000000,67.708333
"_Z11kLogregCostPfS_S_S_S_ii",2,0,0,13,89004,285696,192,0,0,6,2,0,0x0,0.000009,1.014253,133.120000,0,0.000000,0.519833,0.037744,0.000000,91.549296
"_Z11kLogregCostPfS_S_S_S_ii",3,0,0,14,89004,285696,192,0,0,6,2,0,0x0,0.000012,0.792902,108.916364,0,0.000000,0.502951,0.126073,0.000000,67.021277
"_Z11kLogregCostPfS_S_S_S_ii",4,0,0,15,89004,285696,192,0,0,6,2,0,0x0,0.000012,0.799767,108.916364,0,0.000000,0.514069,0.132576,0.000000,67.708333
"_Z11kLogregCostPfS_S_S_S_ii",5,0,0,16,89004,285696,192,0,0,6,2,0,0x0,0.000012,0.785235,108.916364,0,0.000000,0.504729,0.131495,0.000000,67.708333
"_Z11kLogregCostPfS_S_S_S_ii",6,0,0,17,89004,285696,192,0,0,6,2,0,0x0,0.000012,0.772956,108.916364,0,0.000000,0.500758,0.122902,0.000000,67.708333
"_Z11kLogregCostPfS_S_S_S_ii",7,0,0,18,89004,285696,192,0,0,6,2,0,0x0,0.000012,0.772027,108.916364,0,0.000000,0.485792,0.118836,0.000000,67.021277
"_Z11kLogregCostPfS_S_S_S_ii",8,0,0,19,89004,285696,192,0,0,6,2,0,0x0,0.000012,0.766542,99.840000,0,0.000000,0.488823,0.124475,0.000000,67.021277
"_Z11kLogregCostPfS_S_S_S_ii",9,0,0,20,89004,285696,192,0,0,6,2,0,0x0,0.000009,0.976782,133.120000,0,0.000000,0.637764,0.166876,0.000000,91.549296
"_Z11kLogregCostPfS_S_S_S_ii",10,0,0,21,89004,285696,192,0,0,6,2,0,0x0,0.000010,0.966119,133.120000,0,0.000000,0.652046,0.160152,0.000000,91.549296
