kernel-name,dispatch,gpu-id,queue-id,queue-index,tid,grd,wgr,lds,scr,vgpr,sgpr,fbar,sig,time,VALUBusy,performance,LDSInsts,LDSBankConflict,L1MemoryBusy,L1MemoryStalled,L2WriteUnitStalled,L2CacheHit
"_Z6vmultxdPKdS0_Pd",0,0,0,6,69195,702464,128,0,0,1,2,0,0x0,0.000021,15.162185,983.449600,0,0.000000,46.887385,5.090391,0.000000,98.201499
"_Z6vmultxdPKdS0_Pd",1,0,0,8,69195,702464,128,0,0,1,2,0,0x0,0.000027,11.709516,756.499692,0,0.000000,35.743043,3.778782,0.000000,97.790581
"_Z6vmultxdPKdS0_Pd",2,0,0,9,69195,702464,128,0,0,1,2,0,0x0,0.000021,14.923335,983.449600,0,0.000000,42.164761,4.273562,0.000000,98.140069
"_Z6vmultxdPKdS0_Pd",3,0,0,10,69195,702464,128,0,0,1,2,0,0x0,0.000024,12.698838,819.541333,0,0.000000,37.723095,3.926337,0.000000,97.724177
"_Z6vmultxdPKdS0_Pd",4,0,0,11,69195,702464,128,0,0,1,2,0,0x0,0.000025,12.506915,819.541333,0,0.000000,40.243550,4.288840,0.000000,97.810379
"_Z6vmultxdPKdS0_Pd",5,0,0,12,69195,702464,128,0,0,1,2,0,0x0,0.000026,12.045873,786.759680,0,0.000000,36.703764,3.751090,0.000000,97.727789
"_Z6vmultxdPKdS0_Pd",6,0,0,13,69195,702464,128,0,0,1,2,0,0x0,0.000026,12.127826,786.759680,0,0.000000,36.035382,3.902802,0.000000,97.754516
"_Z6vmultxdPKdS0_Pd",7,0,0,14,69195,702464,128,0,0,1,2,0,0x0,0.000024,12.908124,819.541333,0,0.000000,41.876460,4.678822,0.000000,97.821171
"_Z6vmultxdPKdS0_Pd",8,0,0,15,69195,702464,128,0,0,1,2,0,0x0,0.000025,12.245777,786.759680,0,0.000000,36.260280,3.582508,0.000000,97.712607
"_Z6vmultxdPKdS0_Pd",9,0,0,16,69195,702464,128,0,0,1,2,0,0x0,0.000022,14.273210,936.618667,0,0.000000,40.876022,3.964701,0.000000,98.129438
"_Z6vmultxdPKdS0_Pd",10,0,0,17,69195,702464,128,0,0,1,2,0,0x0,0.000022,14.367218,936.618667,0,0.000000,41.769217,4.448681,0.000000,98.172176
