kernel-name,dispatch,gpu-id,queue-id,queue-index,tid,grd,wgr,lds,scr,vgpr,sgpr,fbar,sig,time,VALUBusy,performance,LDSInsts,LDSBankConflict,L1MemoryBusy,L1MemoryStalled,L2WriteUnitStalled,L2CacheHit
"_Z15binarize_kernelPfiS_",0,0,0,4,29931,246016,64,0,0,0,1,0,0x0,0.000017,4.749454,522.784000,0,0.000000,14.604436,2.294122,0.000000,50.961538
"_Z15binarize_kernelPfiS_",1,0,0,6,29931,246016,64,0,0,0,1,0,0x0,0.000021,3.704839,398.311619,0,0.000000,11.402555,2.523865,0.000000,49.938011
"_Z15binarize_kernelPfiS_",2,0,0,7,29931,246016,64,0,0,0,1,0,0x0,0.000016,5.014760,557.636267,0,0.000000,16.113033,2.467995,0.000000,50.961538
"_Z15binarize_kernelPfiS_",3,0,0,8,29931,246016,64,0,0,0,1,0,0x0,0.000020,3.977900,440.239158,0,0.000000,12.634036,2.575848,0.000000,50.031052
"_Z15binarize_kernelPfiS_",4,0,0,9,29931,246016,64,0,0,0,1,0,0x0,0.000020,3.880126,418.227200,0,0.000000,14.084659,2.765558,0.000000,50.043484
"_Z15binarize_kernelPfiS_",5,0,0,10,29931,246016,64,0,0,0,1,0,0x0,0.000020,3.876072,418.227200,0,0.000000,12.974402,2.258689,0.000000,50.155647
"_Z15binarize_kernelPfiS_",6,0,0,11,29931,246016,64,0,0,0,1,0,0x0,0.000020,3.878933,418.227200,0,0.000000,13.189255,2.438724,0.000000,50.111968
"_Z15binarize_kernelPfiS_",7,0,0,12,29931,246016,64,0,0,0,1,0,0x0,0.000020,3.869294,418.227200,0,0.000000,13.294527,2.389717,0.000000,50.093272
"_Z15binarize_kernelPfiS_",8,0,0,13,29931,246016,64,0,0,0,1,0,0x0,0.000020,3.877025,418.227200,0,0.000000,14.058033,2.301509,0.000000,50.155647
"_Z15binarize_kernelPfiS_",9,0,0,14,29931,246016,64,0,0,0,1,0,0x0,0.000016,4.939737,557.636267,0,0.000000,17.150662,2.364494,0.000000,50.961538
"_Z15binarize_kernelPfiS_",10,0,0,15,29931,246016,64,0,0,0,1,0,0x0,0.000016,4.943028,557.636267,0,0.000000,16.750598,2.349414,0.000000,50.961538
