kernel-name,dispatch,gpu-id,queue-id,queue-index,tid,grd,wgr,lds,scr,vgpr,sgpr,fbar,sig,time,VALUBusy,performance,LDSInsts,LDSBankConflict,L1MemoryBusy,L1MemoryStalled,L2WriteUnitStalled,L2CacheHit
"_Z8sinewavePfjjf",0,0,0,2,39005,253952,256,0,0,6,3,0,0x0,0.000011,3.706379,371.097600,0,0.000000,0.103998,0.015889,0.000000,79.044118
"_Z8sinewavePfjjf",1,0,0,4,39005,253952,256,0,0,6,3,0,0x0,0.000014,2.812610,265.069714,0,0.000000,0.708085,0.641222,0.000000,66.563467
"_Z8sinewavePfjjf",2,0,0,5,39005,253952,256,0,0,6,3,0,0x0,0.000010,3.974351,371.097600,0,0.000000,0.224583,0.130103,0.000000,79.044118
"_Z8sinewavePfjjf",3,0,0,6,39005,253952,256,0,0,6,3,0,0x0,0.000013,3.137073,309.248000,0,0.000000,0.775099,0.700523,0.000000,66.563467
"_Z8sinewavePfjjf",4,0,0,7,39005,253952,256,0,0,6,3,0,0x0,0.000012,3.386475,337.361455,0,0.000000,0.847279,0.766774,0.000000,66.563467
"_Z8sinewavePfjjf",5,0,0,8,39005,253952,256,0,0,6,3,0,0x0,0.000012,3.214572,309.248000,0,0.000000,0.814291,0.737873,0.000000,66.563467
"_Z8sinewavePfjjf",6,0,0,9,39005,253952,256,0,0,6,3,0,0x0,0.000013,3.088589,309.248000,0,0.000000,0.814877,0.741454,0.000000,66.770186
"_Z8sinewavePfjjf",7,0,0,10,39005,253952,256,0,0,6,3,0,0x0,0.000013,3.135693,309.248000,0,0.000000,0.813863,0.739320,0.000000,66.563467
"_Z8sinewavePfjjf",8,0,0,11,39005,253952,256,0,0,6,3,0,0x0,0.000014,2.937540,285.459692,0,0.000000,0.780749,0.710917,0.000000,66.563467
"_Z8sinewavePfjjf",9,0,0,12,39005,253952,256,0,0,6,3,0,0x0,0.000011,3.538920,337.361455,0,0.000000,0.201357,0.117228,0.000000,79.044118
"_Z8sinewavePfjjf",10,0,0,13,39005,253952,256,0,0,6,3,0,0x0,0.000011,3.752120,371.097600,0,0.000000,0.197403,0.108206,0.000000,79.044118
