kernel-name,dispatch,gpu-id,queue-id,queue-index,tid,grd,wgr,lds,scr,vgpr,sgpr,fbar,sig,time,VALUBusy,performance,LDSInsts,LDSBankConflict,L1MemoryBusy,L1MemoryStalled,L2WriteUnitStalled,L2CacheHit
"_Z11gScatterAddPfS_Piiii",0,0,0,6,17998,246016,16,0,0,1,1,0,0x0,0.000044,7.791416,894.603636,0,0.000000,46.826398,3.521876,0.000000,99.717293
"_Z11gScatterAddPfS_Piiii",1,0,0,8,17998,246016,16,0,0,1,1,0,0x0,0.000048,7.147708,820.053333,0,0.000000,42.527617,3.289440,0.000000,99.509833
"_Z11gScatterAddPfS_Piiii",2,0,0,9,17998,246016,16,0,0,1,1,0,0x0,0.000044,7.789000,894.603636,0,0.000000,46.556743,3.471801,0.000000,99.717004
"_Z11gScatterAddPfS_Piiii",3,0,0,10,17998,246016,16,0,0,1,1,0,0x0,0.000046,7.464708,855.707826,0,0.000000,44.701114,3.420466,0.000000,99.508725
"_Z11gScatterAddPfS_Piiii",4,0,0,11,17998,246016,16,0,0,1,1,0,0x0,0.000046,7.479561,855.707826,0,0.000000,44.782276,3.406630,0.000000,99.508962
"_Z11gScatterAddPfS_Piiii",5,0,0,12,17998,246016,16,0,0,1,1,0,0x0,0.000046,7.440284,855.707826,0,0.000000,44.149903,3.418027,0.000000,99.517564
"_Z11gScatterAddPfS_Piiii",6,0,0,13,17998,246016,16,0,0,1,1,0,0x0,0.000046,7.432278,855.707826,0,0.000000,43.876769,3.380051,0.000000,99.514168
"_Z11gScatterAddPfS_Piiii",7,0,0,14,17998,246016,16,0,0,1,1,0,0x0,0.000047,7.424489,855.707826,0,0.000000,43.955741,3.395655,0.000000,99.516791
"_Z11gScatterAddPfS_Piiii",8,0,0,15,17998,246016,16,0,0,1,1,0,0x0,0.000046,7.431978,855.707826,0,0.000000,44.237468,3.385967,0.000000,99.517200
"_Z11gScatterAddPfS_Piiii",9,0,0,16,17998,246016,16,0,0,1,1,0,0x0,0.000044,7.770489,894.603636,0,0.000000,46.262937,3.485347,0.000000,99.717574
"_Z11gScatterAddPfS_Piiii",10,0,0,17,17998,246016,16,0,0,1,1,0,0x0,0.000044,7.774206,894.603636,0,0.000000,46.849588,3.485959,0.000000,99.717472
