kernel-name,dispatch,gpu-id,queue-id,queue-index,tid,grd,wgr,lds,scr,vgpr,sgpr,fbar,sig,time,VALUBusy,performance,LDSInsts,LDSBankConflict,L1MemoryBusy,L1MemoryStalled,L2WriteUnitStalled,L2CacheHit
"_Z9update_vbPfif",0,0,0,2,99374,246016,256,0,0,1,1,0,0x0,0.000010,1.656841,176.355556,0,0.000000,1.464110,0.084219,0.000000,89.966555
"_Z9update_vbPfif",1,0,0,4,99374,246016,256,0,0,1,1,0,0x0,0.000014,1.140977,113.371429,0,0.000000,1.601606,0.346866,0.000000,70.680628
"_Z9update_vbPfif",2,0,0,5,99374,246016,256,0,0,1,1,0,0x0,0.000010,1.648511,176.355556,0,0.000000,1.903120,0.443148,0.000000,89.966555
"_Z9update_vbPfif",3,0,0,6,99374,246016,256,0,0,1,1,0,0x0,0.000011,1.410490,144.290909,0,0.000000,1.242279,0.335043,0.000000,71.164021
"_Z9update_vbPfif",4,0,0,7,99374,246016,256,0,0,1,1,0,0x0,0.000012,1.305113,132.266667,0,0.000000,1.152021,0.348285,0.000000,70.603675
"_Z9update_vbPfif",5,0,0,8,99374,246016,256,0,0,1,1,0,0x0,0.000012,1.338725,144.290909,0,0.000000,1.485291,0.333700,0.000000,71.352785
"_Z9update_vbPfif",6,0,0,9,99374,246016,256,0,0,1,1,0,0x0,0.000012,1.288413,132.266667,0,0.000000,1.129723,0.316121,0.000000,70.976253
"_Z9update_vbPfif",7,0,0,10,99374,246016,256,0,0,1,1,0,0x0,0.000012,1.291601,132.266667,0,0.000000,1.732236,0.344680,0.000000,71.164021
"_Z9update_vbPfif",8,0,0,11,99374,246016,256,0,0,1,1,0,0x0,0.000012,1.319932,132.266667,0,0.000000,1.892806,0.470943,0.000000,71.164021
"_Z9update_vbPfif",9,0,0,12,99374,246016,256,0,0,1,1,0,0x0,0.000010,1.523047,158.720000,0,0.000000,1.320569,0.382623,0.000000,89.966555
"_Z9update_vbPfif",10,0,0,13,99374,246016,256,0,0,1,1,0,0x0,0.000010,1.626391,176.355556,0,0.000000,1.769475,0.268680,0.000000,89.966555
