kernel-name,dispatch,gpu-id,queue-id,queue-index,tid,grd,wgr,lds,scr,vgpr,sgpr,fbar,sig,time,VALUBusy,performance,LDSInsts,LDSBankConflict,L1MemoryBusy,L1MemoryStalled,L2WriteUnitStalled,L2CacheHit
"_Z4scanPfS_S_i",0,0,0,6,39770,4145152,128,8192,0,6,1,0,0x0,0.000211,35.126284,4619.078705,4145184,0.000000,10.145714,1.816979,0.000000,99.748770
"_Z4scanPfS_S_i",1,0,0,8,39770,4145152,128,8192,0,6,1,0,0x0,0.000216,34.310402,4511.658270,4145184,0.000000,10.165482,2.040485,0.000000,99.580471
"_Z4scanPfS_S_i",2,0,0,9,39770,4145152,128,8192,0,6,1,0,0x0,0.000210,35.170939,4619.078705,4145184,0.000000,10.153860,1.812309,0.000000,99.748778
"_Z4scanPfS_S_i",3,0,0,10,39770,4145152,128,8192,0,6,1,0,0x0,0.000214,34.571859,4532.740785,4145184,0.000000,10.253895,2.077859,0.000000,99.580483
"_Z4scanPfS_S_i",4,0,0,11,39770,4145152,128,8192,0,6,1,0,0x0,0.000213,34.679795,4554.021258,4145184,0.000000,10.300479,2.065089,0.000000,99.580471
"_Z4scanPfS_S_i",5,0,0,12,39770,4145152,128,8192,0,6,1,0,0x0,0.000214,34.597516,4554.021258,4145184,0.000000,10.256026,2.096786,0.000000,99.580477
"_Z4scanPfS_S_i",6,0,0,13,39770,4145152,128,8192,0,6,1,0,0x0,0.000214,34.576604,4532.740785,4145184,0.000000,10.300417,2.083035,0.000000,99.580464
"_Z4scanPfS_S_i",7,0,0,14,39770,4145152,128,8192,0,6,1,0,0x0,0.000214,34.592968,4554.021258,4145184,0.000000,10.270089,2.094977,0.000000,99.580471
"_Z4scanPfS_S_i",8,0,0,15,39770,4145152,128,8192,0,6,1,0,0x0,0.000211,35.094739,4619.078705,4145184,0.000000,10.140234,1.803418,0.000000,99.748759
"_Z4scanPfS_S_i",9,0,0,16,39770,4145152,128,8192,0,6,1,0,0x0,0.000211,35.064185,4597.187336,4145184,0.000000,10.128222,1.806734,0.000000,99.748767
"_Z4scanPfS_S_i",10,0,0,17,39770,4145152,128,8192,0,6,1,0,0x0,0.000211,35.091515,4619.078705,4145184,0.000000,10.140117,1.807327,0.000000,99.748770
