kernel-name,dispatch,gpu-id,queue-id,queue-index,tid,grd,wgr,lds,scr,vgpr,sgpr,fbar,sig,time,VALUBusy,performance,LDSInsts,LDSBankConflict,L1MemoryBusy,L1MemoryStalled,L2WriteUnitStalled,L2CacheHit
"relu",0,0,0,4,90722,1576960,128,0,0,1,1,0,0x0,0.000037,21.312963,2217.167568,0,0.000000,0.131627,0.009222,0.000000,86.065574
"relu",1,0,0,6,90722,1576960,128,0,0,1,1,0,0x0,0.000043,18.494100,1953.219048,0,0.000000,0.314646,0.208430,0.000000,71.283784
"relu",2,0,0,7,90722,1576960,128,0,0,1,1,0,0x0,0.000037,21.310105,2217.167568,0,0.000000,0.147118,0.032693,0.000000,86.122449
"relu",3,0,0,8,90722,1576960,128,0,0,1,1,0,0x0,0.000041,19.374771,2000.858537,0,0.000000,0.326962,0.215688,0.000000,71.283784
"relu",4,0,0,9,90722,1576960,128,0,0,1,1,0,0x0,0.000040,19.914806,2103.466667,0,0.000000,0.336467,0.222092,0.000000,71.283784
"relu",5,0,0,10,90722,1576960,128,0,0,1,1,0,0x0,0.000040,19.842989,2050.880000,0,0.000000,0.341108,0.236122,0.000000,71.283784
"relu",6,0,0,11,90722,1576960,128,0,0,1,1,0,0x0,0.000041,19.185849,2000.858537,0,0.000000,0.333585,0.223396,0.000000,71.283784
"relu",7,0,0,12,90722,1576960,128,0,0,1,1,0,0x0,0.000041,19.475408,2050.880000,0,0.000000,0.339386,0.230981,0.000000,71.043771
"relu",8,0,0,13,90722,1576960,128,0,0,1,1,0,0x0,0.000037,21.188260,2217.167568,0,0.000000,0.190035,0.042508,0.000000,86.122449
"relu",9,0,0,14,90722,1576960,128,0,0,1,1,0,0x0,0.000037,21.409171,2217.167568,0,0.000000,0.132222,0.034950,0.000000,86.122449
"relu",10,0,0,15,90722,1576960,128,0,0,1,1,0,0x0,0.000038,21.078631,2217.167568,0,0.000000,0.097428,0.036898,0.000000,86.178862
