kernel-name,dispatch,gpu-id,queue-id,queue-index,tid,grd,wgr,lds,scr,vgpr,sgpr,fbar,sig,time,VALUBusy,performance,LDSInsts,LDSBankConflict,L1MemoryBusy,L1MemoryStalled,L2WriteUnitStalled,L2CacheHit
"relu",0,0,0,4,90082,614656,16,0,0,1,1,0,0x0,0.000102,12.218051,1269.055366,0,0.000000,0.269108,0.023682,0.000000,92.037471
"relu",1,0,0,6,90082,614656,16,0,0,1,1,0,0x0,0.000106,11.670745,1209.194264,0,0.000000,0.266014,0.032903,0.000000,82.217573
"relu",2,0,0,7,90082,614656,16,0,0,1,1,0,0x0,0.000101,12.233477,1269.055366,0,0.000000,0.269448,0.023711,0.000000,92.037471
"relu",3,0,0,8,90082,614656,16,0,0,1,1,0,0x0,0.000104,11.920361,1232.448000,0,0.000000,0.274104,0.034657,0.000000,82.045929
"relu",4,0,0,9,90082,614656,16,0,0,1,1,0,0x0,0.000104,11.925514,1232.448000,0,0.000000,0.275123,0.035572,0.000000,82.045929
"relu",5,0,0,10,90082,614656,16,0,0,1,1,0,0x0,0.000104,11.906285,1232.448000,0,0.000000,0.271982,0.033867,0.000000,82.045929
"relu",6,0,0,11,90082,614656,16,0,0,1,1,0,0x0,0.000105,11.871773,1232.448000,0,0.000000,0.273285,0.034814,0.000000,82.217573
"relu",7,0,0,12,90082,614656,16,0,0,1,1,0,0x0,0.000104,11.883278,1232.448000,0,0.000000,0.272055,0.033801,0.000000,82.217573
"relu",8,0,0,13,90082,614656,16,0,0,1,1,0,0x0,0.000102,12.210766,1269.055366,0,0.000000,0.268948,0.023667,0.000000,92.037471
"relu",9,0,0,14,90082,614656,16,0,0,1,1,0,0x0,0.000102,12.218427,1269.055366,0,0.000000,0.269116,0.023682,0.000000,92.037471
"relu",10,0,0,15,90082,614656,16,0,0,1,1,0,0x0,0.000102,12.217300,1269.055366,0,0.000000,0.269092,0.023680,0.000000,92.037471
