kernel-name,dispatch,gpu-id,queue-id,queue-index,tid,grd,wgr,lds,scr,vgpr,sgpr,fbar,sig,time,VALUBusy,performance,LDSInsts,LDSBankConflict,L1MemoryBusy,L1MemoryStalled,L2WriteUnitStalled,L2CacheHit
"_Z8KernelMMiiiPfS_S_",0,0,0,6,66295,652288,64,8192,0,5,1,0,0x0,0.000083,8.425771,1018.205659,264992,65.116433,16.136968,3.271533,0.000000,97.985416
"_Z8KernelMMiiiPfS_S_",1,0,0,8,66295,652288,64,8192,0,5,1,0,0x0,0.000090,7.753221,938.122067,264992,59.918802,16.066697,3.046910,0.000000,97.860249
"_Z8KernelMMiiiPfS_S_",2,0,0,9,66295,652288,64,8192,0,5,1,0,0x0,0.000082,8.477578,1018.205659,264992,65.516540,16.262548,3.303422,0.000000,97.989419
"_Z8KernelMMiiiPfS_S_",3,0,0,10,66295,652288,64,8192,0,5,1,0,0x0,0.000088,7.907505,948.782545,264992,61.111407,16.668972,3.116599,0.000000,97.863902
"_Z8KernelMMiiiPfS_S_",4,0,0,11,66295,652288,64,8192,0,5,1,0,0x0,0.000088,7.922464,959.688092,264992,61.226495,16.622724,3.119981,0.000000,97.852255
"_Z8KernelMMiiiPfS_S_",5,0,0,12,66295,652288,64,8192,0,5,1,0,0x0,0.000088,7.885120,948.782545,264992,60.937213,16.723487,3.105593,0.000000,97.856219
"_Z8KernelMMiiiPfS_S_",6,0,0,13,66295,652288,64,8192,0,5,1,0,0x0,0.000089,7.852031,948.782545,264992,60.682263,16.691025,3.107039,0.000000,97.855076
"_Z8KernelMMiiiPfS_S_",7,0,0,14,66295,652288,64,8192,0,5,1,0,0x0,0.000089,7.807947,938.122067,264992,60.341404,16.720888,3.064198,0.000000,97.851456
"_Z8KernelMMiiiPfS_S_",8,0,0,15,66295,652288,64,8192,0,5,1,0,0x0,0.000083,8.431187,1018.205659,264992,65.158293,16.151313,3.280821,0.000000,97.980894
"_Z8KernelMMiiiPfS_S_",9,0,0,16,66295,652288,64,8192,0,5,1,0,0x0,0.000083,8.407703,1018.205659,264992,64.975979,16.075199,3.250524,0.000000,97.986919
"_Z8KernelMMiiiPfS_S_",10,0,0,17,66295,652288,64,8192,0,5,1,0,0x0,0.000083,8.403918,1018.205659,264992,64.948549,15.964191,3.247456,0.000000,97.991415
