kernel-name,dispatch,gpu-id,queue-id,queue-index,tid,grd,wgr,lds,scr,vgpr,sgpr,fbar,sig,time,VALUBusy,performance,LDSInsts,LDSBankConflict,L1MemoryBusy,L1MemoryStalled,L2WriteUnitStalled,L2CacheHit
"_Z20get_vertex_row_groupPiS_iii",0,0,0,4,51910,1040384,256,0,0,2,3,0,0x0,0.000024,15.541506,1718.895304,0,0.000000,30.545380,2.925327,0.000000,99.810341
"_Z20get_vertex_row_groupPiS_iii",1,0,0,6,51910,1040384,256,0,0,2,3,0,0x0,0.000031,11.918692,1317.819733,0,0.000000,22.781930,2.327523,0.000000,99.428401
"_Z20get_vertex_row_groupPiS_iii",2,0,0,7,51910,1040384,256,0,0,2,3,0,0x0,0.000024,15.308602,1718.895304,0,0.000000,28.693316,2.685810,0.000000,99.810237
"_Z20get_vertex_row_groupPiS_iii",3,0,0,8,51910,1040384,256,0,0,2,3,0,0x0,0.000029,12.529400,1363.261793,0,0.000000,24.252917,2.431232,0.000000,99.427319
"_Z20get_vertex_row_groupPiS_iii",4,0,0,9,51910,1040384,256,0,0,2,3,0,0x0,0.000028,12.880873,1411.949714,0,0.000000,25.814399,2.555375,0.000000,99.423732
"_Z20get_vertex_row_groupPiS_iii",5,0,0,10,51910,1040384,256,0,0,2,3,0,0x0,0.000028,12.973780,1411.949714,0,0.000000,26.259443,2.506148,0.000000,99.423328
"_Z20get_vertex_row_groupPiS_iii",6,0,0,11,51910,1040384,256,0,0,2,3,0,0x0,0.000030,12.165900,1317.819733,0,0.000000,23.329662,2.307820,0.000000,99.426834
"_Z20get_vertex_row_groupPiS_iii",7,0,0,12,51910,1040384,256,0,0,2,3,0,0x0,0.000030,12.340835,1363.261793,0,0.000000,24.561071,2.453894,0.000000,99.425086
"_Z20get_vertex_row_groupPiS_iii",8,0,0,13,51910,1040384,256,0,0,2,3,0,0x0,0.000025,14.623587,1581.383680,0,0.000000,27.822339,2.594328,0.000000,99.810161
"_Z20get_vertex_row_groupPiS_iii",9,0,0,14,51910,1040384,256,0,0,2,3,0,0x0,0.000025,14.497493,1581.383680,0,0.000000,27.573265,2.462407,0.000000,99.809905
"_Z20get_vertex_row_groupPiS_iii",10,0,0,15,51910,1040384,256,0,0,2,3,0,0x0,0.000025,14.644889,1647.274667,0,0.000000,27.948426,2.615610,0.000000,99.810587
