kernel-name,dispatch,gpu-id,queue-id,queue-index,tid,grd,wgr,lds,scr,vgpr,sgpr,fbar,sig,time,VALUBusy,performance,LDSInsts,LDSBankConflict,L1MemoryBusy,L1MemoryStalled,L2WriteUnitStalled,L2CacheHit
"_Z9vectorAddPKfS0_Pfi",0,0,0,6,126920,1576960,256,0,0,1,1,0,0x0,0.000031,1.557376,204.469677,0,0.000000,0.076957,0.007545,0.000000,83.333333
"_Z9vectorAddPKfS0_Pfi",1,0,0,8,126920,1576960,256,0,0,1,1,0,0x0,0.000037,1.316926,176.071111,0,0.000000,0.319422,0.247116,0.000000,60.218978
"_Z9vectorAddPKfS0_Pfi",2,0,0,9,126920,1576960,256,0,0,1,1,0,0x0,0.000030,1.606205,211.285333,0,0.000000,0.196609,0.053432,0.000000,83.163265
"_Z9vectorAddPKfS0_Pfi",3,0,0,10,126920,1576960,256,0,0,1,1,0,0x0,0.000034,1.404348,186.428235,0,0.000000,0.313866,0.247646,0.000000,60.218978
"_Z9vectorAddPKfS0_Pfi",4,0,0,11,126920,1576960,256,0,0,1,1,0,0x0,0.000035,1.398714,186.428235,0,0.000000,0.335646,0.262464,0.000000,60.218978
"_Z9vectorAddPKfS0_Pfi",5,0,0,12,126920,1576960,256,0,0,1,1,0,0x0,0.000034,1.443150,192.077576,0,0.000000,0.338852,0.274531,0.000000,59.566787
"_Z9vectorAddPKfS0_Pfi",6,0,0,13,126920,1576960,256,0,0,1,1,0,0x0,0.000035,1.395789,186.428235,0,0.000000,0.340805,0.269578,0.000000,60.218978
"_Z9vectorAddPKfS0_Pfi",7,0,0,14,126920,1576960,256,0,0,1,1,0,0x0,0.000035,1.381835,181.101714,0,0.000000,0.336951,0.264652,0.000000,60.218978
"_Z9vectorAddPKfS0_Pfi",8,0,0,15,126920,1576960,256,0,0,1,1,0,0x0,0.000034,1.408898,186.428235,0,0.000000,0.400430,0.274840,0.000000,59.272727
"_Z9vectorAddPKfS0_Pfi",9,0,0,16,126920,1576960,256,0,0,1,1,0,0x0,0.000031,1.537760,204.469677,0,0.000000,0.113733,0.045195,0.000000,83.333333
"_Z9vectorAddPKfS0_Pfi",10,0,0,17,126920,1576960,256,0,0,1,1,0,0x0,0.000032,1.528137,204.469677,0,0.000000,0.114502,0.046393,0.000000,83.333333
