kernel-name,dispatch,gpu-id,queue-id,queue-index,tid,grd,wgr,lds,scr,vgpr,sgpr,fbar,sig,time,VALUBusy,performance,LDSInsts,LDSBankConflict,L1MemoryBusy,L1MemoryStalled,L2WriteUnitStalled,L2CacheHit
"_Z9vectorAddPKfS0_Pfi",0,0,0,6,127003,2822400,64,0,0,1,1,0,0x0,0.000117,0.761756,100.104828,0,0.000000,1.599880,0.153340,0.000000,91.361257
"_Z9vectorAddPKfS0_Pfi",1,0,0,8,127003,2822400,64,0,0,1,1,0,0x0,0.000121,0.731796,95.968264,0,0.000000,1.599665,0.235900,0.000000,80.229885
"_Z9vectorAddPKfS0_Pfi",2,0,0,9,127003,2822400,64,0,0,1,1,0,0x0,0.000116,0.767301,100.975304,0,0.000000,1.604911,0.154456,0.000000,91.361257
"_Z9vectorAddPKfS0_Pfi",3,0,0,10,127003,2822400,64,0,0,1,1,0,0x0,0.000119,0.745617,97.581176,0,0.000000,1.621351,0.221725,0.000000,79.862700
"_Z9vectorAddPKfS0_Pfi",4,0,0,11,127003,2822400,64,0,0,1,1,0,0x0,0.000119,0.745566,97.581176,0,0.000000,1.624126,0.224859,0.000000,80.229885
"_Z9vectorAddPKfS0_Pfi",5,0,0,12,127003,2822400,64,0,0,1,1,0,0x0,0.000119,0.744437,97.581176,0,0.000000,1.630574,0.221506,0.000000,80.414747
"_Z9vectorAddPKfS0_Pfi",6,0,0,13,127003,2822400,64,0,0,1,1,0,0x0,0.000120,0.742356,97.581176,0,0.000000,1.630327,0.224544,0.000000,80.414747
"_Z9vectorAddPKfS0_Pfi",7,0,0,14,127003,2822400,64,0,0,1,1,0,0x0,0.000120,0.742388,97.581176,0,0.000000,1.628044,0.224423,0.000000,80.414747
"_Z9vectorAddPKfS0_Pfi",8,0,0,15,127003,2822400,64,0,0,1,1,0,0x0,0.000116,0.766486,100.975304,0,0.000000,1.591067,0.152808,0.000000,91.361257
"_Z9vectorAddPKfS0_Pfi",9,0,0,16,127003,2822400,64,0,0,1,1,0,0x0,0.000116,0.766751,100.975304,0,0.000000,1.609156,0.154345,0.000000,91.361257
"_Z9vectorAddPKfS0_Pfi",10,0,0,17,127003,2822400,64,0,0,1,1,0,0x0,0.000116,0.766544,100.975304,0,0.000000,1.594425,0.153899,0.000000,91.361257
