kernel-name,dispatch,gpu-id,queue-id,queue-index,tid,grd,wgr,lds,scr,vgpr,sgpr,fbar,sig,time,VALUBusy,performance,LDSInsts,LDSBankConflict,L1MemoryBusy,L1MemoryStalled,L2WriteUnitStalled,L2CacheHit
"_Z14UnpackPointersPiS_iii",0,0,0,4,129598,246016,16,0,0,9,2,0,0x0,0.001286,49.937336,5795.639184,0,0.000000,64.121813,0.000000,0.000000,99.840891
"_Z14UnpackPointersPiS_iii",1,0,0,6,129598,246016,16,0,0,9,2,0,0x0,0.001297,49.492235,5742.017234,0,0.000000,63.082313,0.000000,0.000000,99.806618
"_Z14UnpackPointersPiS_iii",2,0,0,7,129598,246016,16,0,0,9,2,0,0x0,0.001290,49.757446,5773.175467,0,0.000000,64.130185,0.000000,0.000000,99.757274
"_Z14UnpackPointersPiS_iii",3,0,0,8,129598,246016,16,0,0,9,2,0,0x0,0.001311,48.951112,5680.698972,0,0.000000,63.553209,0.000000,0.000000,99.793562
"_Z14UnpackPointersPiS_iii",4,0,0,9,129598,246016,16,0,0,9,2,0,0x0,0.001308,49.096349,5698.084432,0,0.000000,62.965931,0.000000,0.000000,99.743486
"_Z14UnpackPointersPiS_iii",5,0,0,10,129598,246016,16,0,0,9,2,0,0x0,0.001307,49.120008,5702.447436,0,0.000000,61.647597,0.000000,0.000000,99.841537
"_Z14UnpackPointersPiS_iii",6,0,0,11,129598,246016,16,0,0,9,2,0,0x0,0.001304,49.218294,5711.193521,0,0.000000,63.485122,0.000000,0.000000,99.841623
"_Z14UnpackPointersPiS_iii",7,0,0,12,129598,246016,16,0,0,9,2,0,0x0,0.001305,49.177108,5706.817128,0,0.000000,62.715667,0.000000,0.000000,99.841623
"_Z14UnpackPointersPiS_iii",8,0,0,13,129598,246016,16,0,0,9,2,0,0x0,0.001300,49.368097,5728.766425,0,0.000000,62.783966,0.000000,0.000000,99.841380
"_Z14UnpackPointersPiS_iii",9,0,0,14,129598,246016,16,0,0,9,2,0,0x0,0.001306,49.152814,5702.447436,0,0.000000,62.795355,0.000000,0.000000,99.842349
"_Z14UnpackPointersPiS_iii",10,0,0,15,129598,246016,16,0,0,9,2,0,0x0,0.001301,49.336450,5724.363068,0,0.000000,62.746614,0.000000,0.000000,99.841623
