kernel-name,dispatch,gpu-id,queue-id,queue-index,tid,grd,wgr,lds,scr,vgpr,sgpr,fbar,sig,time,VALUBusy,performance,LDSInsts,LDSBankConflict,L1MemoryBusy,L1MemoryStalled,L2WriteUnitStalled,L2CacheHit
"_Z16reduceNeighboredPiS_j",0,0,0,4,19264,61440,128,0,0,1,1,0,0x0,0.000008,0.230950,30.912000,0,0.000000,0.372963,0.154923,0.000000,82.828283
"_Z16reduceNeighboredPiS_j",1,0,0,6,19264,61440,128,0,0,1,1,0,0x0,0.000012,0.151567,20.608000,0,0.000000,0.244766,0.101672,0.000000,66.129032
"_Z16reduceNeighboredPiS_j",2,0,0,7,19264,61440,128,0,0,1,1,0,0x0,0.000008,0.231233,30.912000,0,0.000000,0.239372,0.021065,0.000000,82.828283
"_Z16reduceNeighboredPiS_j",3,0,0,8,19264,61440,128,0,0,1,1,0,0x0,0.000012,0.162002,22.481455,0,0.000000,0.261619,0.108672,0.000000,66.129032
"_Z16reduceNeighboredPiS_j",4,0,0,9,19264,61440,128,0,0,1,1,0,0x0,0.000012,0.155102,20.608000,0,0.000000,0.250475,0.104044,0.000000,66.129032
"_Z16reduceNeighboredPiS_j",5,0,0,10,19264,61440,128,0,0,1,1,0,0x0,0.000013,0.146584,20.608000,0,0.000000,0.236719,0.098330,0.000000,66.129032
"_Z16reduceNeighboredPiS_j",6,0,0,11,19264,61440,128,0,0,1,1,0,0x0,0.000013,0.146705,20.608000,0,0.000000,0.236915,0.098411,0.000000,66.129032
"_Z16reduceNeighboredPiS_j",7,0,0,12,19264,61440,128,0,0,1,1,0,0x0,0.000013,0.150336,20.608000,0,0.000000,0.242779,0.100847,0.000000,66.129032
"_Z16reduceNeighboredPiS_j",8,0,0,13,19264,61440,128,0,0,1,1,0,0x0,0.000012,0.155030,20.608000,0,0.000000,0.250359,0.103995,0.000000,66.129032
"_Z16reduceNeighboredPiS_j",9,0,0,14,19264,61440,128,0,0,1,1,0,0x0,0.000009,0.215563,30.912000,0,0.000000,0.223151,0.019637,0.000000,82.828283
"_Z16reduceNeighboredPiS_j",10,0,0,15,19264,61440,128,0,0,1,1,0,0x0,0.000009,0.219290,30.912000,0,0.000000,0.227009,0.019977,0.000000,82.828283
