kernel-name,dispatch,gpu-id,queue-id,queue-index,tid,grd,wgr,lds,scr,vgpr,sgpr,fbar,sig,time,VALUBusy,performance,LDSInsts,LDSBankConflict,L1MemoryBusy,L1MemoryStalled,L2WriteUnitStalled,L2CacheHit
"_Z23softmax_gradient_kerneliPKfS0_Pf",0,0,0,6,29464,614656,256,512,0,2,2,0,0x0,0.000019,30.667397,4097.706667,144060,0.000000,33.131716,3.152812,0.000000,99.519416
"_Z23softmax_gradient_kerneliPKfS0_Pf",1,0,0,8,29464,614656,256,512,0,2,2,0,0x0,0.000025,23.353100,3073.280000,144060,0.000000,24.317269,2.569654,0.000000,98.712446
"_Z23softmax_gradient_kerneliPKfS0_Pf",2,0,0,9,29464,614656,256,512,0,2,2,0,0x0,0.000019,30.817738,4097.706667,144060,0.000000,34.030308,3.168268,0.000000,99.519600
"_Z23softmax_gradient_kerneliPKfS0_Pf",3,0,0,10,29464,614656,256,512,0,2,2,0,0x0,0.000022,26.628148,3512.320000,144060,0.000000,28.717086,3.044505,0.000000,98.713183
"_Z23softmax_gradient_kerneliPKfS0_Pf",4,0,0,11,29464,614656,256,512,0,2,2,0,0x0,0.000023,25.651709,3352.669091,144060,0.000000,26.780397,2.810863,0.000000,98.712937
"_Z23softmax_gradient_kerneliPKfS0_Pf",5,0,0,12,29464,614656,256,512,0,2,2,0,0x0,0.000022,26.708411,3512.320000,144060,0.000000,28.546003,3.098177,0.000000,98.714163
"_Z23softmax_gradient_kerneliPKfS0_Pf",6,0,0,13,29464,614656,256,512,0,2,2,0,0x0,0.000024,24.727907,3206.900870,144060,0.000000,25.795349,2.653821,0.000000,98.712937
"_Z23softmax_gradient_kerneliPKfS0_Pf",7,0,0,14,29464,614656,256,512,0,2,2,0,0x0,0.000022,25.878602,3352.669091,144060,0.000000,27.869103,2.842679,0.000000,98.713918
"_Z23softmax_gradient_kerneliPKfS0_Pf",8,0,0,15,29464,614656,256,512,0,2,2,0,0x0,0.000021,27.888478,3687.936000,144060,0.000000,29.258715,2.873115,0.000000,99.519508
"_Z23softmax_gradient_kerneliPKfS0_Pf",9,0,0,16,29464,614656,256,512,0,2,2,0,0x0,0.000019,29.956452,3882.037895,144060,0.000000,32.517387,3.127214,0.000000,99.519600
"_Z23softmax_gradient_kerneliPKfS0_Pf",10,0,0,17,29464,614656,256,512,0,2,2,0,0x0,0.000019,30.044483,3882.037895,144060,0.000000,31.301062,3.062131,0.000000,99.518861
