kernel-name,dispatch,gpu-id,queue-id,queue-index,tid,grd,wgr,lds,scr,vgpr,sgpr,fbar,sig,time,VALUBusy,performance,LDSInsts,LDSBankConflict,L1MemoryBusy,L1MemoryStalled,L2WriteUnitStalled,L2CacheHit
"_Z11kernelGradfPKfPf",0,0,0,4,86477,4145152,256,0,0,0,0,0,0x0,0.000056,10.091743,1332.370286,0,0.000000,35.434118,3.199375,0.000000,99.989216
"_Z11kernelGradfPKfPf",1,0,0,6,86477,4145152,256,0,0,0,0,0,0x0,0.000063,8.967921,1184.329143,0,0.000000,32.468344,3.824265,0.000000,99.784764
"_Z11kernelGradfPKfPf",2,0,0,7,86477,4145152,256,0,0,0,0,0,0x0,0.000056,10.096889,1332.370286,0,0.000000,35.453296,3.202115,0.000000,99.989216
"_Z11kernelGradfPKfPf",3,0,0,8,86477,4145152,256,0,0,0,0,0,0x0,0.000061,9.274571,1223.159607,0,0.000000,33.625158,3.991182,0.000000,99.784764
"_Z11kernelGradfPKfPf",4,0,0,9,86477,4145152,256,0,0,0,0,0,0x0,0.000061,9.275610,1223.159607,0,0.000000,33.624851,4.039239,0.000000,99.784764
"_Z11kernelGradfPKfPf",5,0,0,10,86477,4145152,256,0,0,0,0,0,0x0,0.000062,9.229927,1223.159607,0,0.000000,33.455700,3.977797,0.000000,99.784764
"_Z11kernelGradfPKfPf",6,0,0,11,86477,4145152,256,0,0,0,0,0,0x0,0.000062,9.153309,1203.431226,0,0.000000,33.230491,3.996030,0.000000,99.784764
"_Z11kernelGradfPKfPf",7,0,0,12,86477,4145152,256,0,0,0,0,0,0x0,0.000062,9.151286,1203.431226,0,0.000000,33.313573,4.094115,0.000000,99.784764
"_Z11kernelGradfPKfPf",8,0,0,13,86477,4145152,256,0,0,0,0,0,0x0,0.000062,9.181359,1203.431226,0,0.000000,33.394069,4.089929,0.000000,99.784764
"_Z11kernelGradfPKfPf",9,0,0,14,86477,4145152,256,0,0,0,0,0,0x0,0.000057,10.024323,1332.370286,0,0.000000,35.212802,3.181028,0.000000,99.989216
"_Z11kernelGradfPKfPf",10,0,0,15,86477,4145152,256,0,0,0,0,0,0x0,0.000057,10.024544,1332.370286,0,0.000000,35.213577,3.181098,0.000000,99.989216
