kernel-name,dispatch,gpu-id,queue-id,queue-index,tid,grd,wgr,lds,scr,vgpr,sgpr,fbar,sig,time,VALUBusy,performance,LDSInsts,LDSBankConflict,L1MemoryBusy,L1MemoryStalled,L2WriteUnitStalled,L2CacheHit
"_Z7upSweepPiii",0,0,0,2,101783,246016,16,0,0,1,1,0,0x0,0.000044,6.100296,715.682909,0,0.000000,28.157709,3.831288,0.000000,99.802717
"_Z7upSweepPiii",1,0,0,4,101783,246016,16,0,0,1,1,0,0x0,0.000048,5.606550,656.042667,0,0.000000,25.470292,3.573697,0.000000,99.606210
"_Z7upSweepPiii",2,0,0,5,101783,246016,16,0,0,1,1,0,0x0,0.000044,6.107188,715.682909,0,0.000000,28.617780,3.868804,0.000000,99.802717
"_Z7upSweepPiii",3,0,0,6,101783,246016,16,0,0,1,1,0,0x0,0.000046,5.855551,684.566261,0,0.000000,27.077776,3.734784,0.000000,99.612641
"_Z7upSweepPiii",4,0,0,7,101783,246016,16,0,0,1,1,0,0x0,0.000046,5.854283,684.566261,0,0.000000,26.874941,3.717053,0.000000,99.602995
"_Z7upSweepPiii",5,0,0,8,101783,246016,16,0,0,1,1,0,0x0,0.000046,5.826832,684.566261,0,0.000000,27.095207,3.726572,0.000000,99.612641
"_Z7upSweepPiii",6,0,0,9,101783,246016,16,0,0,1,1,0,0x0,0.000046,5.824086,684.566261,0,0.000000,26.347438,3.734916,0.000000,99.612641
"_Z7upSweepPiii",7,0,0,10,101783,246016,16,0,0,1,1,0,0x0,0.000047,5.789932,684.566261,0,0.000000,26.222721,3.681550,0.000000,99.602944
"_Z7upSweepPiii",8,0,0,11,101783,246016,16,0,0,1,1,0,0x0,0.000044,6.090073,715.682909,0,0.000000,28.603064,3.841767,0.000000,99.802717
"_Z7upSweepPiii",9,0,0,12,101783,246016,16,0,0,1,1,0,0x0,0.000044,6.074760,715.682909,0,0.000000,28.399449,3.842993,0.000000,99.802704
"_Z7upSweepPiii",10,0,0,13,101783,246016,16,0,0,1,1,0,0x0,0.000044,6.077577,715.682909,0,0.000000,28.077788,3.850748,0.000000,99.802710
