kernel-name,dispatch,gpu-id,queue-id,queue-index,tid,grd,wgr,lds,scr,vgpr,sgpr,fbar,sig,time,VALUBusy,performance,LDSInsts,LDSBankConflict,L1MemoryBusy,L1MemoryStalled,L2WriteUnitStalled,L2CacheHit
"_Z6Ecalc2PfPKf",0,0,0,4,11085,61440,32,0,0,0,1,0,0x0,0.000010,2.001577,245.760000,0,0.000000,14.299145,1.704373,0.000000,98.375998
"_Z6Ecalc2PfPKf",1,0,0,6,11085,61440,32,0,0,0,1,0,0x0,0.000014,1.444581,175.542857,0,0.000000,12.009718,1.641569,0.000000,95.100784
"_Z6Ecalc2PfPKf",2,0,0,7,11085,61440,32,0,0,0,1,0,0x0,0.000010,2.005226,245.760000,0,0.000000,12.961050,1.519110,0.000000,98.357461
"_Z6Ecalc2PfPKf",3,0,0,8,11085,61440,32,0,0,0,1,0,0x0,0.000012,1.704105,204.800000,0,0.000000,13.249419,2.277304,0.000000,95.017991
"_Z6Ecalc2PfPKf",4,0,0,9,11085,61440,32,0,0,0,1,0,0x0,0.000012,1.701294,204.800000,0,0.000000,13.004588,1.442233,0.000000,95.327892
"_Z6Ecalc2PfPKf",5,0,0,10,11085,61440,32,0,0,0,1,0,0x0,0.000012,1.683759,204.800000,0,0.000000,13.165213,1.933772,0.000000,95.138307
"_Z6Ecalc2PfPKf",6,0,0,11,11085,61440,32,0,0,0,1,0,0x0,0.000012,1.669787,204.800000,0,0.000000,11.387441,1.881040,0.000000,95.405251
"_Z6Ecalc2PfPKf",7,0,0,12,11085,61440,32,0,0,0,1,0,0x0,0.000012,1.667256,204.800000,0,0.000000,11.858991,1.376749,0.000000,95.095211
"_Z6Ecalc2PfPKf",8,0,0,13,11085,61440,32,0,0,0,1,0,0x0,0.000012,1.698667,204.800000,0,0.000000,13.490246,1.473465,0.000000,95.146444
"_Z6Ecalc2PfPKf",9,0,0,14,11085,61440,32,0,0,0,1,0,0x0,0.000010,1.971208,245.760000,0,0.000000,13.919419,1.591900,0.000000,98.367008
"_Z6Ecalc2PfPKf",10,0,0,15,11085,61440,32,0,0,0,1,0,0x0,0.000010,1.982935,245.760000,0,0.000000,11.736871,1.475183,0.000000,98.322911
