kernel-name,dispatch,gpu-id,queue-id,queue-index,tid,grd,wgr,lds,scr,vgpr,sgpr,fbar,sig,time,VALUBusy,performance,LDSInsts,LDSBankConflict,L1MemoryBusy,L1MemoryStalled,L2WriteUnitStalled,L2CacheHit
"_Z6Ecalc2PfPKf",0,0,0,4,13595,4145152,128,0,0,0,1,0,0x0,0.000087,7.962747,952.908506,0,0.000000,41.177281,4.953470,0.000000,99.780978
"_Z6Ecalc2PfPKf",1,0,0,6,13595,4145152,128,0,0,0,1,0,0x0,0.000091,7.624083,911.022418,0,0.000000,39.687592,4.664203,0.000000,99.716859
"_Z6Ecalc2PfPKf",2,0,0,7,13595,4145152,128,0,0,0,1,0,0x0,0.000087,7.959331,952.908506,0,0.000000,41.572526,4.984056,0.000000,99.781347
"_Z6Ecalc2PfPKf",3,0,0,8,13595,4145152,128,0,0,0,1,0,0x0,0.000089,7.826099,942.080000,0,0.000000,40.522314,4.825227,0.000000,99.716552
"_Z6Ecalc2PfPKf",4,0,0,9,13595,4145152,128,0,0,0,1,0,0x0,0.000089,7.780698,931.494831,0,0.000000,40.378096,4.829037,0.000000,99.705659
"_Z6Ecalc2PfPKf",5,0,0,10,13595,4145152,128,0,0,0,1,0,0x0,0.000090,7.726853,921.144889,0,0.000000,39.949260,4.727422,0.000000,99.715693
"_Z6Ecalc2PfPKf",6,0,0,11,13595,4145152,128,0,0,0,1,0,0x0,0.000090,7.691510,921.144889,0,0.000000,40.256579,4.817731,0.000000,99.716117
"_Z6Ecalc2PfPKf",7,0,0,12,13595,4145152,128,0,0,0,1,0,0x0,0.000090,7.708234,921.144889,0,0.000000,39.956342,4.732130,0.000000,99.714860
"_Z6Ecalc2PfPKf",8,0,0,13,13595,4145152,128,0,0,0,1,0,0x0,0.000088,7.934483,952.908506,0,0.000000,41.115225,4.890805,0.000000,99.780458
"_Z6Ecalc2PfPKf",9,0,0,14,13595,4145152,128,0,0,0,1,0,0x0,0.000087,7.987257,952.908506,0,0.000000,41.384389,4.862706,0.000000,99.781166
"_Z6Ecalc2PfPKf",10,0,0,15,13595,4145152,128,0,0,0,1,0,0x0,0.000088,7.926460,952.908506,0,0.000000,41.440356,4.883189,0.000000,99.781072
