kernel-name,dispatch,gpu-id,queue-id,queue-index,tid,grd,wgr,lds,scr,vgpr,sgpr,fbar,sig,time,VALUBusy,performance,LDSInsts,LDSBankConflict,L1MemoryBusy,L1MemoryStalled,L2WriteUnitStalled,L2CacheHit
"_Z24ForwardWarpKernel_PSF1x1PKfS0_S0_iiiifPf",0,0,0,8,68596,61440,64,0,0,1,2,0,0x0,0.000009,0.417917,54.798222,0,0.000000,0.071116,0.000000,0.000000,84.403670
"_Z24ForwardWarpKernel_PSF1x1PKfS0_S0_iiiifPf",1,0,0,10,68596,61440,64,0,0,1,2,0,0x0,0.000013,0.288686,37.937231,0,0.000000,0.049125,0.000000,0.000000,68.656716
"_Z24ForwardWarpKernel_PSF1x1PKfS0_S0_iiiifPf",2,0,0,11,68596,61440,64,0,0,1,2,0,0x0,0.000009,0.414694,54.798222,0,0.000000,0.070568,0.000000,0.000000,84.403670
"_Z24ForwardWarpKernel_PSF1x1PKfS0_S0_iiiifPf",3,0,0,12,68596,61440,64,0,0,1,2,0,0x0,0.000011,0.343392,49.318400,0,0.000000,0.058435,0.000000,0.000000,68.656716
"_Z24ForwardWarpKernel_PSF1x1PKfS0_S0_iiiifPf",4,0,0,13,68596,61440,64,0,0,1,2,0,0x0,0.000011,0.345222,49.318400,0,0.000000,0.058746,0.000000,0.000000,68.656716
"_Z24ForwardWarpKernel_PSF1x1PKfS0_S0_iiiifPf",5,0,0,14,68596,61440,64,0,0,1,2,0,0x0,0.000011,0.346095,49.318400,0,0.000000,0.058895,0.000000,0.000000,68.656716
"_Z24ForwardWarpKernel_PSF1x1PKfS0_S0_iiiifPf",6,0,0,15,68596,61440,64,0,0,1,2,0,0x0,0.000012,0.322506,44.834909,0,0.000000,0.054880,0.000000,0.000000,68.656716
"_Z24ForwardWarpKernel_PSF1x1PKfS0_S0_iiiifPf",7,0,0,16,68596,61440,64,0,0,1,2,0,0x0,0.000012,0.323632,44.834909,0,0.000000,0.055072,0.000000,0.000000,68.656716
"_Z24ForwardWarpKernel_PSF1x1PKfS0_S0_iiiifPf",8,0,0,17,68596,61440,64,0,0,1,2,0,0x0,0.000010,0.390296,54.798222,0,0.000000,0.066416,0.000000,0.000000,84.403670
"_Z24ForwardWarpKernel_PSF1x1PKfS0_S0_iiiifPf",9,0,0,18,68596,61440,64,0,0,1,2,0,0x0,0.000010,0.388008,54.798222,0,0.000000,0.066027,0.000000,0.000000,84.403670
"_Z24ForwardWarpKernel_PSF1x1PKfS0_S0_iiiifPf",10,0,0,19,68596,61440,64,0,0,1,2,0,0x0,0.000010,0.383414,54.798222,0,0.000000,0.065245,0.000000,0.000000,84.403670
