kernel-name,dispatch,gpu-id,queue-id,queue-index,tid,grd,wgr,lds,scr,vgpr,sgpr,fbar,sig,time,VALUBusy,performance,LDSInsts,LDSBankConflict,L1MemoryBusy,L1MemoryStalled,L2WriteUnitStalled,L2CacheHit
"_Z12_A_mul_Bs_32iiPfS_PiS0_S_",0,0,0,10,55528,1040384,128,0,0,5,4,0,0x0,0.000026,1.259317,168.837120,0,0.000000,0.080991,0.006698,0.000000,83.333333
"_Z12_A_mul_Bs_32iiPfS_PiS0_S_",1,0,0,12,55528,1040384,128,0,0,5,4,0,0x0,0.000031,1.045120,140.697600,0,0.000000,0.318893,0.292108,0.000000,69.696970
"_Z12_A_mul_Bs_32iiPfS_PiS0_S_",2,0,0,13,55528,1040384,128,0,0,5,4,0,0x0,0.000025,1.268214,168.837120,0,0.000000,0.124491,0.050900,0.000000,83.750000
"_Z12_A_mul_Bs_32iiPfS_PiS0_S_",3,0,0,14,55528,1040384,128,0,0,5,4,0,0x0,0.000029,1.113360,145.549241,0,0.000000,0.338100,0.309566,0.000000,68.309859
"_Z12_A_mul_Bs_32iiPfS_PiS0_S_",4,0,0,15,55528,1040384,128,0,0,5,4,0,0x0,0.000029,1.118128,150.747429,0,0.000000,0.300619,0.468230,0.000000,69.230769
"_Z12_A_mul_Bs_32iiPfS_PiS0_S_",5,0,0,16,55528,1040384,128,0,0,5,4,0,0x0,0.000029,1.108229,145.549241,0,0.000000,0.399777,0.305996,0.000000,68.965517
"_Z12_A_mul_Bs_32iiPfS_PiS0_S_",6,0,0,17,55528,1040384,128,0,0,5,4,0,0x0,0.000029,1.102345,145.549241,0,0.000000,0.325693,0.309701,0.000000,69.696970
"_Z12_A_mul_Bs_32iiPfS_PiS0_S_",7,0,0,18,55528,1040384,128,0,0,5,4,0,0x0,0.000029,1.100703,145.549241,0,0.000000,0.375240,0.311369,0.000000,68.493151
"_Z12_A_mul_Bs_32iiPfS_PiS0_S_",8,0,0,19,55528,1040384,128,0,0,5,4,0,0x0,0.000026,1.263472,168.837120,0,0.000000,0.124026,0.097754,0.000000,83.750000
"_Z12_A_mul_Bs_32iiPfS_PiS0_S_",9,0,0,20,55528,1040384,128,0,0,5,4,0,0x0,0.000026,1.262762,168.837120,0,0.000000,0.127620,0.053124,0.000000,83.333333
"_Z12_A_mul_Bs_32iiPfS_PiS0_S_",10,0,0,21,55528,1040384,128,0,0,5,4,0,0x0,0.000026,1.258643,168.837120,0,0.000000,0.161895,0.013390,0.000000,83.682008
