kernel-name,dispatch,gpu-id,queue-id,queue-index,tid,grd,wgr,lds,scr,vgpr,sgpr,fbar,sig,time,VALUBusy,performance,LDSInsts,LDSBankConflict,L1MemoryBusy,L1MemoryStalled,L2WriteUnitStalled,L2CacheHit
"_Z12_A_mul_Bs_32iiPfS_PiS0_S_",0,0,0,10,54693,61440,32,0,0,5,4,0,0x0,0.000010,0.401469,52.121600,0,0.000000,1.083032,0.136935,0.000000,81.159420
"_Z12_A_mul_Bs_32iiPfS_PiS0_S_",1,0,0,12,54693,61440,32,0,0,5,4,0,0x0,0.000016,0.259819,34.747733,0,0.000000,0.893253,0.709970,0.000000,65.116279
"_Z12_A_mul_Bs_32iiPfS_PiS0_S_",2,0,0,13,54693,61440,32,0,0,5,4,0,0x0,0.000010,0.402120,52.121600,0,0.000000,1.168953,0.137157,0.000000,81.159420
"_Z12_A_mul_Bs_32iiPfS_PiS0_S_",3,0,0,14,54693,61440,32,0,0,5,4,0,0x0,0.000013,0.300223,40.093538,0,0.000000,1.388242,1.143875,0.000000,65.116279
"_Z12_A_mul_Bs_32iiPfS_PiS0_S_",4,0,0,15,54693,61440,32,0,0,5,4,0,0x0,0.000013,0.300112,40.093538,0,0.000000,1.226038,0.724688,0.000000,65.116279
"_Z12_A_mul_Bs_32iiPfS_PiS0_S_",5,0,0,16,54693,61440,32,0,0,5,4,0,0x0,0.000014,0.296102,40.093538,0,0.000000,1.211954,0.725336,0.000000,65.116279
"_Z12_A_mul_Bs_32iiPfS_PiS0_S_",6,0,0,17,54693,61440,32,0,0,5,4,0,0x0,0.000015,0.275194,37.229714,0,0.000000,1.196774,1.118909,0.000000,65.116279
"_Z12_A_mul_Bs_32iiPfS_PiS0_S_",7,0,0,18,54693,61440,32,0,0,5,4,0,0x0,0.000014,0.288294,40.093538,0,0.000000,1.195638,1.023555,0.000000,65.116279
"_Z12_A_mul_Bs_32iiPfS_PiS0_S_",8,0,0,19,54693,61440,32,0,0,5,4,0,0x0,0.000010,0.399084,52.121600,0,0.000000,1.107536,0.136122,0.000000,81.159420
"_Z12_A_mul_Bs_32iiPfS_PiS0_S_",9,0,0,20,54693,61440,32,0,0,5,4,0,0x0,0.000010,0.394664,52.121600,0,0.000000,1.064676,0.134614,0.000000,81.159420
"_Z12_A_mul_Bs_32iiPfS_PiS0_S_",10,0,0,21,54693,61440,32,0,0,5,4,0,0x0,0.000010,0.384592,52.121600,0,0.000000,1.000239,0.131179,0.000000,81.159420
