kernel-name,dispatch,gpu-id,queue-id,queue-index,tid,grd,wgr,lds,scr,vgpr,sgpr,fbar,sig,time,VALUBusy,performance,LDSInsts,LDSBankConflict,L1MemoryBusy,L1MemoryStalled,L2WriteUnitStalled,L2CacheHit
"_Z16reduceUnrolling4PiS_j",0,0,0,4,62993,61440,64,0,0,3,1,0,0x0,0.000009,0.753444,92.160000,0,0.000000,4.432764,0.516648,0.000000,92.554645
"_Z16reduceUnrolling4PiS_j",1,0,0,6,62993,61440,64,0,0,3,1,0,0x0,0.000013,0.487941,56.713846,0,0.000000,2.250337,1.092058,0.000000,86.636829
"_Z16reduceUnrolling4PiS_j",2,0,0,7,62993,61440,64,0,0,3,1,0,0x0,0.000008,0.772570,92.160000,0,0.000000,3.399308,0.406519,0.000000,92.554645
"_Z16reduceUnrolling4PiS_j",3,0,0,8,62993,61440,64,0,0,3,1,0,0x0,0.000011,0.590983,67.025455,0,0.000000,2.224630,0.523442,0.000000,87.082262
"_Z16reduceUnrolling4PiS_j",4,0,0,9,62993,61440,64,0,0,3,1,0,0x0,0.000011,0.601892,73.728000,0,0.000000,2.715678,1.119232,0.000000,86.970475
"_Z16reduceUnrolling4PiS_j",5,0,0,10,62993,61440,64,0,0,3,1,0,0x0,0.000011,0.574555,67.025455,0,0.000000,2.084815,0.510260,0.000000,87.362992
"_Z16reduceUnrolling4PiS_j",6,0,0,11,62993,61440,64,0,0,3,1,0,0x0,0.000012,0.556763,67.025455,0,0.000000,1.969882,0.503738,0.000000,87.532300
"_Z16reduceUnrolling4PiS_j",7,0,0,12,62993,61440,64,0,0,3,1,0,0x0,0.000012,0.560628,67.025455,0,0.000000,1.918148,0.505900,0.000000,87.419355
"_Z16reduceUnrolling4PiS_j",8,0,0,13,62993,61440,64,0,0,3,1,0,0x0,0.000009,0.770416,92.160000,0,0.000000,3.622790,0.412723,0.000000,92.554645
"_Z16reduceUnrolling4PiS_j",9,0,0,14,62993,61440,64,0,0,3,1,0,0x0,0.000009,0.766759,92.160000,0,0.000000,3.541697,0.397985,0.000000,92.554645
"_Z16reduceUnrolling4PiS_j",10,0,0,15,62993,61440,64,0,0,3,1,0,0x0,0.000009,0.770021,92.160000,0,0.000000,3.239586,0.363010,0.000000,92.554645
