kernel-name,dispatch,gpu-id,queue-id,queue-index,tid,grd,wgr,lds,scr,vgpr,sgpr,fbar,sig,time,VALUBusy,performance,LDSInsts,LDSBankConflict,L1MemoryBusy,L1MemoryStalled,L2WriteUnitStalled,L2CacheHit
"_Z13kLogisticGradPfS_S_j",0,0,0,6,121182,614656,16,0,0,1,1,0,0x0,0.000101,3.707688,341.917149,0,0.000000,0.080701,0.006776,0.000000,88.039867
"_Z13kLogisticGradPfS_S_j",1,0,0,8,121182,614656,16,0,0,1,1,0,0x0,0.000107,3.509498,322.744224,0,0.000000,0.076388,0.017202,0.000000,75.284091
"_Z13kLogisticGradPfS_S_j",2,0,0,9,121182,614656,16,0,0,1,1,0,0x0,0.000101,3.706911,341.917149,0,0.000000,0.080684,0.006775,0.000000,88.039867
"_Z13kLogisticGradPfS_S_j",3,0,0,10,121182,614656,16,0,0,1,1,0,0x0,0.000105,3.580377,328.891733,0,0.000000,0.077930,0.018293,0.000000,75.070822
"_Z13kLogisticGradPfS_S_j",4,0,0,11,121182,614656,16,0,0,1,1,0,0x0,0.000105,3.580846,328.891733,0,0.000000,0.077940,0.017403,0.000000,75.284091
"_Z13kLogisticGradPfS_S_j",5,0,0,12,121182,614656,16,0,0,1,1,0,0x0,0.000105,3.574062,328.891733,0,0.000000,0.077793,0.017667,0.000000,75.070822
"_Z13kLogisticGradPfS_S_j",6,0,0,13,121182,614656,16,0,0,1,1,0,0x0,0.000106,3.563693,328.891733,0,0.000000,0.077567,0.018504,0.000000,75.070822
"_Z13kLogisticGradPfS_S_j",7,0,0,14,121182,614656,16,0,0,1,1,0,0x0,0.000105,3.571517,328.891733,0,0.000000,0.077737,0.018841,0.000000,75.498575
"_Z13kLogisticGradPfS_S_j",8,0,0,15,121182,614656,16,0,0,1,1,0,0x0,0.000102,3.699074,341.917149,0,0.000000,0.080514,0.006761,0.000000,88.039867
"_Z13kLogisticGradPfS_S_j",9,0,0,16,121182,614656,16,0,0,1,1,0,0x0,0.000102,3.698528,341.917149,0,0.000000,0.080502,0.006760,0.000000,88.039867
"_Z13kLogisticGradPfS_S_j",10,0,0,17,121182,614656,16,0,0,1,1,0,0x0,0.000102,3.703330,341.917149,0,0.000000,0.080606,0.006768,0.000000,88.039867
