kernel-name,dispatch,gpu-id,queue-id,queue-index,tid,grd,wgr,lds,scr,vgpr,sgpr,fbar,sig,time,VALUBusy,performance,LDSInsts,LDSBankConflict,L1MemoryBusy,L1MemoryStalled,L2WriteUnitStalled,L2CacheHit
"add_float",0,0,0,6,60547,614656,256,0,0,1,1,0,0x0,0.000017,8.525633,1075.648000,0,0.000000,19.967237,2.683509,0.000000,98.691409
"add_float",1,0,0,8,60547,614656,256,0,0,1,1,0,0x0,0.000021,6.841963,860.518400,0,0.000000,15.317335,2.247029,0.000000,97.889433
"add_float",2,0,0,9,60547,614656,256,0,0,1,1,0,0x0,0.000016,8.578922,1075.648000,0,0.000000,19.604200,2.734583,0.000000,98.722391
"add_float",3,0,0,10,60547,614656,256,0,0,1,1,0,0x0,0.000019,7.369492,905.808842,0,0.000000,16.724234,2.241848,0.000000,97.971487
"add_float",4,0,0,11,60547,614656,256,0,0,1,1,0,0x0,0.000018,7.760783,956.131556,0,0.000000,18.974969,2.441043,0.000000,97.890756
"add_float",5,0,0,12,60547,614656,256,0,0,1,1,0,0x0,0.000018,7.780634,956.131556,0,0.000000,18.104908,2.499136,0.000000,97.875625
"add_float",6,0,0,13,60547,614656,256,0,0,1,1,0,0x0,0.000019,7.345922,905.808842,0,0.000000,16.939984,2.389694,0.000000,97.984419
"add_float",7,0,0,14,60547,614656,256,0,0,1,1,0,0x0,0.000018,7.631331,956.131556,0,0.000000,18.645749,2.368965,0.000000,97.911816
"add_float",8,0,0,15,60547,614656,256,0,0,1,1,0,0x0,0.000019,7.431535,956.131556,0,0.000000,18.837697,2.365545,0.000000,97.893956
"add_float",9,0,0,16,60547,614656,256,0,0,1,1,0,0x0,0.000018,7.751696,956.131556,0,0.000000,17.173187,2.244473,0.000000,98.778299
"add_float",10,0,0,17,60547,614656,256,0,0,1,1,0,0x0,0.000018,7.996510,1012.374588,0,0.000000,16.941987,2.420157,0.000000,98.743076
