kernel-name,dispatch,gpu-id,queue-id,queue-index,tid,grd,wgr,lds,scr,vgpr,sgpr,fbar,sig,time,VALUBusy,performance,LDSInsts,LDSBankConflict,L1MemoryBusy,L1MemoryStalled,L2WriteUnitStalled,L2CacheHit
"_Z26sum_improved_atomic_kernelPiiS_",0,0,0,4,71345,285696,192,512,0,1,1,0,0x0,0.000532,24.571634,3221.746983,8928,0.000000,67.436142,30.137487,0.000000,98.497552
"_Z26sum_improved_atomic_kernelPiiS_",1,0,0,6,71345,285696,192,512,0,1,1,0,0x0,0.000535,24.433335,3203.647281,8928,0.000000,66.607349,29.849411,0.000000,98.495036
"_Z26sum_improved_atomic_kernelPiiS_",2,0,0,7,71345,285696,192,512,0,1,1,0,0x0,0.000532,24.568833,3221.746983,8928,0.000000,65.800104,29.410977,0.000000,98.497857
"_Z26sum_improved_atomic_kernelPiiS_",3,0,0,8,71345,285696,192,512,0,1,1,0,0x0,0.000535,24.449962,3203.647281,8928,0.000000,67.091022,29.075052,0.000000,98.495331
"_Z26sum_improved_atomic_kernelPiiS_",4,0,0,9,71345,285696,192,512,0,1,1,0,0x0,0.000546,23.926645,3133.237451,8928,0.000000,65.247693,29.585138,0.000000,98.495650
"_Z26sum_improved_atomic_kernelPiiS_",5,0,0,10,71345,285696,192,512,0,1,1,0,0x0,0.000545,23.985843,3144.756706,8928,0.000000,65.447610,29.455884,0.000000,98.479743
"_Z26sum_improved_atomic_kernelPiiS_",6,0,0,11,71345,285696,192,512,0,1,1,0,0x0,0.000541,24.139880,3162.195283,8928,0.000000,65.527940,29.215003,0.000000,98.497480
"_Z26sum_improved_atomic_kernelPiiS_",7,0,0,12,71345,285696,192,512,0,1,1,0,0x0,0.000542,24.093625,3156.360974,8928,0.000000,64.539444,28.837878,0.000000,98.498065
"_Z26sum_improved_atomic_kernelPiiS_",8,0,0,13,71345,285696,192,512,0,1,1,0,0x0,0.000540,24.202828,3173.928846,8928,0.000000,65.961288,29.427587,0.000000,98.497681
"_Z26sum_improved_atomic_kernelPiiS_",9,0,0,14,71345,285696,192,512,0,1,1,0,0x0,0.000545,23.961437,3138.986510,8928,0.000000,65.039888,29.386407,0.000000,98.497653
"_Z26sum_improved_atomic_kernelPiiS_",10,0,0,15,71345,285696,192,512,0,1,1,0,0x0,0.000542,24.094153,3156.360974,8928,0.000000,64.853397,29.837802,0.000000,98.497636
