kernel-name,dispatch,gpu-id,queue-id,queue-index,tid,grd,wgr,lds,scr,vgpr,sgpr,fbar,sig,time,VALUBusy,performance,LDSInsts,LDSBankConflict,L1MemoryBusy,L1MemoryStalled,L2WriteUnitStalled,L2CacheHit
"_Z15shortcut_kerneliiiiiiiiiiPfiiiS_",0,0,0,4,13459,627200,32,0,0,2,2,0,0x0,0.000056,59.230034,5793.047273,0,0.000000,41.951369,3.821129,0.000000,99.851940
"_Z15shortcut_kerneliiiiiiiiiiPfiiiS_",1,0,0,6,13459,627200,32,0,0,2,2,0,0x0,0.000059,55.978035,5400.298305,0,0.000000,38.881845,3.572221,0.000000,99.176127
"_Z15shortcut_kerneliiiiiiiiiiPfiiiS_",2,0,0,7,13459,627200,32,0,0,2,2,0,0x0,0.000055,59.921375,5793.047273,0,0.000000,41.298152,3.700321,0.000000,99.851793
"_Z15shortcut_kerneliiiiiiiiiiPfiiiS_",3,0,0,8,13459,627200,32,0,0,2,2,0,0x0,0.000058,57.318279,5589.782456,0,0.000000,39.875749,3.739154,0.000000,99.287637
"_Z15shortcut_kerneliiiiiiiiiiPfiiiS_",4,0,0,9,13459,627200,32,0,0,2,2,0,0x0,0.000058,57.356616,5589.782456,0,0.000000,39.452161,3.637737,0.000000,99.276311
"_Z15shortcut_kerneliiiiiiiiiiPfiiiS_",5,0,0,10,13459,627200,32,0,0,2,2,0,0x0,0.000058,57.162304,5589.782456,0,0.000000,39.757623,3.755422,0.000000,99.449190
"_Z15shortcut_kerneliiiiiiiiiiPfiiiS_",6,0,0,11,13459,627200,32,0,0,2,2,0,0x0,0.000058,56.974222,5493.406897,0,0.000000,39.974138,3.622086,0.000000,99.417974
"_Z15shortcut_kerneliiiiiiiiiiPfiiiS_",7,0,0,12,13459,627200,32,0,0,2,2,0,0x0,0.000058,57.006234,5493.406897,0,0.000000,39.027060,3.644287,0.000000,99.166804
"_Z15shortcut_kerneliiiiiiiiiiPfiiiS_",8,0,0,13,13459,627200,32,0,0,2,2,0,0x0,0.000055,59.816068,5793.047273,0,0.000000,41.351582,3.715820,0.000000,99.851279
"_Z15shortcut_kerneliiiiiiiiiiPfiiiS_",9,0,0,14,13459,627200,32,0,0,2,2,0,0x0,0.000055,59.855833,5793.047273,0,0.000000,41.108852,3.686381,0.000000,99.851642
"_Z15shortcut_kerneliiiiiiiiiiPfiiiS_",10,0,0,15,13459,627200,32,0,0,2,2,0,0x0,0.000055,59.930222,5793.047273,0,0.000000,40.367343,3.632148,0.000000,99.851666
