kernel-name,dispatch,gpu-id,queue-id,queue-index,tid,grd,wgr,lds,scr,vgpr,sgpr,fbar,sig,time,VALUBusy,performance,LDSInsts,LDSBankConflict,L1MemoryBusy,L1MemoryStalled,L2WriteUnitStalled,L2CacheHit
"_Z9kApplySinPfS_j",0,0,0,4,105988,61440,32,0,0,1,1,0,0x0,0.000012,1.597292,157.509818,0,0.000000,0.727244,0.145449,0.000000,84.888889
"_Z9kApplySinPfS_j",1,0,0,6,105988,61440,32,0,0,1,1,0,0x0,0.000018,1.077763,101.918118,0,0.000000,0.449663,0.092788,0.000000,69.454545
"_Z9kApplySinPfS_j",2,0,0,7,105988,61440,32,0,0,1,1,0,0x0,0.000012,1.603739,157.509818,0,0.000000,0.662471,0.107535,0.000000,84.888889
"_Z9kApplySinPfS_j",3,0,0,8,105988,61440,32,0,0,1,1,0,0x0,0.000015,1.247006,115.507200,0,0.000000,0.520274,0.107358,0.000000,69.454545
"_Z9kApplySinPfS_j",4,0,0,9,105988,61440,32,0,0,1,1,0,0x0,0.000016,1.186640,115.507200,0,0.000000,0.496071,0.102161,0.000000,69.454545
"_Z9kApplySinPfS_j",5,0,0,10,105988,61440,32,0,0,1,1,0,0x0,0.000017,1.133719,108.288000,0,0.000000,0.473947,0.097605,0.000000,69.454545
"_Z9kApplySinPfS_j",6,0,0,11,105988,61440,32,0,0,1,1,0,0x0,0.000017,1.113118,108.288000,0,0.000000,0.465335,0.095831,0.000000,69.454545
"_Z9kApplySinPfS_j",7,0,0,12,105988,61440,32,0,0,1,1,0,0x0,0.000017,1.091238,101.918118,0,0.000000,0.456188,0.093948,0.000000,69.454545
"_Z9kApplySinPfS_j",8,0,0,13,105988,61440,32,0,0,1,1,0,0x0,0.000016,1.145675,108.288000,0,0.000000,0.478945,0.098634,0.000000,69.454545
"_Z9kApplySinPfS_j",9,0,0,14,105988,61440,32,0,0,1,1,0,0x0,0.000013,1.484102,144.384000,0,0.000000,0.675709,0.108113,0.000000,84.888889
"_Z9kApplySinPfS_j",10,0,0,15,105988,61440,32,0,0,1,1,0,0x0,0.000013,1.496457,144.384000,0,0.000000,0.619394,0.100342,0.000000,84.888889
