kernel-name,dispatch,gpu-id,queue-id,queue-index,tid,grd,wgr,lds,scr,vgpr,sgpr,fbar,sig,time,VALUBusy,performance,LDSInsts,LDSBankConflict,L1MemoryBusy,L1MemoryStalled,L2WriteUnitStalled,L2CacheHit
"_Z9addKernelPiPKiS1_",0,0,0,6,69636,4096576,16,0,0,0,0,0,0x0,0.000647,0.772978,101.463183,0,0.000000,35.538579,4.527516,0.000000,99.997268
"_Z9addKernelPiPKiS1_",1,0,0,8,69636,4096576,16,0,0,0,0,0,0x0,0.000651,0.768191,100.838794,0,0.000000,35.426896,4.538195,0.000000,99.920452
"_Z9addKernelPiPKiS1_",2,0,0,9,69636,4096576,16,0,0,0,0,0,0x0,0.000649,0.770809,101.150025,0,0.000000,35.427310,4.701392,0.000000,99.879558
"_Z9addKernelPiPKiS1_",3,0,0,10,69636,4096576,16,0,0,0,0,0,0x0,0.000652,0.767270,100.683896,0,0.000000,35.214949,4.683953,0.000000,99.882283
"_Z9addKernelPiPKiS1_",4,0,0,11,69636,4096576,16,0,0,0,0,0,0x0,0.000651,0.768185,100.838794,0,0.000000,35.210530,4.709561,0.000000,99.881504
"_Z9addKernelPiPKiS1_",5,0,0,12,69636,4096576,16,0,0,0,0,0,0x0,0.000649,0.770440,100.994169,0,0.000000,35.413991,4.512048,0.000000,99.996878
"_Z9addKernelPiPKiS1_",6,0,0,13,69636,4096576,16,0,0,0,0,0,0x0,0.000649,0.770591,101.150025,0,0.000000,35.549065,4.538770,0.000000,99.922790
"_Z9addKernelPiPKiS1_",7,0,0,14,69636,4096576,16,0,0,0,0,0,0x0,0.000647,0.772802,101.306362,0,0.000000,35.528160,4.525373,0.000000,99.997268
"_Z9addKernelPiPKiS1_",8,0,0,15,69636,4096576,16,0,0,0,0,0,0x0,0.000647,0.773021,101.463183,0,0.000000,35.538251,4.528011,0.000000,99.997268
"_Z9addKernelPiPKiS1_",9,0,0,16,69636,4096576,16,0,0,0,0,0,0x0,0.000647,0.772758,101.306362,0,0.000000,35.553444,4.525526,0.000000,99.997268
"_Z9addKernelPiPKiS1_",10,0,0,17,69636,4096576,16,0,0,0,0,0,0x0,0.000647,0.772726,101.306362,0,0.000000,35.532445,4.525825,0.000000,99.997268
