kernel-name,dispatch,gpu-id,queue-id,queue-index,tid,grd,wgr,lds,scr,vgpr,sgpr,fbar,sig,time,VALUBusy,performance,LDSInsts,LDSBankConflict,L1MemoryBusy,L1MemoryStalled,L2WriteUnitStalled,L2CacheHit
"_Z15cn_pnpoly_naivePiP15HIP_vector_typeIfLj2EEi",0,0,0,4,33721,752640,192,0,0,2,2,0,0x0,0.000687,20.280258,2655.603144,0,0.000000,1.613188,0.180917,0.000000,97.913790
"_Z15cn_pnpoly_naivePiP15HIP_vector_typeIfLj2EEi",1,0,0,6,33721,752640,192,0,0,2,2,0,0x0,0.000689,20.235169,2647.894572,0,0.000000,1.674596,0.193691,0.000000,98.010254
"_Z15cn_pnpoly_naivePiP15HIP_vector_typeIfLj2EEi",2,0,0,7,33721,752640,192,0,0,2,2,0,0x0,0.000688,20.255656,2651.743256,0,0.000000,1.646985,0.195544,0.000000,97.162219
"_Z15cn_pnpoly_naivePiP15HIP_vector_typeIfLj2EEi",3,0,0,8,33721,752640,192,0,0,2,2,0,0x0,0.000689,20.244920,2651.743256,0,0.000000,1.650990,0.265004,0.000000,96.974455
"_Z15cn_pnpoly_naivePiP15HIP_vector_typeIfLj2EEi",4,0,0,9,33721,752640,192,0,0,2,2,0,0x0,0.000691,20.164764,2640.230622,0,0.000000,1.679595,0.234983,0.000000,96.933478
"_Z15cn_pnpoly_naivePiP15HIP_vector_typeIfLj2EEi",5,0,0,10,33721,752640,192,0,0,2,2,0,0x0,0.000692,20.142896,2636.415260,0,0.000000,1.634521,0.193485,0.000000,97.079983
"_Z15cn_pnpoly_naivePiP15HIP_vector_typeIfLj2EEi",6,0,0,11,33721,752640,192,0,0,2,2,0,0x0,0.000688,20.254295,2651.743256,0,0.000000,1.646216,0.188177,0.000000,98.394608
"_Z15cn_pnpoly_naivePiP15HIP_vector_typeIfLj2EEi",7,0,0,12,33721,752640,192,0,0,2,2,0,0x0,0.000690,20.205421,2644.057043,0,0.000000,1.650894,0.189647,0.000000,98.394608
"_Z15cn_pnpoly_naivePiP15HIP_vector_typeIfLj2EEi",8,0,0,13,33721,752640,192,0,0,2,2,0,0x0,0.000685,20.338967,2663.356730,0,0.000000,1.656950,0.189282,0.000000,98.394608
"_Z15cn_pnpoly_naivePiP15HIP_vector_typeIfLj2EEi",9,0,0,14,33721,752640,192,0,0,2,2,0,0x0,0.000688,20.274010,2655.603144,0,0.000000,1.656021,0.189110,0.000000,98.394608
"_Z15cn_pnpoly_naivePiP15HIP_vector_typeIfLj2EEi",10,0,0,15,33721,752640,192,0,0,2,2,0,0x0,0.000690,20.207471,2647.894572,0,0.000000,1.645626,0.188217,0.000000,98.394608
