kernel-name,dispatch,gpu-id,queue-id,queue-index,tid,grd,wgr,lds,scr,vgpr,sgpr,fbar,sig,time,VALUBusy,performance,LDSInsts,LDSBankConflict,L1MemoryBusy,L1MemoryStalled,L2WriteUnitStalled,L2CacheHit
"_Z12subgradinputPfS_S_iiiiiii",0,0,0,6,88945,2849280,32,0,0,6,5,0,0x0,0.000228,13.332348,1144.050526,0,0.000000,0.653072,0.061640,0.000000,95.423789
"_Z12subgradinputPfS_S_iiiiiii",1,0,0,8,88945,2849280,32,0,0,6,5,0,0x0,0.000233,13.056902,1119.500086,0,0.000000,0.547656,0.066330,0.000000,93.721581
"_Z12subgradinputPfS_S_iiiiiii",2,0,0,9,88945,2849280,32,0,0,6,5,0,0x0,0.000229,13.318426,1144.050526,0,0.000000,0.620542,0.059936,0.000000,95.406801
"_Z12subgradinputPfS_S_iiiiiii",3,0,0,10,88945,2849280,32,0,0,6,5,0,0x0,0.000231,13.184458,1134.102261,0,0.000000,0.595493,0.073878,0.000000,93.411191
"_Z12subgradinputPfS_S_iiiiiii",4,0,0,11,88945,2849280,32,0,0,6,5,0,0x0,0.000231,13.183031,1134.102261,0,0.000000,0.584131,0.074412,0.000000,93.313599
"_Z12subgradinputPfS_S_iiiiiii",5,0,0,12,88945,2849280,32,0,0,6,5,0,0x0,0.000232,13.114648,1124.325517,0,0.000000,0.580899,0.073689,0.000000,93.411191
"_Z12subgradinputPfS_S_iiiiiii",6,0,0,13,88945,2849280,32,0,0,6,5,0,0x0,0.000232,13.139265,1129.192727,0,0.000000,0.576731,0.071198,0.000000,93.329850
"_Z12subgradinputPfS_S_iiiiiii",7,0,0,14,88945,2849280,32,0,0,6,5,0,0x0,0.000232,13.141072,1129.192727,0,0.000000,0.536621,0.068241,0.000000,93.378637
"_Z12subgradinputPfS_S_iiiiiii",8,0,0,15,88945,2849280,32,0,0,6,5,0,0x0,0.000229,13.290487,1139.054672,0,0.000000,0.598986,0.058923,0.000000,95.406801
"_Z12subgradinputPfS_S_iiiiiii",9,0,0,16,88945,2849280,32,0,0,6,5,0,0x0,0.000228,13.326440,1144.050526,0,0.000000,0.601358,0.061134,0.000000,95.423789
"_Z12subgradinputPfS_S_iiiiiii",10,0,0,17,88945,2849280,32,0,0,6,5,0,0x0,0.000229,13.312166,1144.050526,0,0.000000,0.596001,0.064689,0.000000,95.423789
