kernel-name,dispatch,gpu-id,queue-id,queue-index,tid,grd,wgr,lds,scr,vgpr,sgpr,fbar,sig,time,VALUBusy,performance,LDSInsts,LDSBankConflict,L1MemoryBusy,L1MemoryStalled,L2WriteUnitStalled,L2CacheHit
"matrix_floor",0,0,0,4,130574,614656,16,0,0,1,1,0,0x0,0.000102,0.744383,97.930139,0,0.000000,0.076968,0.006773,0.000000,85.096154
"matrix_floor",1,0,0,6,130574,614656,16,0,0,1,1,0,0x0,0.000106,0.715910,94.199467,0,0.000000,0.085127,0.017618,0.000000,62.544170
"matrix_floor",2,0,0,7,130574,614656,16,0,0,1,1,0,0x0,0.000102,0.743787,97.930139,0,0.000000,0.076906,0.006768,0.000000,85.096154
"matrix_floor",3,0,0,8,130574,614656,16,0,0,1,1,0,0x0,0.000103,0.730935,96.028583,0,0.000000,0.088123,0.019197,0.000000,62.544170
"matrix_floor",4,0,0,9,130574,614656,16,0,0,1,1,0,0x0,0.000103,0.731332,96.028583,0,0.000000,0.086205,0.017543,0.000000,62.544170
"matrix_floor",5,0,0,10,130574,614656,16,0,0,1,1,0,0x0,0.000103,0.730308,96.028583,0,0.000000,0.086839,0.017972,0.000000,62.544170
"matrix_floor",6,0,0,11,130574,614656,16,0,0,1,1,0,0x0,0.000104,0.729088,96.028583,0,0.000000,0.087448,0.018696,0.000000,62.544170
"matrix_floor",7,0,0,12,130574,614656,16,0,0,1,1,0,0x0,0.000104,0.729131,96.028583,0,0.000000,0.087906,0.019149,0.000000,62.765957
"matrix_floor",8,0,0,13,130574,614656,16,0,0,1,1,0,0x0,0.000102,0.743508,97.930139,0,0.000000,0.076877,0.006765,0.000000,85.096154
"matrix_floor",9,0,0,14,130574,614656,16,0,0,1,1,0,0x0,0.000102,0.744112,97.930139,0,0.000000,0.076940,0.006771,0.000000,85.096154
"matrix_floor",10,0,0,15,130574,614656,16,0,0,1,1,0,0x0,0.000102,0.743709,97.930139,0,0.000000,0.076898,0.006767,0.000000,85.096154
