kernel-name,dispatch,gpu-id,queue-id,queue-index,tid,grd,wgr,lds,scr,vgpr,sgpr,fbar,sig,time,VALUBusy,performance,LDSInsts,LDSBankConflict,L1MemoryBusy,L1MemoryStalled,L2WriteUnitStalled,L2CacheHit
"_Z14flatten_kerneliPfiiiiS_",0,0,0,4,24307,1040384,32,0,0,1,1,0,0x0,0.000088,33.944257,3396.196046,0,0.000000,28.708949,4.147178,0.000000,93.725520
"_Z14flatten_kerneliPfiiiiS_",1,0,0,6,24307,1040384,32,0,0,1,1,0,0x0,0.000092,32.456738,3246.912703,0,0.000000,27.349671,3.968340,0.000000,93.592349
"_Z14flatten_kerneliPfiiiiS_",2,0,0,7,24307,1040384,32,0,0,1,1,0,0x0,0.000088,33.976632,3396.196046,0,0.000000,28.732230,4.134589,0.000000,93.725520
"_Z14flatten_kerneliPfiiiiS_",3,0,0,8,24307,1040384,32,0,0,1,1,0,0x0,0.000090,33.010324,3282.989511,0,0.000000,27.918568,4.026338,0.000000,93.592349
"_Z14flatten_kerneliPfiiiiS_",4,0,0,9,24307,1040384,32,0,0,1,1,0,0x0,0.000090,33.023586,3282.989511,0,0.000000,27.695848,4.049737,0.000000,93.590919
"_Z14flatten_kerneliPfiiiiS_",5,0,0,10,24307,1040384,32,0,0,1,1,0,0x0,0.000091,32.909705,3282.989511,0,0.000000,26.581129,4.052839,0.000000,93.596639
"_Z14flatten_kerneliPfiiiiS_",6,0,0,11,24307,1040384,32,0,0,1,1,0,0x0,0.000091,32.635918,3246.912703,0,0.000000,25.101490,3.979463,0.000000,93.595209
"_Z14flatten_kerneliPfiiiiS_",7,0,0,12,24307,1040384,32,0,0,1,1,0,0x0,0.000091,32.631033,3246.912703,0,0.000000,25.336711,3.996119,0.000000,93.596639
"_Z14flatten_kerneliPfiiiiS_",8,0,0,13,24307,1040384,32,0,0,1,1,0,0x0,0.000088,33.836995,3357.602909,0,0.000000,26.537456,4.087482,0.000000,93.725520
"_Z14flatten_kerneliPfiiiiS_",9,0,0,14,24307,1040384,32,0,0,1,1,0,0x0,0.000088,33.897819,3357.602909,0,0.000000,26.475975,4.106536,0.000000,93.725520
"_Z14flatten_kerneliPfiiiiS_",10,0,0,15,24307,1040384,32,0,0,1,1,0,0x0,0.000088,33.726197,3357.602909,0,0.000000,26.414471,4.098630,0.000000,93.725520
