kernel-name,dispatch,gpu-id,queue-id,queue-index,tid,grd,wgr,lds,scr,vgpr,sgpr,fbar,sig,time,VALUBusy,performance,LDSInsts,LDSBankConflict,L1MemoryBusy,L1MemoryStalled,L2WriteUnitStalled,L2CacheHit
"_Z7vsquarePKdPd",0,0,0,4,130349,1537536,32,0,0,1,1,0,0x0,0.000126,6.703790,492.011520,0,0.000000,46.876302,4.323842,0.000000,99.544496
"_Z7vsquarePKdPd",1,0,0,6,130349,1537536,32,0,0,1,1,0,0x0,0.000130,6.498093,476.755349,0,0.000000,45.276999,4.274479,0.000000,99.400022
"_Z7vsquarePKdPd",2,0,0,7,130349,1537536,32,0,0,1,1,0,0x0,0.000126,6.703191,492.011520,0,0.000000,46.411547,4.291957,0.000000,99.540076
"_Z7vsquarePKdPd",3,0,0,8,130349,1537536,32,0,0,1,1,0,0x0,0.000128,6.603612,484.263307,0,0.000000,45.631799,4.346334,0.000000,99.389131
"_Z7vsquarePKdPd",4,0,0,9,130349,1537536,32,0,0,1,1,0,0x0,0.000128,6.609167,484.263307,0,0.000000,46.158408,4.357081,0.000000,99.392056
"_Z7vsquarePKdPd",5,0,0,10,130349,1537536,32,0,0,1,1,0,0x0,0.000128,6.593173,480.480000,0,0.000000,45.893507,4.367151,0.000000,99.396501
"_Z7vsquarePKdPd",6,0,0,11,130349,1537536,32,0,0,1,1,0,0x0,0.000128,6.587549,480.480000,0,0.000000,45.981100,4.354041,0.000000,99.383424
"_Z7vsquarePKdPd",7,0,0,12,130349,1537536,32,0,0,1,1,0,0x0,0.000128,6.593720,480.480000,0,0.000000,46.003562,4.362268,0.000000,99.374770
"_Z7vsquarePKdPd",8,0,0,13,130349,1537536,32,0,0,1,1,0,0x0,0.000126,6.697378,488.106667,0,0.000000,46.292492,4.284394,0.000000,99.539107
"_Z7vsquarePKdPd",9,0,0,14,130349,1537536,32,0,0,1,1,0,0x0,0.000126,6.690481,488.106667,0,0.000000,45.848743,4.268223,0.000000,99.541459
"_Z7vsquarePKdPd",10,0,0,15,130349,1537536,32,0,0,1,1,0,0x0,0.000126,6.697411,488.106667,0,0.000000,45.986931,4.270538,0.000000,99.542493
