kernel-name,dispatch,gpu-id,queue-id,queue-index,tid,grd,wgr,lds,scr,vgpr,sgpr,fbar,sig,time,VALUBusy,performance,LDSInsts,LDSBankConflict,L1MemoryBusy,L1MemoryStalled,L2WriteUnitStalled,L2CacheHit
"_Z7vsquarePKdPd",0,0,0,4,130321,1517824,16,0,0,1,1,0,0x0,0.000243,6.854582,499.695144,0,0.000000,48.245280,4.440044,0.000000,99.764941
"_Z7vsquarePKdPd",1,0,0,6,130321,1517824,16,0,0,1,1,0,0x0,0.000247,6.744261,491.602915,0,0.000000,46.961221,4.424448,0.000000,99.711866
"_Z7vsquarePKdPd",2,0,0,7,130321,1517824,16,0,0,1,1,0,0x0,0.000243,6.853983,499.695144,0,0.000000,47.324736,4.433748,0.000000,99.764975
"_Z7vsquarePKdPd",3,0,0,8,130321,1517824,16,0,0,1,1,0,0x0,0.000245,6.803785,495.616000,0,0.000000,47.886289,4.478607,0.000000,99.712265
"_Z7vsquarePKdPd",4,0,0,9,130321,1517824,16,0,0,1,1,0,0x0,0.000245,6.803230,495.616000,0,0.000000,47.605782,4.450066,0.000000,99.711746
"_Z7vsquarePKdPd",5,0,0,10,130321,1517824,16,0,0,1,1,0,0x0,0.000245,6.795190,495.616000,0,0.000000,47.947983,4.491096,0.000000,99.709070
"_Z7vsquarePKdPd",6,0,0,11,130321,1517824,16,0,0,1,1,0,0x0,0.000246,6.778341,493.601301,0,0.000000,47.787617,4.438676,0.000000,99.711182
"_Z7vsquarePKdPd",7,0,0,12,130321,1517824,16,0,0,1,1,0,0x0,0.000245,6.793616,495.616000,0,0.000000,47.747874,4.478279,0.000000,99.707466
"_Z7vsquarePKdPd",8,0,0,13,130321,1517824,16,0,0,1,1,0,0x0,0.000243,6.848723,499.695144,0,0.000000,47.544723,4.415392,0.000000,99.765586
"_Z7vsquarePKdPd",9,0,0,14,130321,1517824,16,0,0,1,1,0,0x0,0.000244,6.845911,499.695144,0,0.000000,47.887891,4.421726,0.000000,99.764688
"_Z7vsquarePKdPd",10,0,0,15,130321,1517824,16,0,0,1,1,0,0x0,0.000243,6.849901,499.695144,0,0.000000,47.634479,4.413905,0.000000,99.765407
