kernel-name,dispatch,gpu-id,queue-id,queue-index,tid,grd,wgr,lds,scr,vgpr,sgpr,fbar,sig,time,VALUBusy,performance,LDSInsts,LDSBankConflict,L1MemoryBusy,L1MemoryStalled,L2WriteUnitStalled,L2CacheHit
"_Z8gpuMeansPKfmS0_mmPfS1_",0,0,0,8,81723,1040384,128,192,0,3,3,0,0x0,0.000039,3.269888,329.040842,62,0.000000,0.302129,0.246685,0.000000,67.916667
"_Z8gpuMeansPKfmS0_mmPfS1_",1,0,0,10,81723,1040384,128,192,0,3,3,0,0x0,0.000035,3.652940,367.751529,62,0.000000,0.351885,0.277379,0.000000,67.916667
"_Z8gpuMeansPKfmS0_mmPfS1_",2,0,0,11,81723,1040384,128,192,0,3,3,0,0x0,0.000028,4.595775,463.094519,62,0.000000,0.124794,0.046868,0.000000,87.165775
"_Z8gpuMeansPKfmS0_mmPfS1_",3,0,0,12,81723,1040384,128,192,0,3,3,0,0x0,0.000030,4.171066,416.785067,62,0.000000,0.393083,0.318259,0.000000,67.916667
"_Z8gpuMeansPKfmS0_mmPfS1_",4,0,0,13,81723,1040384,128,192,0,3,3,0,0x0,0.000029,4.404467,446.555429,62,0.000000,0.410209,0.329033,0.000000,67.916667
"_Z8gpuMeansPKfmS0_mmPfS1_",5,0,0,14,81723,1040384,128,192,0,3,3,0,0x0,0.000030,4.287163,431.156966,62,0.000000,0.395070,0.320270,0.000000,67.916667
"_Z8gpuMeansPKfmS0_mmPfS1_",6,0,0,15,81723,1040384,128,192,0,3,3,0,0x0,0.000028,4.547804,463.094519,62,0.000000,0.427470,0.345887,0.000000,67.916667
"_Z8gpuMeansPKfmS0_mmPfS1_",7,0,0,16,81723,1040384,128,192,0,3,3,0,0x0,0.000028,4.546381,463.094519,62,0.000000,0.424543,0.345221,0.000000,67.916667
"_Z8gpuMeansPKfmS0_mmPfS1_",8,0,0,17,81723,1040384,128,192,0,3,3,0,0x0,0.000030,4.288699,431.156966,62,0.000000,0.387834,0.315115,0.000000,67.916667
"_Z8gpuMeansPKfmS0_mmPfS1_",9,0,0,18,81723,1040384,128,192,0,3,3,0,0x0,0.000026,4.877709,480.905846,62,0.000000,0.134247,0.051541,0.000000,87.165775
"_Z8gpuMeansPKfmS0_mmPfS1_",10,0,0,19,81723,1040384,128,192,0,3,3,0,0x0,0.000026,4.895430,500.142080,62,0.000000,0.131728,0.046315,0.000000,87.165775
