kernel-name,dispatch,gpu-id,queue-id,queue-index,tid,grd,wgr,lds,scr,vgpr,sgpr,fbar,sig,time,VALUBusy,performance,LDSInsts,LDSBankConflict,L1MemoryBusy,L1MemoryStalled,L2WriteUnitStalled,L2CacheHit
"_Z13mergeLocationPK15HIP_vector_typeIsLj2EEPfS3_if",0,0,0,6,65854,61440,64,0,0,1,1,0,0x0,0.000011,0.175072,23.040000,0,0.000000,0.389676,0.055063,0.000000,81.355932
"_Z13mergeLocationPK15HIP_vector_typeIsLj2EEPfS3_if",1,0,0,8,65854,61440,64,0,0,1,1,0,0x0,0.000015,0.126945,16.896000,0,0.000000,0.313268,0.098280,0.000000,63.436123
"_Z13mergeLocationPK15HIP_vector_typeIsLj2EEPfS3_if",2,0,0,9,65854,61440,64,0,0,1,1,0,0x0,0.000010,0.189105,25.344000,0,0.000000,0.419386,0.059477,0.000000,81.355932
"_Z13mergeLocationPK15HIP_vector_typeIsLj2EEPfS3_if",3,0,0,10,65854,61440,64,0,0,1,1,0,0x0,0.000013,0.146857,19.495385,0,0.000000,0.401488,0.113696,0.000000,63.436123
"_Z13mergeLocationPK15HIP_vector_typeIsLj2EEPfS3_if",4,0,0,11,65854,61440,64,0,0,1,1,0,0x0,0.000012,0.161897,23.040000,0,0.000000,0.399520,0.125339,0.000000,63.436123
"_Z13mergeLocationPK15HIP_vector_typeIsLj2EEPfS3_if",5,0,0,12,65854,61440,64,0,0,1,1,0,0x0,0.000012,0.156116,21.120000,0,0.000000,0.426802,0.120864,0.000000,63.436123
"_Z13mergeLocationPK15HIP_vector_typeIsLj2EEPfS3_if",6,0,0,13,65854,61440,64,0,0,1,1,0,0x0,0.000014,0.135798,18.102857,0,0.000000,0.371255,0.105134,0.000000,63.436123
"_Z13mergeLocationPK15HIP_vector_typeIsLj2EEPfS3_if",7,0,0,14,65854,61440,64,0,0,1,1,0,0x0,0.000014,0.139144,19.495385,0,0.000000,0.343373,0.107725,0.000000,63.436123
"_Z13mergeLocationPK15HIP_vector_typeIsLj2EEPfS3_if",8,0,0,15,65854,61440,64,0,0,1,1,0,0x0,0.000013,0.149441,21.120000,0,0.000000,0.368781,0.115696,0.000000,63.436123
"_Z13mergeLocationPK15HIP_vector_typeIsLj2EEPfS3_if",9,0,0,16,65854,61440,64,0,0,1,1,0,0x0,0.000011,0.170480,23.040000,0,0.000000,0.378080,0.053619,0.000000,81.355932
"_Z13mergeLocationPK15HIP_vector_typeIsLj2EEPfS3_if",10,0,0,17,65854,61440,64,0,0,1,1,0,0x0,0.000011,0.174128,23.040000,0,0.000000,0.386171,0.054766,0.000000,81.355932
