kernel-name,dispatch,gpu-id,queue-id,queue-index,tid,grd,wgr,lds,scr,vgpr,sgpr,fbar,sig,time,VALUBusy,performance,LDSInsts,LDSBankConflict,L1MemoryBusy,L1MemoryStalled,L2WriteUnitStalled,L2CacheHit
"_Z13mergeLocationPK15HIP_vector_typeIsLj2EEPfS3_if",0,0,0,6,66774,1517824,256,0,0,1,1,0,0x0,0.000028,1.835102,246.765037,0,0.000000,0.620766,0.098134,0.000000,96.090047
"_Z13mergeLocationPK15HIP_vector_typeIsLj2EEPfS3_if",1,0,0,8,66774,1517824,256,0,0,1,1,0,0x0,0.000033,1.568521,208.208000,0,0.000000,1.202573,0.704097,0.000000,87.204301
"_Z13mergeLocationPK15HIP_vector_typeIsLj2EEPfS3_if",2,0,0,9,66774,1517824,256,0,0,1,1,0,0x0,0.000028,1.822957,237.952000,0,0.000000,0.681833,0.111411,0.000000,96.090047
"_Z13mergeLocationPK15HIP_vector_typeIsLj2EEPfS3_if",3,0,0,10,66774,1517824,256,0,0,1,1,0,0x0,0.000029,1.738694,229.746759,0,0.000000,1.035512,0.508990,0.000000,87.017167
"_Z13mergeLocationPK15HIP_vector_typeIsLj2EEPfS3_if",4,0,0,11,66774,1517824,256,0,0,1,1,0,0x0,0.000030,1.715363,229.746759,0,0.000000,0.923072,0.510546,0.000000,87.675676
"_Z13mergeLocationPK15HIP_vector_typeIsLj2EEPfS3_if",5,0,0,12,66774,1517824,256,0,0,1,1,0,0x0,0.000031,1.664073,222.088533,0,0.000000,0.876149,0.472399,0.000000,87.675676
"_Z13mergeLocationPK15HIP_vector_typeIsLj2EEPfS3_if",6,0,0,13,66774,1517824,256,0,0,1,1,0,0x0,0.000030,1.684216,222.088533,0,0.000000,0.972703,0.487381,0.000000,87.017167
"_Z13mergeLocationPK15HIP_vector_typeIsLj2EEPfS3_if",7,0,0,14,66774,1517824,256,0,0,1,1,0,0x0,0.000030,1.700177,222.088533,0,0.000000,1.192332,0.780860,0.000000,87.204301
"_Z13mergeLocationPK15HIP_vector_typeIsLj2EEPfS3_if",8,0,0,15,66774,1517824,256,0,0,1,1,0,0x0,0.000028,1.817248,237.952000,0,0.000000,0.594736,0.097179,0.000000,96.090047
"_Z13mergeLocationPK15HIP_vector_typeIsLj2EEPfS3_if",9,0,0,16,66774,1517824,256,0,0,1,1,0,0x0,0.000028,1.794409,237.952000,0,0.000000,0.593841,0.095958,0.000000,96.090047
"_Z13mergeLocationPK15HIP_vector_typeIsLj2EEPfS3_if",10,0,0,17,66774,1517824,256,0,0,1,1,0,0x0,0.000029,1.764798,237.952000,0,0.000000,0.601299,0.094374,0.000000,96.090047
