kernel-name,dispatch,gpu-id,queue-id,queue-index,tid,grd,wgr,lds,scr,vgpr,sgpr,fbar,sig,time,VALUBusy,performance,LDSInsts,LDSBankConflict,L1MemoryBusy,L1MemoryStalled,L2WriteUnitStalled,L2CacheHit
"_Z8pack_topiiiPdS_i",0,0,0,4,56280,61440,32,0,0,1,1,0,0x0,0.000010,0.357356,49.152000,0,0.000000,0.000000,0.000000,0.000000,85.185185
"_Z8pack_topiiiPdS_i",1,0,0,6,56280,61440,32,0,0,1,1,0,0x0,0.000015,0.246873,32.768000,0,0.000000,0.000000,0.000000,0.000000,69.433962
"_Z8pack_topiiiPdS_i",2,0,0,7,56280,61440,32,0,0,1,1,0,0x0,0.000011,0.354024,49.152000,0,0.000000,0.000000,0.000000,0.000000,85.185185
"_Z8pack_topiiiPdS_i",3,0,0,8,56280,61440,32,0,0,1,1,0,0x0,0.000013,0.287949,37.809231,0,0.000000,0.000000,0.000000,0.000000,69.433962
"_Z8pack_topiiiPdS_i",4,0,0,9,56280,61440,32,0,0,1,1,0,0x0,0.000013,0.284819,37.809231,0,0.000000,0.000000,0.000000,0.000000,69.433962
"_Z8pack_topiiiPdS_i",5,0,0,10,56280,61440,32,0,0,1,1,0,0x0,0.000013,0.291135,40.960000,0,0.000000,0.000000,0.000000,0.000000,69.433962
"_Z8pack_topiiiPdS_i",6,0,0,11,56280,61440,32,0,0,1,1,0,0x0,0.000014,0.264061,35.108571,0,0.000000,0.000000,0.000000,0.000000,69.433962
"_Z8pack_topiiiPdS_i",7,0,0,12,56280,61440,32,0,0,1,1,0,0x0,0.000013,0.282167,37.809231,0,0.000000,0.000000,0.000000,0.000000,69.433962
"_Z8pack_topiiiPdS_i",8,0,0,13,56280,61440,32,0,0,1,1,0,0x0,0.000014,0.263493,35.108571,0,0.000000,0.000000,0.000000,0.000000,69.433962
"_Z8pack_topiiiPdS_i",9,0,0,14,56280,61440,32,0,0,1,1,0,0x0,0.000011,0.336663,44.683636,0,0.000000,0.000000,0.000000,0.000000,85.185185
"_Z8pack_topiiiPdS_i",10,0,0,15,56280,61440,32,0,0,1,1,0,0x0,0.000011,0.342955,49.152000,0,0.000000,0.000000,0.000000,0.000000,85.185185
