kernel-name,dispatch,gpu-id,queue-id,queue-index,tid,grd,wgr,lds,scr,vgpr,sgpr,fbar,sig,time,VALUBusy,performance,LDSInsts,LDSBankConflict,L1MemoryBusy,L1MemoryStalled,L2WriteUnitStalled,L2CacheHit
"_Z39refine_dilateFPPlaneDepthMapXpYp_kernelPfiS_iiiiif",0,0,0,4,3915,4145152,256,0,0,1,2,0,0x0,0.000068,17.797182,2103.082030,0,0.000000,13.477828,0.000000,0.000000,98.127341
"_Z39refine_dilateFPPlaneDepthMapXpYp_kernelPfiS_iiiiif",1,0,0,6,3915,4145152,256,0,0,1,2,0,0x0,0.000071,16.805429,1984.598535,0,0.000000,12.950312,0.000000,0.000000,97.467694
"_Z39refine_dilateFPPlaneDepthMapXpYp_kernelPfiS_iiiiif",2,0,0,7,3915,4145152,256,0,0,1,2,0,0x0,0.000067,17.825980,2103.082030,0,0.000000,13.506546,0.000000,0.000000,98.127341
"_Z39refine_dilateFPPlaneDepthMapXpYp_kernelPfiS_iiiiif",3,0,0,8,3915,4145152,256,0,0,1,2,0,0x0,0.000069,17.358225,2042.123130,0,0.000000,13.398646,0.000000,0.000000,97.499510
"_Z39refine_dilateFPPlaneDepthMapXpYp_kernelPfiS_iiiiif",4,0,0,9,3915,4145152,256,0,0,1,2,0,0x0,0.000069,17.316065,2042.123130,0,0.000000,13.246593,0.000000,0.000000,97.499510
"_Z39refine_dilateFPPlaneDepthMapXpYp_kernelPfiS_iiiiif",5,0,0,10,3915,4145152,256,0,0,1,2,0,0x0,0.000069,17.324420,2042.123130,0,0.000000,13.312396,0.000000,0.000000,97.518610
"_Z39refine_dilateFPPlaneDepthMapXpYp_kernelPfiS_iiiiif",6,0,0,11,3915,4145152,256,0,0,1,2,0,0x0,0.000070,17.091440,2012.949943,0,0.000000,13.030210,0.000000,0.000000,97.512243
"_Z39refine_dilateFPPlaneDepthMapXpYp_kernelPfiS_iiiiif",7,0,0,12,3915,4145152,256,0,0,1,2,0,0x0,0.000070,17.132386,2012.949943,0,0.000000,13.184091,0.000000,0.000000,97.531348
"_Z39refine_dilateFPPlaneDepthMapXpYp_kernelPfiS_iiiiif",8,0,0,13,3915,4145152,256,0,0,1,2,0,0x0,0.000068,17.787591,2103.082030,0,0.000000,13.625324,0.000000,0.000000,98.127341
"_Z39refine_dilateFPPlaneDepthMapXpYp_kernelPfiS_iiiiif",9,0,0,14,3915,4145152,256,0,0,1,2,0,0x0,0.000067,17.818461,2103.082030,0,0.000000,13.652900,0.000000,0.000000,98.127341
"_Z39refine_dilateFPPlaneDepthMapXpYp_kernelPfiS_iiiiif",10,0,0,15,3915,4145152,256,0,0,1,2,0,0x0,0.000068,17.644278,2072.154353,0,0.000000,13.446712,0.000000,0.000000,98.127341
