kernel-name,dispatch,gpu-id,queue-id,queue-index,tid,grd,wgr,lds,scr,vgpr,sgpr,fbar,sig,time,VALUBusy,performance,LDSInsts,LDSBankConflict,L1MemoryBusy,L1MemoryStalled,L2WriteUnitStalled,L2CacheHit
"_Z18rdiv_strided_floatiiiPfS_iiS_",0,0,0,6,60744,57600,256,0,0,2,2,0,0x0,0.000204,63.308991,7230.360591,0,0.000000,60.193330,8.059234,0.000000,98.020324
"_Z18rdiv_strided_floatiiiPfS_iiS_",1,0,0,8,60744,57600,256,0,0,2,2,0,0x0,0.000209,61.721391,7056.553846,0,0.000000,58.972422,7.921664,0.000000,97.989316
"_Z18rdiv_strided_floatiiiPfS_iiS_",2,0,0,9,60744,57600,256,0,0,2,2,0,0x0,0.000204,63.182992,7194.917647,0,0.000000,59.841899,8.284088,0.000000,98.020747
"_Z18rdiv_strided_floatiiiPfS_iiS_",3,0,0,10,60744,57600,256,0,0,2,2,0,0x0,0.000208,62.108536,7090.643478,0,0.000000,58.844877,7.993851,0.000000,97.987479
"_Z18rdiv_strided_floatiiiPfS_iiS_",4,0,0,11,60744,57600,256,0,0,2,2,0,0x0,0.000207,62.344594,7125.064078,0,0.000000,58.728187,7.903157,0.000000,97.981544
"_Z18rdiv_strided_floatiiiPfS_iiS_",5,0,0,12,60744,57600,256,0,0,2,2,0,0x0,0.000208,62.003655,7056.553846,0,0.000000,57.075100,7.572008,0.000000,97.983607
"_Z18rdiv_strided_floatiiiPfS_iiS_",6,0,0,13,60744,57600,256,0,0,2,2,0,0x0,0.000208,61.922161,7056.553846,0,0.000000,57.157775,7.740303,0.000000,97.983112
"_Z18rdiv_strided_floatiiiPfS_iiS_",7,0,0,14,60744,57600,256,0,0,2,2,0,0x0,0.000208,62.087232,7090.643478,0,0.000000,59.014698,7.841422,0.000000,97.981926
"_Z18rdiv_strided_floatiiiPfS_iiS_",8,0,0,15,60744,57600,256,0,0,2,2,0,0x0,0.000204,63.072527,7194.917647,0,0.000000,60.059969,8.006819,0.000000,98.016877
"_Z18rdiv_strided_floatiiiPfS_iiS_",9,0,0,16,60744,57600,256,0,0,2,2,0,0x0,0.000204,63.095669,7194.917647,0,0.000000,57.906026,7.687404,0.000000,98.017902
"_Z18rdiv_strided_floatiiiPfS_iiS_",10,0,0,17,60744,57600,256,0,0,2,2,0,0x0,0.000204,63.163265,7194.917647,0,0.000000,58.042749,7.761220,0.000000,98.016516
