kernel-name,dispatch,gpu-id,queue-id,queue-index,tid,grd,wgr,lds,scr,vgpr,sgpr,fbar,sig,time,VALUBusy,performance,LDSInsts,LDSBankConflict,L1MemoryBusy,L1MemoryStalled,L2WriteUnitStalled,L2CacheHit
"_Z14flatten_kerneliPfiiiiS_",0,0,0,4,10966,92160,192,0,0,1,1,0,0x0,0.000013,10.115678,1006.670769,0,0.000000,5.172867,0.614480,0.000000,95.700355
"_Z14flatten_kerneliPfiiiiS_",1,0,0,6,10966,92160,192,0,0,1,1,0,0x0,0.000016,8.276842,872.448000,0,0.000000,4.002817,0.699417,0.000000,92.980189
"_Z14flatten_kerneliPfiiiiS_",2,0,0,7,10966,92160,192,0,0,1,1,0,0x0,0.000012,10.907526,1090.560000,0,0.000000,5.743348,0.571112,0.000000,95.700355
"_Z14flatten_kerneliPfiiiiS_",3,0,0,8,10966,92160,192,0,0,1,1,0,0x0,0.000015,9.040250,934.765714,0,0.000000,4.802556,0.791701,0.000000,93.020250
"_Z14flatten_kerneliPfiiiiS_",4,0,0,9,10966,92160,192,0,0,1,1,0,0x0,0.000015,9.006394,934.765714,0,0.000000,4.618316,0.786572,0.000000,93.020250
"_Z14flatten_kerneliPfiiiiS_",5,0,0,10,10966,92160,192,0,0,1,1,0,0x0,0.000015,8.746782,872.448000,0,0.000000,4.382211,0.768102,0.000000,92.860215
"_Z14flatten_kerneliPfiiiiS_",6,0,0,11,10966,92160,192,0,0,1,1,0,0x0,0.000016,8.320081,872.448000,0,0.000000,4.006568,0.730523,0.000000,92.860215
"_Z14flatten_kerneliPfiiiiS_",7,0,0,12,10966,92160,192,0,0,1,1,0,0x0,0.000016,8.338980,872.448000,0,0.000000,4.112789,0.689900,0.000000,92.820292
"_Z14flatten_kerneliPfiiiiS_",8,0,0,13,10966,92160,192,0,0,1,1,0,0x0,0.000016,8.413275,872.448000,0,0.000000,4.147443,0.742781,0.000000,92.940164
"_Z14flatten_kerneliPfiiiiS_",9,0,0,14,10966,92160,192,0,0,1,1,0,0x0,0.000013,10.304173,1090.560000,0,0.000000,5.227970,0.528521,0.000000,95.700355
"_Z14flatten_kerneliPfiiiiS_",10,0,0,15,10966,92160,192,0,0,1,1,0,0x0,0.000013,10.208353,1090.560000,0,0.000000,5.286652,0.534456,0.000000,95.700355
