kernel-name,dispatch,gpu-id,queue-id,queue-index,tid,grd,wgr,lds,scr,vgpr,sgpr,fbar,sig,time,VALUBusy,performance,LDSInsts,LDSBankConflict,L1MemoryBusy,L1MemoryStalled,L2WriteUnitStalled,L2CacheHit
"_Z14flatten_kerneliPfiiiiS_",0,0,0,4,12577,4145152,64,0,0,1,1,0,0x0,0.000170,35.063515,3482.908781,0,0.000000,30.086821,4.332870,0.000000,93.737680
"_Z14flatten_kerneliPfiiiiS_",1,0,0,6,12577,4145152,64,0,0,1,1,0,0x0,0.000173,34.419312,3422.160372,0,0.000000,29.743362,4.468017,0.000000,93.635301
"_Z14flatten_kerneliPfiiiiS_",2,0,0,7,12577,4145152,64,0,0,1,1,0,0x0,0.000169,35.223136,3503.640381,0,0.000000,30.439620,4.337515,0.000000,93.737680
"_Z14flatten_kerneliPfiiiiS_",3,0,0,8,12577,4145152,64,0,0,1,1,0,0x0,0.000171,34.689829,3442.173006,0,0.000000,29.990956,4.547982,0.000000,93.634581
"_Z14flatten_kerneliPfiiiiS_",4,0,0,9,12577,4145152,64,0,0,1,1,0,0x0,0.000171,34.704308,3442.173006,0,0.000000,29.833335,4.487673,0.000000,93.636741
"_Z14flatten_kerneliPfiiiiS_",5,0,0,10,12577,4145152,64,0,0,1,1,0,0x0,0.000172,34.611965,3442.173006,0,0.000000,27.573378,4.480649,0.000000,93.633140
"_Z14flatten_kerneliPfiiiiS_",6,0,0,11,12577,4145152,64,0,0,1,1,0,0x0,0.000172,34.620989,3442.173006,0,0.000000,27.498171,4.553610,0.000000,93.637461
"_Z14flatten_kerneliPfiiiiS_",7,0,0,12,12577,4145152,64,0,0,1,1,0,0x0,0.000172,34.618612,3442.173006,0,0.000000,27.522017,4.453310,0.000000,93.637461
"_Z14flatten_kerneliPfiiiiS_",8,0,0,13,12577,4145152,64,0,0,1,1,0,0x0,0.000169,35.183894,3503.640381,0,0.000000,27.936015,4.332501,0.000000,93.737680
"_Z14flatten_kerneliPfiiiiS_",9,0,0,14,12577,4145152,64,0,0,1,1,0,0x0,0.000169,35.200428,3503.640381,0,0.000000,27.947478,4.332780,0.000000,93.737680
"_Z14flatten_kerneliPfiiiiS_",10,0,0,15,12577,4145152,64,0,0,1,1,0,0x0,0.000169,35.182856,3503.640381,0,0.000000,27.812482,4.338090,0.000000,93.737680
