kernel-name,dispatch,gpu-id,queue-id,queue-index,tid,grd,wgr,lds,scr,vgpr,sgpr,fbar,sig,time,VALUBusy,performance,LDSInsts,LDSBankConflict,L1MemoryBusy,L1MemoryStalled,L2WriteUnitStalled,L2CacheHit
"_Z23softmax_gradient_kerneliPKfS0_Pf",0,0,0,6,2496,1517824,64,512,0,2,2,0,0x0,0.000067,18.063341,2299.733333,260876,0.000000,44.945208,3.810135,0.000000,99.730970
"_Z23softmax_gradient_kerneliPKfS0_Pf",1,0,0,8,2496,1517824,64,512,0,2,2,0,0x0,0.000072,16.681167,2108.088889,260876,0.000000,41.393109,3.844522,0.000000,99.318388
"_Z23softmax_gradient_kerneliPKfS0_Pf",2,0,0,9,2496,1517824,64,512,0,2,2,0,0x0,0.000066,18.303902,2335.113846,260876,0.000000,45.485353,3.860165,0.000000,99.730970
"_Z23softmax_gradient_kerneliPKfS0_Pf",3,0,0,10,2496,1517824,64,512,0,2,2,0,0x0,0.000070,17.237315,2199.744928,260876,0.000000,43.236081,4.033975,0.000000,99.318388
"_Z23softmax_gradient_kerneliPKfS0_Pf",4,0,0,11,2496,1517824,64,512,0,2,2,0,0x0,0.000070,17.120005,2168.320000,260876,0.000000,42.497823,3.876139,0.000000,99.314475
"_Z23softmax_gradient_kerneliPKfS0_Pf",5,0,0,12,2496,1517824,64,512,0,2,2,0,0x0,0.000070,17.136143,2168.320000,260876,0.000000,42.682173,3.985620,0.000000,99.326215
"_Z23softmax_gradient_kerneliPKfS0_Pf",6,0,0,13,2496,1517824,64,512,0,2,2,0,0x0,0.000071,16.880935,2137.780282,260876,0.000000,41.752155,3.829896,0.000000,99.326215
"_Z23softmax_gradient_kerneliPKfS0_Pf",7,0,0,14,2496,1517824,64,512,0,2,2,0,0x0,0.000071,16.928541,2137.780282,260876,0.000000,41.874731,3.979065,0.000000,99.326215
"_Z23softmax_gradient_kerneliPKfS0_Pf",8,0,0,15,2496,1517824,64,512,0,2,2,0,0x0,0.000066,18.121268,2299.733333,260876,0.000000,44.756900,3.798843,0.000000,99.730970
"_Z23softmax_gradient_kerneliPKfS0_Pf",9,0,0,16,2496,1517824,64,512,0,2,2,0,0x0,0.000066,18.205502,2299.733333,260876,0.000000,45.268700,3.876024,0.000000,99.730970
"_Z23softmax_gradient_kerneliPKfS0_Pf",10,0,0,17,2496,1517824,64,512,0,2,2,0,0x0,0.000066,18.240314,2299.733333,260876,0.000000,44.926212,3.830899,0.000000,99.730970
