kernel-name,dispatch,gpu-id,queue-id,queue-index,tid,grd,wgr,lds,scr,vgpr,sgpr,fbar,sig,time,VALUBusy,performance,LDSInsts,LDSBankConflict,L1MemoryBusy,L1MemoryStalled,L2WriteUnitStalled,L2CacheHit
"matrix_asin",0,0,0,4,120856,627200,32,0,0,5,1,0,0x0,0.000054,0.766257,94.696296,0,0.000000,0.071865,0.006324,0.000000,85.447761
"matrix_asin",1,0,0,6,120856,627200,32,0,0,5,1,0,0x0,0.000059,0.703725,86.671186,0,0.000000,0.087912,0.027720,0.000000,71.786834
"matrix_asin",2,0,0,7,120856,627200,32,0,0,5,1,0,0x0,0.000054,0.765940,94.696296,0,0.000000,0.071835,0.006321,0.000000,85.447761
"matrix_asin",3,0,0,8,120856,627200,32,0,0,5,1,0,0x0,0.000057,0.731246,91.314286,0,0.000000,0.089704,0.027158,0.000000,71.786834
"matrix_asin",4,0,0,9,120856,627200,32,0,0,5,1,0,0x0,0.000057,0.730612,89.712281,0,0.000000,0.091271,0.028779,0.000000,71.786834
"matrix_asin",5,0,0,10,120856,627200,32,0,0,5,1,0,0x0,0.000057,0.728050,89.712281,0,0.000000,0.090951,0.028678,0.000000,71.786834
"matrix_asin",6,0,0,11,120856,627200,32,0,0,5,1,0,0x0,0.000057,0.725230,89.712281,0,0.000000,0.088966,0.026935,0.000000,71.786834
"matrix_asin",7,0,0,12,120856,627200,32,0,0,5,1,0,0x0,0.000057,0.726225,89.712281,0,0.000000,0.090723,0.028606,0.000000,71.562500
"matrix_asin",8,0,0,13,120856,627200,32,0,0,5,1,0,0x0,0.000054,0.764262,94.696296,0,0.000000,0.071678,0.006308,0.000000,85.447761
"matrix_asin",9,0,0,14,120856,627200,32,0,0,5,1,0,0x0,0.000055,0.764026,94.696296,0,0.000000,0.071655,0.006306,0.000000,85.447761
"matrix_asin",10,0,0,15,120856,627200,32,0,0,5,1,0,0x0,0.000054,0.764780,94.696296,0,0.000000,0.071726,0.006312,0.000000,85.447761
