kernel-name,dispatch,gpu-id,queue-id,queue-index,tid,grd,wgr,lds,scr,vgpr,sgpr,fbar,sig,time,VALUBusy,performance,LDSInsts,LDSBankConflict,L1MemoryBusy,L1MemoryStalled,L2WriteUnitStalled,L2CacheHit
"matrix_asin",0,0,0,4,120750,614656,16,0,0,5,1,0,0x0,0.000102,0.998619,104.823129,0,0.000000,0.269169,0.023687,0.000000,91.116173
"matrix_asin",1,0,0,6,120750,614656,16,0,0,5,1,0,0x0,0.000106,0.952980,99.878642,0,0.000000,0.267877,0.033613,0.000000,77.972710
"matrix_asin",2,0,0,7,120750,614656,16,0,0,5,1,0,0x0,0.000102,0.997704,104.823129,0,0.000000,0.268923,0.023665,0.000000,91.116173
"matrix_asin",3,0,0,8,120750,614656,16,0,0,5,1,0,0x0,0.000104,0.973587,101.799385,0,0.000000,0.271120,0.033890,0.000000,77.519380
"matrix_asin",4,0,0,9,120750,614656,16,0,0,5,1,0,0x0,0.000104,0.973721,101.799385,0,0.000000,0.272507,0.033895,0.000000,77.821012
"matrix_asin",5,0,0,10,120750,614656,16,0,0,5,1,0,0x0,0.000104,0.972811,101.799385,0,0.000000,0.273001,0.033863,0.000000,77.821012
"matrix_asin",6,0,0,11,120750,614656,16,0,0,5,1,0,0x0,0.000105,0.969157,101.799385,0,0.000000,0.272722,0.034482,0.000000,77.669903
"matrix_asin",7,0,0,12,120750,614656,16,0,0,5,1,0,0x0,0.000105,0.969927,101.799385,0,0.000000,0.270848,0.033613,0.000000,77.821012
"matrix_asin",8,0,0,13,120750,614656,16,0,0,5,1,0,0x0,0.000102,0.997385,104.823129,0,0.000000,0.268837,0.023658,0.000000,91.116173
"matrix_asin",9,0,0,14,120750,614656,16,0,0,5,1,0,0x0,0.000102,0.996632,104.823129,0,0.000000,0.268634,0.023640,0.000000,91.116173
"matrix_asin",10,0,0,15,120750,614656,16,0,0,5,1,0,0x0,0.000102,0.996510,104.823129,0,0.000000,0.268601,0.023637,0.000000,91.116173
