kernel-name,dispatch,gpu-id,queue-id,queue-index,tid,grd,wgr,lds,scr,vgpr,sgpr,fbar,sig,time,VALUBusy,performance,LDSInsts,LDSBankConflict,L1MemoryBusy,L1MemoryStalled,L2WriteUnitStalled,L2CacheHit
"_Z7flip_2DPfmmii",0,0,0,2,54352,702464,128,0,0,2,1,0,0x0,0.000021,17.549011,1754.995200,0,0.000000,0.000000,0.000000,0.000000,86.594203
"_Z7flip_2DPfmmii",1,0,0,4,54352,702464,128,0,0,2,1,0,0x0,0.000024,14.919737,1462.496000,0,0.000000,0.000000,0.000000,0.000000,73.291925
"_Z7flip_2DPfmmii",2,0,0,5,54352,702464,128,0,0,2,1,0,0x0,0.000021,17.671407,1754.995200,0,0.000000,0.000000,0.000000,0.000000,86.446886
"_Z7flip_2DPfmmii",3,0,0,6,54352,702464,128,0,0,2,1,0,0x0,0.000020,18.032863,1754.995200,0,0.000000,0.000000,0.000000,0.000000,73.538462
"_Z7flip_2DPfmmii",4,0,0,7,54352,702464,128,0,0,2,1,0,0x0,0.000023,16.165497,1595.450182,0,0.000000,0.000000,0.000000,0.000000,73.538462
"_Z7flip_2DPfmmii",5,0,0,8,54352,702464,128,0,0,2,1,0,0x0,0.000021,17.211590,1671.424000,0,0.000000,0.000000,0.000000,0.000000,73.780488
"_Z7flip_2DPfmmii",6,0,0,9,54352,702464,128,0,0,2,1,0,0x0,0.000023,15.892170,1595.450182,0,0.000000,0.000000,0.000000,0.000000,73.538462
"_Z7flip_2DPfmmii",7,0,0,10,54352,702464,128,0,0,2,1,0,0x0,0.000022,16.480953,1595.450182,0,0.000000,0.000000,0.000000,0.000000,73.291925
"_Z7flip_2DPfmmii",8,0,0,11,54352,702464,128,0,0,2,1,0,0x0,0.000023,15.958321,1595.450182,0,0.000000,0.000000,0.000000,0.000000,73.538462
"_Z7flip_2DPfmmii",9,0,0,12,54352,702464,128,0,0,2,1,0,0x0,0.000022,16.888367,1671.424000,0,0.000000,0.000000,0.000000,0.000000,86.446886
"_Z7flip_2DPfmmii",10,0,0,13,54352,702464,128,0,0,2,1,0,0x0,0.000020,18.637861,1847.363368,0,0.000000,0.000000,0.000000,0.000000,86.738351
