kernel-name,dispatch,gpu-id,queue-id,queue-index,tid,grd,wgr,lds,scr,vgpr,sgpr,fbar,sig,time,VALUBusy,performance,LDSInsts,LDSBankConflict,L1MemoryBusy,L1MemoryStalled,L2WriteUnitStalled,L2CacheHit
"_Z9downscalePfPKfliiii",0,0,0,4,53908,1040384,32,0,0,3,2,0,0x0,0.000087,5.121756,484.073674,0,0.000000,0.072172,0.007919,0.000000,83.870968
"_Z9downscalePfPKfliiii",1,0,0,6,53908,1040384,32,0,0,3,2,0,0x0,0.000092,4.821997,452.503652,0,0.000000,0.067948,0.020672,0.000000,66.288952
"_Z9downscalePfPKfliiii",2,0,0,7,53908,1040384,32,0,0,3,2,0,0x0,0.000087,5.095381,478.509609,0,0.000000,0.071800,0.019875,0.000000,83.870968
"_Z9downscalePfPKfliiii",3,0,0,8,53908,1040384,32,0,0,3,2,0,0x0,0.000090,4.932625,462.559289,0,0.000000,0.069507,0.019760,0.000000,66.288952
"_Z9downscalePfPKfliiii",4,0,0,9,53908,1040384,32,0,0,3,2,0,0x0,0.000090,4.933515,462.559289,0,0.000000,0.069519,0.019243,0.000000,66.288952
"_Z9downscalePfPKfliiii",5,0,0,10,53908,1040384,32,0,0,3,2,0,0x0,0.000091,4.905755,462.559289,0,0.000000,0.069128,0.018963,0.000000,66.288952
"_Z9downscalePfPKfliiii",6,0,0,11,53908,1040384,32,0,0,3,2,0,0x0,0.000091,4.898661,462.559289,0,0.000000,0.069028,0.019968,0.000000,66.288952
"_Z9downscalePfPKfliiii",7,0,0,12,53908,1040384,32,0,0,3,2,0,0x0,0.000091,4.907447,462.559289,0,0.000000,0.069152,0.019659,0.000000,66.288952
"_Z9downscalePfPKfliiii",8,0,0,13,53908,1040384,32,0,0,3,2,0,0x0,0.000087,5.108223,478.509609,0,0.000000,0.071981,0.020822,0.000000,83.870968
"_Z9downscalePfPKfliiii",9,0,0,14,53908,1040384,32,0,0,3,2,0,0x0,0.000087,5.112885,484.073674,0,0.000000,0.072047,0.021021,0.000000,83.870968
"_Z9downscalePfPKfliiii",10,0,0,15,53908,1040384,32,0,0,3,2,0,0x0,0.000087,5.099179,478.509609,0,0.000000,0.071853,0.007884,0.000000,83.870968
