kernel-name,dispatch,gpu-id,queue-id,queue-index,tid,grd,wgr,lds,scr,vgpr,sgpr,fbar,sig,time,VALUBusy,performance,LDSInsts,LDSBankConflict,L1MemoryBusy,L1MemoryStalled,L2WriteUnitStalled,L2CacheHit
"_Z6cal_piPfifii",0,0,0,2,46250,1032256,16,0,0,3,1,0,0x0,0.000167,0.976108,105.174361,0,0.000000,0.151612,0.018530,0.000000,95.365169
"_Z6cal_piPfifii",1,0,0,4,46250,1032256,16,0,0,3,1,0,0x0,0.000171,0.953207,102.699671,0,0.000000,0.139830,0.031896,0.000000,86.386768
"_Z6cal_piPfifii",2,0,0,5,46250,1032256,16,0,0,3,1,0,0x0,0.000167,0.975750,104.544575,0,0.000000,0.151557,0.018524,0.000000,95.365169
"_Z6cal_piPfifii",3,0,0,6,46250,1032256,16,0,0,3,1,0,0x0,0.000169,0.965243,103.922286,0,0.000000,0.149924,0.032391,0.000000,86.386768
"_Z6cal_piPfifii",4,0,0,7,46250,1032256,16,0,0,3,1,0,0x0,0.000169,0.965107,103.922286,0,0.000000,0.149903,0.032294,0.000000,86.386768
"_Z6cal_piPfifii",5,0,0,8,46250,1032256,16,0,0,3,1,0,0x0,0.000169,0.963182,103.307361,0,0.000000,0.155238,0.033707,0.000000,86.277001
"_Z6cal_piPfifii",6,0,0,9,46250,1032256,16,0,0,3,1,0,0x0,0.000169,0.963545,103.307361,0,0.000000,0.149661,0.032981,0.000000,86.386768
"_Z6cal_piPfifii",7,0,0,10,46250,1032256,16,0,0,3,1,0,0x0,0.000169,0.963356,103.307361,0,0.000000,0.157944,0.033898,0.000000,86.386768
"_Z6cal_piPfifii",8,0,0,11,46250,1032256,16,0,0,3,1,0,0x0,0.000167,0.974405,104.544575,0,0.000000,0.151348,0.018498,0.000000,95.365169
"_Z6cal_piPfifii",9,0,0,12,46250,1032256,16,0,0,3,1,0,0x0,0.000167,0.974777,104.544575,0,0.000000,0.151405,0.018505,0.000000,95.365169
"_Z6cal_piPfifii",10,0,0,13,46250,1032256,16,0,0,3,1,0,0x0,0.000167,0.974653,104.544575,0,0.000000,0.159796,0.019531,0.000000,95.365169
