kernel-name,dispatch,gpu-id,queue-id,queue-index,tid,grd,wgr,lds,scr,vgpr,sgpr,fbar,sig,time,VALUBusy,performance,LDSInsts,LDSBankConflict,L1MemoryBusy,L1MemoryStalled,L2WriteUnitStalled,L2CacheHit
"neg_float",0,0,0,4,50566,253952,256,0,0,1,1,0,0x0,0.000713,80.969955,9549.700488,0,0.000000,81.721303,16.975157,0.028044,99.217711
"neg_float",1,0,0,6,50566,253952,256,0,0,1,1,0,0x0,0.000723,79.826563,9417.616111,0,0.000000,79.213891,16.536491,0.000000,99.214675
"neg_float",2,0,0,7,50566,253952,256,0,0,1,1,0,0x0,0.000722,79.970764,9430.659900,0,0.000000,80.514886,17.048825,0.162725,99.203470
"neg_float",3,0,0,8,50566,253952,256,0,0,1,1,0,0x0,0.000724,79.803603,9417.616111,0,0.000000,80.376366,16.907336,0.200390,99.201637
"neg_float",4,0,0,9,50566,253952,256,0,0,1,1,0,0x0,0.000719,80.319273,9483.198396,0,0.000000,80.135855,16.868670,0.258191,99.201633
"neg_float",5,0,0,10,50566,253952,256,0,0,1,1,0,0x0,0.000723,79.826011,9417.616111,0,0.000000,79.449754,16.532229,0.214270,99.203516
"neg_float",6,0,0,11,50566,253952,256,0,0,1,1,0,0x0,0.000720,80.227002,9470.008968,0,0.000000,79.848333,16.450553,0.160641,99.217484
"neg_float",7,0,0,12,50566,253952,256,0,0,1,1,0,0x0,0.000722,79.953186,9430.659900,0,0.000000,79.828086,16.436616,0.141920,99.217597
"neg_float",8,0,0,13,50566,253952,256,0,0,1,1,0,0x0,0.000721,80.095692,9456.856178,0,0.000000,78.892994,16.293245,0.136972,99.217725
"neg_float",9,0,0,14,50566,253952,256,0,0,1,1,0,0x0,0.000723,79.876736,9430.659900,0,0.000000,80.099928,16.602345,0.479820,99.217614
"neg_float",10,0,0,15,50566,253952,256,0,0,1,1,0,0x0,0.000720,80.244700,9470.008968,0,0.000000,78.540472,16.077612,0.121593,99.217597
