kernel-name,dispatch,gpu-id,queue-id,queue-index,tid,grd,wgr,lds,scr,vgpr,sgpr,fbar,sig,time,VALUBusy,performance,LDSInsts,LDSBankConflict,L1MemoryBusy,L1MemoryStalled,L2WriteUnitStalled,L2CacheHit
"_Z10vector_addPKdS0_Pdi",0,0,0,6,91190,614656,16,0,0,1,1,0,0x0,0.000102,0.776409,100.352000,0,0.000000,0.303672,0.023691,0.000000,91.624365
"_Z10vector_addPKdS0_Pdi",1,0,0,8,91190,614656,16,0,0,1,1,0,0x0,0.000106,0.746041,96.529067,0,0.000000,0.301994,0.033407,0.000000,80.760626
"_Z10vector_addPKdS0_Pdi",2,0,0,9,91190,614656,16,0,0,1,1,0,0x0,0.000102,0.776376,100.352000,0,0.000000,0.303659,0.023690,0.000000,91.624365
"_Z10vector_addPKdS0_Pdi",3,0,0,10,91190,614656,16,0,0,1,1,0,0x0,0.000103,0.761945,98.403417,0,0.000000,0.309186,0.034421,0.000000,80.222222
"_Z10vector_addPKdS0_Pdi",4,0,0,11,91190,614656,16,0,0,1,1,0,0x0,0.000103,0.762654,98.403417,0,0.000000,0.310381,0.035360,0.000000,81.123596
"_Z10vector_addPKdS0_Pdi",5,0,0,12,91190,614656,16,0,0,1,1,0,0x0,0.000104,0.761793,98.403417,0,0.000000,0.308068,0.034112,0.000000,80.400891
"_Z10vector_addPKdS0_Pdi",6,0,0,13,91190,614656,16,0,0,1,1,0,0x0,0.000104,0.759779,98.403417,0,0.000000,0.307404,0.034022,0.000000,80.760626
"_Z10vector_addPKdS0_Pdi",7,0,0,14,91190,614656,16,0,0,1,1,0,0x0,0.000104,0.760228,98.403417,0,0.000000,0.309092,0.034946,0.000000,80.400891
"_Z10vector_addPKdS0_Pdi",8,0,0,15,91190,614656,16,0,0,1,1,0,0x0,0.000102,0.774574,100.352000,0,0.000000,0.302954,0.023635,0.000000,91.624365
"_Z10vector_addPKdS0_Pdi",9,0,0,16,91190,614656,16,0,0,1,1,0,0x0,0.000102,0.774641,100.352000,0,0.000000,0.302980,0.023637,0.000000,91.624365
"_Z10vector_addPKdS0_Pdi",10,0,0,17,91190,614656,16,0,0,1,1,0,0x0,0.000102,0.775440,100.352000,0,0.000000,0.303293,0.023661,0.000000,91.624365
