kernel-name,dispatch,gpu-id,queue-id,queue-index,tid,grd,wgr,lds,scr,vgpr,sgpr,fbar,sig,time,VALUBusy,performance,LDSInsts,LDSBankConflict,L1MemoryBusy,L1MemoryStalled,L2WriteUnitStalled,L2CacheHit
"_Z17mean_delta_kernelPfS_iiiS_",0,0,0,6,35103,4145152,32,0,0,3,2,0,0x0,0.000330,3.837487,352.834918,0,0.000000,0.021277,0.003128,0.000000,83.823529
"_Z17mean_delta_kernelPfS_iiiS_",1,0,0,8,35103,4145152,32,0,0,3,2,0,0x0,0.000334,3.791251,348.596661,0,0.000000,0.021020,0.029354,0.000000,78.082192
"_Z17mean_delta_kernelPfS_iiiS_",2,0,0,9,35103,4145152,32,0,0,3,2,0,0x0,0.000330,3.837378,352.834918,0,0.000000,0.021276,0.006539,0.000000,83.823529
"_Z17mean_delta_kernelPfS_iiiS_",3,0,0,10,35103,4145152,32,0,0,3,2,0,0x0,0.000335,3.781987,347.552958,0,0.000000,0.020969,0.029282,0.000000,54.676259
"_Z17mean_delta_kernelPfS_iiiS_",4,0,0,11,35103,4145152,32,0,0,3,2,0,0x0,0.000332,3.807887,349.646651,0,0.000000,0.021113,0.029906,0.000000,78.620690
"_Z17mean_delta_kernelPfS_iiiS_",5,0,0,12,35103,4145152,32,0,0,3,2,0,0x0,0.000333,3.804131,349.646651,0,0.000000,0.021092,0.030252,0.000000,78.620690
"_Z17mean_delta_kernelPfS_iiiS_",6,0,0,13,35103,4145152,32,0,0,3,2,0,0x0,0.000333,3.804288,349.646651,0,0.000000,0.021093,0.030112,0.000000,78.350515
"_Z17mean_delta_kernelPfS_iiiS_",7,0,0,14,35103,4145152,32,0,0,3,2,0,0x0,0.000330,3.835953,352.834918,0,0.000000,0.021268,0.007058,0.000000,83.823529
"_Z17mean_delta_kernelPfS_iiiS_",8,0,0,15,35103,4145152,32,0,0,3,2,0,0x0,0.000330,3.836418,352.834918,0,0.000000,0.021271,0.006964,0.000000,83.823529
"_Z17mean_delta_kernelPfS_iiiS_",9,0,0,16,35103,4145152,32,0,0,3,2,0,0x0,0.000330,3.836382,352.834918,0,0.000000,0.021271,0.006917,0.000000,83.823529
"_Z17mean_delta_kernelPfS_iiiS_",10,0,0,17,35103,4145152,32,0,0,3,2,0,0x0,0.000330,3.836680,352.834918,0,0.000000,0.021272,0.007059,0.000000,83.823529
