kernel-name,dispatch,gpu-id,queue-id,queue-index,tid,grd,wgr,lds,scr,vgpr,sgpr,fbar,sig,time,VALUBusy,performance,LDSInsts,LDSBankConflict,L1MemoryBusy,L1MemoryStalled,L2WriteUnitStalled,L2CacheHit
"_Z10FindMinMaxPfS_iii",0,0,0,4,77705,1170432,192,1024,0,2,2,0,0x0,0.000064,45.518935,5350.546286,36576,0.000000,65.208405,1.163938,0.000000,71.918280
"_Z10FindMinMaxPfS_iii",1,0,0,6,77705,1170432,192,1024,0,2,2,0,0x0,0.000069,42.173494,4885.281391,36576,0.000000,60.753608,1.140418,0.000000,71.673485
"_Z10FindMinMaxPfS_iii",2,0,0,7,77705,1170432,192,1024,0,2,2,0,0x0,0.000064,45.832021,5350.546286,36576,0.000000,65.689391,1.187688,0.000000,71.918280
"_Z10FindMinMaxPfS_iii",3,0,0,8,77705,1170432,192,1024,0,2,2,0,0x0,0.000115,25.354234,2956.880842,36576,0.000000,36.329243,0.686015,0.000000,71.673485
"_Z10FindMinMaxPfS_iii",4,0,0,9,77705,1170432,192,1024,0,2,2,0,0x0,0.000067,43.662761,5107.339636,36576,0.000000,63.426764,1.191704,0.000000,71.673485
"_Z10FindMinMaxPfS_iii",5,0,0,10,77705,1170432,192,1024,0,2,2,0,0x0,0.000067,43.173855,5031.110687,36576,0.000000,62.157152,1.162139,0.000000,71.673485
"_Z10FindMinMaxPfS_iii",6,0,0,11,77705,1170432,192,1024,0,2,2,0,0x0,0.000069,42.299117,4957.123765,36576,0.000000,61.464028,1.145858,0.000000,71.673485
"_Z10FindMinMaxPfS_iii",7,0,0,12,77705,1170432,192,1024,0,2,2,0,0x0,0.000068,42.872626,5031.110687,36576,0.000000,62.881647,1.169908,0.000000,71.673485
"_Z10FindMinMaxPfS_iii",8,0,0,13,77705,1170432,192,1024,0,2,2,0,0x0,0.000065,44.846187,5266.944000,36576,0.000000,64.442759,1.158290,0.000000,71.918280
"_Z10FindMinMaxPfS_iii",9,0,0,14,77705,1170432,192,1024,0,2,2,0,0x0,0.000065,45.010437,5266.944000,36576,0.000000,64.865048,1.155285,0.000000,71.918280
"_Z10FindMinMaxPfS_iii",10,0,0,15,77705,1170432,192,1024,0,2,2,0,0x0,0.000065,44.844028,5266.944000,36576,0.000000,64.523661,1.158475,0.000000,71.918280
