kernel-name,dispatch,gpu-id,queue-id,queue-index,tid,grd,wgr,lds,scr,vgpr,sgpr,fbar,sig,time,VALUBusy,performance,LDSInsts,LDSBankConflict,L1MemoryBusy,L1MemoryStalled,L2WriteUnitStalled,L2CacheHit
"mul_float",0,0,0,6,41926,4096576,16,0,0,1,1,0,0x0,0.000647,5.794636,709.144532,0,0.000000,40.255348,4.526254,0.000000,99.920469
"mul_float",1,0,0,8,41926,4096576,16,0,0,1,1,0,0x0,0.000653,5.745266,703.706307,0,0.000000,39.938032,4.528691,0.000000,99.890895
"mul_float",2,0,0,9,41926,4096576,16,0,0,1,1,0,0x0,0.000649,5.783327,708.050173,0,0.000000,40.199651,4.754720,0.000000,99.851490
"mul_float",3,0,0,10,41926,4096576,16,0,0,1,1,0,0x0,0.000652,5.753087,704.787269,0,0.000000,39.966493,4.679287,0.000000,99.852455
"mul_float",4,0,0,11,41926,4096576,16,0,0,1,1,0,0x0,0.000649,5.779640,708.050173,0,0.000000,40.105179,4.745717,0.000000,99.852769
"mul_float",5,0,0,12,41926,4096576,16,0,0,1,1,0,0x0,0.000652,5.748838,703.706307,0,0.000000,39.866847,4.734724,0.000000,99.852020
"mul_float",6,0,0,13,41926,4096576,16,0,0,1,1,0,0x0,0.000647,5.792449,709.144532,0,0.000000,40.299736,4.522036,0.000000,99.920166
"mul_float",7,0,0,14,41926,4096576,16,0,0,1,1,0,0x0,0.000647,5.793562,709.144532,0,0.000000,40.345977,4.523170,0.000000,99.920560
"mul_float",8,0,0,15,41926,4096576,16,0,0,1,1,0,0x0,0.000647,5.794507,709.144532,0,0.000000,40.322264,4.523256,0.000000,99.920578
"mul_float",9,0,0,16,41926,4096576,16,0,0,1,1,0,0x0,0.000647,5.794731,709.144532,0,0.000000,40.309482,4.524735,0.000000,99.920408
"mul_float",10,0,0,17,41926,4096576,16,0,0,1,1,0,0x0,0.000647,5.794071,709.144532,0,0.000000,40.336221,4.522650,0.000000,99.920521
