kernel-name,dispatch,gpu-id,queue-id,queue-index,tid,grd,wgr,lds,scr,vgpr,sgpr,fbar,sig,time,VALUBusy,performance,LDSInsts,LDSBankConflict,L1MemoryBusy,L1MemoryStalled,L2WriteUnitStalled,L2CacheHit
"mul_float",0,0,0,6,41091,702464,128,0,0,1,1,0,0x0,0.000022,7.446593,936.618667,0,0.000000,28.074886,3.216726,0.000000,98.855258
"mul_float",1,0,0,8,41091,702464,128,0,0,1,1,0,0x0,0.000027,5.924280,728.481185,0,0.000000,22.628561,2.633397,0.000000,98.094119
"mul_float",2,0,0,9,41091,702464,128,0,0,1,1,0,0x0,0.000021,7.704403,983.449600,0,0.000000,29.204852,3.408955,0.000000,98.865239
"mul_float",3,0,0,10,41091,702464,128,0,0,1,1,0,0x0,0.000025,6.522897,819.541333,0,0.000000,25.242786,3.074446,0.000000,98.091877
"mul_float",4,0,0,11,41091,702464,128,0,0,1,1,0,0x0,0.000024,6.816375,855.173565,0,0.000000,28.281664,3.257154,0.000000,98.195336
"mul_float",5,0,0,12,41091,702464,128,0,0,1,1,0,0x0,0.000024,6.607845,819.541333,0,0.000000,26.366520,2.960366,0.000000,98.215862
"mul_float",6,0,0,13,41091,702464,128,0,0,1,1,0,0x0,0.000025,6.532504,819.541333,0,0.000000,27.078466,3.412900,0.000000,98.191468
"mul_float",7,0,0,14,41091,702464,128,0,0,1,1,0,0x0,0.000025,6.514472,819.541333,0,0.000000,25.924941,3.068576,0.000000,98.236321
"mul_float",8,0,0,15,41091,702464,128,0,0,1,1,0,0x0,0.000026,6.201634,786.759680,0,0.000000,24.265929,2.741617,0.000000,98.144642
"mul_float",9,0,0,16,41091,702464,128,0,0,1,1,0,0x0,0.000021,7.712256,983.449600,0,0.000000,28.915338,3.527102,0.000000,98.878895
"mul_float",10,0,0,17,41091,702464,128,0,0,1,1,0,0x0,0.000022,7.461280,936.618667,0,0.000000,29.211381,3.703811,0.000000,98.822904
