kernel-name,dispatch,gpu-id,queue-id,queue-index,tid,grd,wgr,lds,scr,vgpr,sgpr,fbar,sig,time,VALUBusy,performance,LDSInsts,LDSBankConflict,L1MemoryBusy,L1MemoryStalled,L2WriteUnitStalled,L2CacheHit
"matrix_sinh",0,0,0,4,7435,4096576,64,0,0,5,1,0,0x0,0.000168,2.138632,124.882012,0,0.000000,0.232867,0.020492,0.000000,94.557097
"matrix_sinh",1,0,0,6,7435,4096576,64,0,0,5,1,0,0x0,0.000172,2.089347,121.960795,0,0.000000,0.333608,0.136501,0.000000,89.494949
"matrix_sinh",2,0,0,7,7435,4096576,64,0,0,5,1,0,0x0,0.000168,2.139636,124.882012,0,0.000000,0.209679,0.018452,0.000000,94.557097
"matrix_sinh",3,0,0,8,7435,4096576,64,0,0,5,1,0,0x0,0.000170,2.111871,123.404118,0,0.000000,0.246786,0.057028,0.000000,89.676113
"matrix_sinh",4,0,0,9,7435,4096576,64,0,0,5,1,0,0x0,0.000170,2.115147,123.404118,0,0.000000,0.278491,0.089453,0.000000,89.676113
"matrix_sinh",5,0,0,10,7435,4096576,64,0,0,5,1,0,0x0,0.000170,2.113029,123.404118,0,0.000000,0.265420,0.087062,0.000000,89.676113
"matrix_sinh",6,0,0,11,7435,4096576,64,0,0,5,1,0,0x0,0.000170,2.112290,123.404118,0,0.000000,0.270663,0.092368,0.000000,89.585440
"matrix_sinh",7,0,0,12,7435,4096576,64,0,0,5,1,0,0x0,0.000170,2.112189,123.404118,0,0.000000,0.279206,0.090431,0.000000,89.494949
"matrix_sinh",8,0,0,13,7435,4096576,64,0,0,5,1,0,0x0,0.000168,2.137119,124.882012,0,0.000000,0.209432,0.018430,0.000000,94.557097
"matrix_sinh",9,0,0,14,7435,4096576,64,0,0,5,1,0,0x0,0.000168,2.135584,124.882012,0,0.000000,0.209282,0.018417,0.000000,94.557097
"matrix_sinh",10,0,0,15,7435,4096576,64,0,0,5,1,0,0x0,0.000168,2.137970,124.882012,0,0.000000,0.221156,0.019462,0.000000,94.557097
