kernel-name,dispatch,gpu-id,queue-id,queue-index,tid,grd,wgr,lds,scr,vgpr,sgpr,fbar,sig,time,VALUBusy,performance,LDSInsts,LDSBankConflict,L1MemoryBusy,L1MemoryStalled,L2WriteUnitStalled,L2CacheHit
"_Z15NormalizeKernelPKfiiiPf",0,0,0,4,125995,57600,64,0,0,2,1,0,0x0,0.000012,2.395413,282.763636,0,0.000000,4.202741,0.578956,0.000000,97.326675
"_Z15NormalizeKernelPKfiiiPf",1,0,0,6,125995,57600,64,0,0,2,1,0,0x0,0.000016,1.762296,207.360000,0,0.000000,3.331639,0.607086,0.000000,95.225769
"_Z15NormalizeKernelPKfiiiPf",2,0,0,7,125995,57600,64,0,0,2,1,0,0x0,0.000012,2.412840,282.763636,0,0.000000,3.533933,0.591890,0.000000,97.327460
"_Z15NormalizeKernelPKfiiiPf",3,0,0,8,125995,57600,64,0,0,2,1,0,0x0,0.000013,2.093377,239.261538,0,0.000000,4.483992,0.730682,0.000000,95.280576
"_Z15NormalizeKernelPKfiiiPf",4,0,0,9,125995,57600,64,0,0,2,1,0,0x0,0.000014,2.050666,239.261538,0,0.000000,3.306782,0.731680,0.000000,95.390377
"_Z15NormalizeKernelPKfiiiPf",5,0,0,10,125995,57600,64,0,0,2,1,0,0x0,0.000014,2.036028,239.261538,0,0.000000,3.807416,0.697800,0.000000,95.362903
"_Z15NormalizeKernelPKfiiiPf",6,0,0,11,125995,57600,64,0,0,2,1,0,0x0,0.000014,1.957909,222.171429,0,0.000000,3.182272,0.701381,0.000000,95.390377
"_Z15NormalizeKernelPKfiiiPf",7,0,0,12,125995,57600,64,0,0,2,1,0,0x0,0.000015,1.890782,222.171429,0,0.000000,3.524391,0.695231,0.000000,95.390377
"_Z15NormalizeKernelPKfiiiPf",8,0,0,13,125995,57600,64,0,0,2,1,0,0x0,0.000015,1.934537,222.171429,0,0.000000,3.690088,0.684858,0.000000,95.335445
"_Z15NormalizeKernelPKfiiiPf",9,0,0,14,125995,57600,64,0,0,2,1,0,0x0,0.000013,2.241574,259.200000,0,0.000000,3.226087,0.544939,0.000000,97.327460
"_Z15NormalizeKernelPKfiiiPf",10,0,0,15,125995,57600,64,0,0,2,1,0,0x0,0.000012,2.258894,259.200000,0,0.000000,3.481029,0.523783,0.000000,97.325889
