kernel-name,dispatch,gpu-id,queue-id,queue-index,tid,grd,wgr,lds,scr,vgpr,sgpr,fbar,sig,time,VALUBusy,performance,LDSInsts,LDSBankConflict,L1MemoryBusy,L1MemoryStalled,L2WriteUnitStalled,L2CacheHit
"_Z15NormalizeKernelPKfiiiPf",0,0,0,4,126270,61440,64,0,0,2,1,0,0x0,0.000012,2.455323,276.480000,0,0.000000,3.617564,0.608884,0.000000,98.861931
"_Z15NormalizeKernelPKfiiiPf",1,0,0,6,126270,61440,64,0,0,2,1,0,0x0,0.000016,1.872943,207.360000,0,0.000000,3.395146,0.593128,0.000000,97.982314
"_Z15NormalizeKernelPKfiiiPf",2,0,0,7,126270,61440,64,0,0,2,1,0,0x0,0.000012,2.451407,276.480000,0,0.000000,3.354498,0.604345,0.000000,98.862500
"_Z15NormalizeKernelPKfiiiPf",3,0,0,8,126270,61440,64,0,0,2,1,0,0x0,0.000014,2.148909,255.212308,0,0.000000,3.849593,0.715372,0.000000,98.029188
"_Z15NormalizeKernelPKfiiiPf",4,0,0,9,126270,61440,64,0,0,2,1,0,0x0,0.000014,2.146153,236.982857,0,0.000000,3.448353,0.695250,0.000000,97.931464
"_Z15NormalizeKernelPKfiiiPf",5,0,0,10,126270,61440,64,0,0,2,1,0,0x0,0.000014,2.159613,255.212308,0,0.000000,3.645693,0.711848,0.000000,98.004739
"_Z15NormalizeKernelPKfiiiPf",6,0,0,11,126270,61440,64,0,0,2,1,0,0x0,0.000015,1.967649,221.184000,0,0.000000,3.556674,0.622776,0.000000,97.992519
"_Z15NormalizeKernelPKfiiiPf",7,0,0,12,126270,61440,64,0,0,2,1,0,0x0,0.000015,1.974616,221.184000,0,0.000000,2.974626,0.685663,0.000000,97.980302
"_Z15NormalizeKernelPKfiiiPf",8,0,0,13,126270,61440,64,0,0,2,1,0,0x0,0.000015,1.986384,221.184000,0,0.000000,4.010447,0.666859,0.000000,97.992519
"_Z15NormalizeKernelPKfiiiPf",9,0,0,14,126270,61440,64,0,0,2,1,0,0x0,0.000013,2.324549,276.480000,0,0.000000,3.201500,0.593856,0.000000,98.860078
"_Z15NormalizeKernelPKfiiiPf",10,0,0,15,126270,61440,64,0,0,2,1,0,0x0,0.000013,2.308073,255.212308,0,0.000000,3.672269,0.608643,0.000000,98.860363
