kernel-name,dispatch,gpu-id,queue-id,queue-index,tid,grd,wgr,lds,scr,vgpr,sgpr,fbar,sig,time,VALUBusy,performance,LDSInsts,LDSBankConflict,L1MemoryBusy,L1MemoryStalled,L2WriteUnitStalled,L2CacheHit
"_Z15NormalizeKernelPKfiiiPf",0,0,0,4,126146,57600,16,0,0,2,1,0,0x0,0.000015,7.640457,888.685714,0,0.000000,20.845527,2.537431,0.000000,99.375729
"_Z15NormalizeKernelPKfiiiPf",1,0,0,6,126146,57600,16,0,0,2,1,0,0x0,0.000019,5.978198,691.200000,0,0.000000,16.978721,2.073997,0.000000,98.712535
"_Z15NormalizeKernelPKfiiiPf",2,0,0,7,126146,57600,16,0,0,2,1,0,0x0,0.000015,7.629490,888.685714,0,0.000000,20.976829,2.568094,0.000000,99.379517
"_Z15NormalizeKernelPKfiiiPf",3,0,0,8,126146,57600,16,0,0,2,1,0,0x0,0.000017,6.798001,777.600000,0,0.000000,19.176040,2.393938,0.000000,98.768337
"_Z15NormalizeKernelPKfiiiPf",4,0,0,9,126146,57600,16,0,0,2,1,0,0x0,0.000017,6.795616,777.600000,0,0.000000,18.802121,2.377269,0.000000,98.739322
"_Z15NormalizeKernelPKfiiiPf",5,0,0,10,126146,57600,16,0,0,2,1,0,0x0,0.000017,6.748860,777.600000,0,0.000000,19.208288,2.425156,0.000000,98.778541
"_Z15NormalizeKernelPKfiiiPf",6,0,0,11,126146,57600,16,0,0,2,1,0,0x0,0.000017,6.660093,777.600000,0,0.000000,17.895963,2.294070,0.000000,98.787625
"_Z15NormalizeKernelPKfiiiPf",7,0,0,12,126146,57600,16,0,0,2,1,0,0x0,0.000017,6.678838,777.600000,0,0.000000,17.478778,2.344590,0.000000,98.806515
"_Z15NormalizeKernelPKfiiiPf",8,0,0,13,126146,57600,16,0,0,2,1,0,0x0,0.000017,6.682575,777.600000,0,0.000000,19.223207,2.367660,0.000000,98.761632
"_Z15NormalizeKernelPKfiiiPf",9,0,0,14,126146,57600,16,0,0,2,1,0,0x0,0.000015,7.591562,888.685714,0,0.000000,21.086837,2.531179,0.000000,99.369675
"_Z15NormalizeKernelPKfiiiPf",10,0,0,15,126146,57600,16,0,0,2,1,0,0x0,0.000015,7.552411,888.685714,0,0.000000,20.717010,2.546529,0.000000,99.372673
