kernel-name,dispatch,gpu-id,queue-id,queue-index,tid,grd,wgr,lds,scr,vgpr,sgpr,fbar,sig,time,VALUBusy,performance,LDSInsts,LDSBankConflict,L1MemoryBusy,L1MemoryStalled,L2WriteUnitStalled,L2CacheHit
"_Z10degreeCalcPiS_S_ii",0,0,0,6,115804,614656,256,0,0,1,1,0,0x0,0.000016,7.002994,845.152000,0,0.000000,24.813331,5.944233,0.000000,98.962188
"_Z10degreeCalcPiS_S_ii",1,0,0,8,115804,614656,256,0,0,1,1,0,0x0,0.000022,5.156935,643.925333,0,0.000000,20.541109,4.531201,0.000000,98.391861
"_Z10degreeCalcPiS_S_ii",2,0,0,9,115804,614656,256,0,0,1,1,0,0x0,0.000016,6.906305,845.152000,0,0.000000,24.013385,5.503567,0.000000,98.986964
"_Z10degreeCalcPiS_S_ii",3,0,0,10,115804,614656,256,0,0,1,1,0,0x0,0.000020,5.739625,711.706947,0,0.000000,21.784758,4.968286,0.000000,98.412952
"_Z10degreeCalcPiS_S_ii",4,0,0,11,115804,614656,256,0,0,1,1,0,0x0,0.000020,5.722116,711.706947,0,0.000000,21.181284,5.055609,0.000000,98.393900
"_Z10degreeCalcPiS_S_ii",5,0,0,12,115804,614656,256,0,0,1,1,0,0x0,0.000020,5.543840,676.121600,0,0.000000,20.128071,4.694908,0.000000,98.475634
"_Z10degreeCalcPiS_S_ii",6,0,0,13,115804,614656,256,0,0,1,1,0,0x0,0.000020,5.626289,676.121600,0,0.000000,20.932013,4.769418,0.000000,98.417102
"_Z10degreeCalcPiS_S_ii",7,0,0,14,115804,614656,256,0,0,1,1,0,0x0,0.000020,5.595519,676.121600,0,0.000000,21.322478,4.934435,0.000000,98.375794
"_Z10degreeCalcPiS_S_ii",8,0,0,15,115804,614656,256,0,0,1,1,0,0x0,0.000021,5.425090,676.121600,0,0.000000,20.276866,4.586810,0.000000,98.447329
"_Z10degreeCalcPiS_S_ii",9,0,0,16,115804,614656,256,0,0,1,1,0,0x0,0.000017,6.704457,845.152000,0,0.000000,23.382293,5.311069,0.000000,98.974073
"_Z10degreeCalcPiS_S_ii",10,0,0,17,115804,614656,256,0,0,1,1,0,0x0,0.000016,6.883338,845.152000,0,0.000000,24.425672,5.500554,0.000000,98.961520
