kernel-name,dispatch,gpu-id,queue-id,queue-index,tid,grd,wgr,lds,scr,vgpr,sgpr,fbar,sig,time,VALUBusy,performance,LDSInsts,LDSBankConflict,L1MemoryBusy,L1MemoryStalled,L2WriteUnitStalled,L2CacheHit
"matrix_atan",0,0,0,4,20019,246016,64,0,0,3,1,0,0x0,0.000016,1.612564,94.173867,0,0.000000,0.677946,0.053728,0.000000,89.285714
"matrix_atan",1,0,0,6,20019,246016,64,0,0,3,1,0,0x0,0.000020,1.288280,70.630400,0,0.000000,0.664138,0.165449,0.000000,74.468085
"matrix_atan",2,0,0,7,20019,246016,64,0,0,3,1,0,0x0,0.000016,1.610488,88.288000,0,0.000000,0.609756,0.053659,0.000000,89.285714
"matrix_atan",3,0,0,8,20019,246016,64,0,0,3,1,0,0x0,0.000018,1.444125,83.094588,0,0.000000,0.673619,0.178465,0.000000,74.786325
"matrix_atan",4,0,0,9,20019,246016,64,0,0,3,1,0,0x0,0.000018,1.446960,83.094588,0,0.000000,0.639003,0.184951,0.000000,74.152542
"matrix_atan",5,0,0,10,20019,246016,64,0,0,3,1,0,0x0,0.000018,1.442913,83.094588,0,0.000000,0.781441,0.183560,0.000000,74.309979
"matrix_atan",6,0,0,11,20019,246016,64,0,0,3,1,0,0x0,0.000018,1.413749,78.478222,0,0.000000,0.715118,0.178994,0.000000,74.786325
"matrix_atan",7,0,0,12,20019,246016,64,0,0,3,1,0,0x0,0.000018,1.417401,78.478222,0,0.000000,0.669689,0.180301,0.000000,74.946467
"matrix_atan",8,0,0,13,20019,246016,64,0,0,3,1,0,0x0,0.000016,1.596160,88.288000,0,0.000000,0.670057,0.053179,0.000000,89.285714
"matrix_atan",9,0,0,14,20019,246016,64,0,0,3,1,0,0x0,0.000016,1.595668,88.288000,0,0.000000,0.724974,0.063798,0.000000,89.285714
"matrix_atan",10,0,0,15,20019,246016,64,0,0,3,1,0,0x0,0.000016,1.600060,88.288000,0,0.000000,0.726970,0.063973,0.000000,89.285714
