kernel-name,dispatch,gpu-id,queue-id,queue-index,tid,grd,wgr,lds,scr,vgpr,sgpr,fbar,sig,time,VALUBusy,performance,LDSInsts,LDSBankConflict,L1MemoryBusy,L1MemoryStalled,L2WriteUnitStalled,L2CacheHit
"_Z10gSetSparsePfPKmPKfi",0,0,0,6,67893,285696,192,0,0,1,2,0,0x0,0.000013,3.611489,352.777846,0,0.000000,0.280424,0.038720,0.000000,85.882353
"_Z10gSetSparsePfPKmPKfi",1,0,0,8,67893,285696,192,0,0,1,2,0,0x0,0.000019,2.508803,241.374316,0,0.000000,0.252673,0.070097,0.000000,71.568627
"_Z10gSetSparsePfPKmPKfi",2,0,0,9,67893,285696,192,0,0,1,2,0,0x0,0.000014,3.535006,352.777846,0,0.000000,0.282525,0.098769,0.000000,85.882353
"_Z10gSetSparsePfPKmPKfi",3,0,0,10,67893,285696,192,0,0,1,2,0,0x0,0.000017,2.819818,269.771294,0,0.000000,0.524937,0.104438,0.000000,71.381579
"_Z10gSetSparsePfPKmPKfi",4,0,0,11,67893,285696,192,0,0,1,2,0,0x0,0.000017,2.763810,269.771294,0,0.000000,0.227175,0.079915,0.000000,71.568627
"_Z10gSetSparsePfPKmPKfi",5,0,0,12,67893,285696,192,0,0,1,2,0,0x0,0.000018,2.747429,269.771294,0,0.000000,0.293666,0.075871,0.000000,71.568627
"_Z10gSetSparsePfPKmPKfi",6,0,0,13,67893,285696,192,0,0,1,2,0,0x0,0.000019,2.583082,254.784000,0,0.000000,0.239174,0.074689,0.000000,71.335505
"_Z10gSetSparsePfPKmPKfi",7,0,0,14,67893,285696,192,0,0,1,2,0,0x0,0.000019,2.596592,254.784000,0,0.000000,0.230302,0.077611,0.000000,71.568627
"_Z10gSetSparsePfPKmPKfi",8,0,0,15,67893,285696,192,0,0,1,2,0,0x0,0.000014,3.343326,327.579429,0,0.000000,0.267205,0.093413,0.000000,85.882353
"_Z10gSetSparsePfPKmPKfi",9,0,0,16,67893,285696,192,0,0,1,2,0,0x0,0.000014,3.349876,327.579429,0,0.000000,0.278612,0.102303,0.000000,85.882353
"_Z10gSetSparsePfPKmPKfi",10,0,0,17,67893,285696,192,0,0,1,2,0,0x0,0.000015,3.287057,327.579429,0,0.000000,0.339598,0.097181,0.000000,85.882353
