kernel-name,dispatch,gpu-id,queue-id,queue-index,tid,grd,wgr,lds,scr,vgpr,sgpr,fbar,sig,time,VALUBusy,performance,LDSInsts,LDSBankConflict,L1MemoryBusy,L1MemoryStalled,L2WriteUnitStalled,L2CacheHit
"_Z16sync_conv_groupsv",0,0,0,0,117043,1517824,16,0,0,0,0,0,0x0,0.000244,0.000000,0.000000,0,0.000000,0.000000,0.000000,0.000000,94.520548
"_Z16sync_conv_groupsv",1,0,0,2,117043,1517824,16,0,0,0,0,0,0x0,0.000249,0.000000,0.000000,0,0.000000,0.000000,0.000000,0.000000,94.520548
"_Z16sync_conv_groupsv",2,0,0,3,117043,1517824,16,0,0,0,0,0,0x0,0.000243,0.000000,0.000000,0,0.000000,0.000000,0.000000,0.000000,95.833333
"_Z16sync_conv_groupsv",3,0,0,4,117043,1517824,16,0,0,0,0,0,0x0,0.000246,0.000000,0.000000,0,0.000000,0.000000,0.000000,0.000000,94.520548
"_Z16sync_conv_groupsv",4,0,0,5,117043,1517824,16,0,0,0,0,0,0x0,0.000246,0.000000,0.000000,0,0.000000,0.000000,0.000000,0.000000,94.520548
"_Z16sync_conv_groupsv",5,0,0,6,117043,1517824,16,0,0,0,0,0,0x0,0.000247,0.000000,0.000000,0,0.000000,0.000000,0.000000,0.000000,94.520548
"_Z16sync_conv_groupsv",6,0,0,7,117043,1517824,16,0,0,0,0,0,0x0,0.000247,0.000000,0.000000,0,0.000000,0.000000,0.000000,0.000000,94.520548
"_Z16sync_conv_groupsv",7,0,0,8,117043,1517824,16,0,0,0,0,0,0x0,0.000247,0.000000,0.000000,0,0.000000,0.000000,0.000000,0.000000,94.520548
"_Z16sync_conv_groupsv",8,0,0,9,117043,1517824,16,0,0,0,0,0,0x0,0.000243,0.000000,0.000000,0,0.000000,0.000000,0.000000,0.000000,95.833333
"_Z16sync_conv_groupsv",9,0,0,10,117043,1517824,16,0,0,0,0,0,0x0,0.000243,0.000000,0.000000,0,0.000000,0.000000,0.000000,0.000000,95.833333
"_Z16sync_conv_groupsv",10,0,0,11,117043,1517824,16,0,0,0,0,0,0x0,0.000243,0.000000,0.000000,0,0.000000,0.000000,0.000000,0.000000,95.833333
