kernel-name,dispatch,gpu-id,queue-id,queue-index,tid,grd,wgr,lds,scr,vgpr,sgpr,fbar,sig,time,VALUBusy,performance,LDSInsts,LDSBankConflict,L1MemoryBusy,L1MemoryStalled,L2WriteUnitStalled,L2CacheHit
"_Z7upscalePfS_liiii",0,0,0,4,87401,1032256,16,0,0,2,1,0,0x0,0.000167,5.277029,494.572072,0,0.000000,0.008412,0.001028,0.000000,82.470120
"_Z7upscalePfS_liiii",1,0,0,6,87401,1032256,16,0,0,2,1,0,0x0,0.000171,5.157877,483.003135,0,0.000000,0.008222,0.007857,0.000000,68.770764
"_Z7upscalePfS_liiii",2,0,0,7,87401,1032256,16,0,0,2,1,0,0x0,0.000167,5.279990,494.572072,0,0.000000,0.008417,0.008604,0.000000,82.470120
"_Z7upscalePfS_liiii",3,0,0,8,87401,1032256,16,0,0,2,1,0,0x0,0.000169,5.221935,491.628190,0,0.000000,0.008324,0.007677,0.000000,68.770764
"_Z7upscalePfS_liiii",4,0,0,9,87401,1032256,16,0,0,2,1,0,0x0,0.000169,5.219849,488.719148,0,0.000000,0.008321,0.007951,0.000000,68.770764
"_Z7upscalePfS_liiii",5,0,0,10,87401,1032256,16,0,0,2,1,0,0x0,0.000169,5.216069,488.719148,0,0.000000,0.008315,0.007668,0.000000,68.770764
"_Z7upscalePfS_liiii",6,0,0,11,87401,1032256,16,0,0,2,1,0,0x0,0.000169,5.210946,488.719148,0,0.000000,0.008307,0.006922,0.000000,68.770764
"_Z7upscalePfS_liiii",7,0,0,12,87401,1032256,16,0,0,2,1,0,0x0,0.000169,5.207832,488.719148,0,0.000000,0.008302,0.007471,0.000000,68.770764
"_Z7upscalePfS_liiii",8,0,0,13,87401,1032256,16,0,0,2,1,0,0x0,0.000167,5.276555,494.572072,0,0.000000,0.008411,0.001028,0.000000,82.470120
"_Z7upscalePfS_liiii",9,0,0,14,87401,1032256,16,0,0,2,1,0,0x0,0.000167,5.274465,494.572072,0,0.000000,0.008408,0.007754,0.000000,82.470120
"_Z7upscalePfS_liiii",10,0,0,15,87401,1032256,16,0,0,2,1,0,0x0,0.000167,5.277108,494.572072,0,0.000000,0.008412,0.008505,0.000000,82.470120
