kernel-name,dispatch,gpu-id,queue-id,queue-index,tid,grd,wgr,lds,scr,vgpr,sgpr,fbar,sig,time,VALUBusy,performance,LDSInsts,LDSBankConflict,L1MemoryBusy,L1MemoryStalled,L2WriteUnitStalled,L2CacheHit
"_Z15NormalizeKernelPKfiiiPf",0,0,0,4,96159,1576960,64,0,0,2,1,0,0x0,0.000068,11.394933,1270.982687,0,0.000000,37.714780,4.060934,0.000000,99.798232
"_Z15NormalizeKernelPKfiiiPf",1,0,0,6,96159,1576960,64,0,0,2,1,0,0x0,0.000072,10.633466,1182.720000,0,0.000000,35.135578,3.809310,0.000000,99.751622
"_Z15NormalizeKernelPKfiiiPf",2,0,0,7,96159,1576960,64,0,0,2,1,0,0x0,0.000068,11.396446,1270.982687,0,0.000000,37.519423,4.068240,0.000000,99.797717
"_Z15NormalizeKernelPKfiiiPf",3,0,0,8,96159,1576960,64,0,0,2,1,0,0x0,0.000070,10.978416,1216.512000,0,0.000000,36.219862,3.968494,0.000000,99.754154
"_Z15NormalizeKernelPKfiiiPf",4,0,0,9,96159,1576960,64,0,0,2,1,0,0x0,0.000070,10.973332,1216.512000,0,0.000000,36.187503,3.961981,0.000000,99.749856
"_Z15NormalizeKernelPKfiiiPf",5,0,0,10,96159,1576960,64,0,0,2,1,0,0x0,0.000070,10.949497,1216.512000,0,0.000000,35.884015,3.945989,0.000000,99.755067
"_Z15NormalizeKernelPKfiiiPf",6,0,0,11,96159,1576960,64,0,0,2,1,0,0x0,0.000071,10.899698,1216.512000,0,0.000000,35.893699,3.889975,0.000000,99.753900
"_Z15NormalizeKernelPKfiiiPf",7,0,0,12,96159,1576960,64,0,0,2,1,0,0x0,0.000071,10.895912,1216.512000,0,0.000000,36.030029,3.903121,0.000000,99.753257
"_Z15NormalizeKernelPKfiiiPf",8,0,0,13,96159,1576960,64,0,0,2,1,0,0x0,0.000068,11.367304,1270.982687,0,0.000000,37.737786,4.063111,0.000000,99.797750
"_Z15NormalizeKernelPKfiiiPf",9,0,0,14,96159,1576960,64,0,0,2,1,0,0x0,0.000068,11.371970,1270.982687,0,0.000000,37.076389,4.059379,0.000000,99.797626
"_Z15NormalizeKernelPKfiiiPf",10,0,0,15,96159,1576960,64,0,0,2,1,0,0x0,0.000068,11.377409,1270.982687,0,0.000000,37.347645,4.065328,0.000000,99.797631
