kernel-name,dispatch,gpu-id,queue-id,queue-index,tid,grd,wgr,lds,scr,vgpr,sgpr,fbar,sig,time,VALUBusy,performance,LDSInsts,LDSBankConflict,L1MemoryBusy,L1MemoryStalled,L2WriteUnitStalled,L2CacheHit
"_Z11recenter_2DPfmm",0,0,0,2,45868,246016,16,0,0,1,1,0,0x0,0.000044,1.469589,141.044364,0,0.000000,0.480783,0.070048,0.000000,95.358650
"_Z11recenter_2DPfmm",1,0,0,4,45868,246016,16,0,0,1,1,0,0x0,0.000048,1.345765,129.290667,0,0.000000,0.440273,0.087148,0.000000,86.277001
"_Z11recenter_2DPfmm",2,0,0,5,45868,246016,16,0,0,1,1,0,0x0,0.000044,1.467471,141.044364,0,0.000000,0.480090,0.069947,0.000000,95.365169
"_Z11recenter_2DPfmm",3,0,0,6,45868,246016,16,0,0,1,1,0,0x0,0.000045,1.433224,137.910044,0,0.000000,0.468886,0.094191,0.000000,86.259542
"_Z11recenter_2DPfmm",4,0,0,7,45868,246016,16,0,0,1,1,0,0x0,0.000046,1.409072,134.912000,0,0.000000,0.460984,0.092943,0.000000,86.040609
"_Z11recenter_2DPfmm",5,0,0,8,45868,246016,16,0,0,1,1,0,0x0,0.000045,1.434947,137.910044,0,0.000000,0.469450,0.091541,0.000000,85.949367
"_Z11recenter_2DPfmm",6,0,0,9,45868,246016,16,0,0,1,1,0,0x0,0.000046,1.396922,134.912000,0,0.000000,0.457009,0.090460,0.000000,86.277001
"_Z11recenter_2DPfmm",7,0,0,10,45868,246016,16,0,0,1,1,0,0x0,0.000045,1.429929,137.910044,0,0.000000,0.467808,0.092942,0.000000,86.277001
"_Z11recenter_2DPfmm",8,0,0,11,45868,246016,16,0,0,1,1,0,0x0,0.000046,1.400728,134.912000,0,0.000000,0.458255,0.092730,0.000000,86.224490
"_Z11recenter_2DPfmm",9,0,0,12,45868,246016,16,0,0,1,1,0,0x0,0.000045,1.457708,141.044364,0,0.000000,0.516900,0.077553,0.000000,95.332390
"_Z11recenter_2DPfmm",10,0,0,13,45868,246016,16,0,0,1,1,0,0x0,0.000044,1.465814,141.044364,0,0.000000,0.479548,0.069868,0.000000,95.365169
