kernel-name,dispatch,gpu-id,queue-id,queue-index,tid,grd,wgr,lds,scr,vgpr,sgpr,fbar,sig,time,VALUBusy,performance,LDSInsts,LDSBankConflict,L1MemoryBusy,L1MemoryStalled,L2WriteUnitStalled,L2CacheHit
"_Z12vectorAddGPUPfS_S_i",0,0,0,6,49977,253952,256,0,0,1,1,0,0x0,0.000010,5.546940,711.065600,0,0.000000,15.820709,2.093523,0.000000,97.913840
"_Z12vectorAddGPUPfS_S_i",1,0,0,8,49977,253952,256,0,0,1,1,0,0x0,0.000016,3.573350,444.416000,0,0.000000,8.708599,1.507147,0.000000,96.529710
"_Z12vectorAddGPUPfS_S_i",2,0,0,9,49977,253952,256,0,0,1,1,0,0x0,0.000010,5.660377,711.065600,0,0.000000,12.772368,1.991783,0.000000,97.924401
"_Z12vectorAddGPUPfS_S_i",3,0,0,10,49977,253952,256,0,0,1,1,0,0x0,0.000014,4.010695,507.904000,0,0.000000,9.673107,1.527730,0.000000,96.639199
"_Z12vectorAddGPUPfS_S_i",4,0,0,11,49977,253952,256,0,0,1,1,0,0x0,0.000014,4.029637,507.904000,0,0.000000,9.592053,1.498115,0.000000,96.614626
"_Z12vectorAddGPUPfS_S_i",5,0,0,12,49977,253952,256,0,0,1,1,0,0x0,0.000014,4.197698,546.973538,0,0.000000,10.318213,1.734371,0.000000,96.589382
"_Z12vectorAddGPUPfS_S_i",6,0,0,13,49977,253952,256,0,0,1,1,0,0x0,0.000015,3.791894,474.043733,0,0.000000,9.417557,1.382207,0.000000,96.635016
"_Z12vectorAddGPUPfS_S_i",7,0,0,14,49977,253952,256,0,0,1,1,0,0x0,0.000014,4.048936,507.904000,0,0.000000,10.451043,1.695764,0.000000,96.612150
"_Z12vectorAddGPUPfS_S_i",8,0,0,15,49977,253952,256,0,0,1,1,0,0x0,0.000015,3.853485,474.043733,0,0.000000,9.915472,1.803472,0.000000,96.569188
"_Z12vectorAddGPUPfS_S_i",9,0,0,16,49977,253952,256,0,0,1,1,0,0x0,0.000011,5.376655,711.065600,0,0.000000,12.786899,1.850032,0.000000,97.968956
"_Z12vectorAddGPUPfS_S_i",10,0,0,17,49977,253952,256,0,0,1,1,0,0x0,0.000011,5.485108,711.065600,0,0.000000,11.849012,1.943380,0.000000,97.959522
