kernel-name,dispatch,gpu-id,queue-id,queue-index,tid,grd,wgr,lds,scr,vgpr,sgpr,fbar,sig,time,VALUBusy,performance,LDSInsts,LDSBankConflict,L1MemoryBusy,L1MemoryStalled,L2WriteUnitStalled,L2CacheHit
"_Z12vectorAddGPUPfS_S_i",0,0,0,6,51171,4274688,192,0,0,1,1,0,0x0,0.000082,11.971288,1477.669926,0,0.000000,33.089067,4.149779,0.000000,99.628988
"_Z12vectorAddGPUPfS_S_i",1,0,0,8,51171,4274688,192,0,0,1,1,0,0x0,0.000085,11.501690,1408.132518,0,0.000000,32.496051,4.359502,0.000000,99.526454
"_Z12vectorAddGPUPfS_S_i",2,0,0,9,51171,4274688,192,0,0,1,1,0,0x0,0.000073,13.389993,1639.606356,0,0.000000,39.785820,4.577841,0.000000,99.631079
"_Z12vectorAddGPUPfS_S_i",3,0,0,10,51171,4274688,192,0,0,1,1,0,0x0,0.000077,12.774285,1574.885053,0,0.000000,38.355801,4.552168,0.000000,99.536850
"_Z12vectorAddGPUPfS_S_i",4,0,0,11,51171,4274688,192,0,0,1,1,0,0x0,0.000078,12.604674,1554.432000,0,0.000000,37.512380,4.426909,0.000000,99.533659
"_Z12vectorAddGPUPfS_S_i",5,0,0,12,51171,4274688,192,0,0,1,1,0,0x0,0.000077,12.625514,1554.432000,0,0.000000,37.444149,4.438463,0.000000,99.547710
"_Z12vectorAddGPUPfS_S_i",6,0,0,13,51171,4274688,192,0,0,1,1,0,0x0,0.000077,12.628162,1554.432000,0,0.000000,38.068512,4.570278,0.000000,99.539266
"_Z12vectorAddGPUPfS_S_i",7,0,0,14,51171,4274688,192,0,0,1,1,0,0x0,0.000078,12.542665,1534.503385,0,0.000000,35.586176,4.352250,0.000000,99.533701
"_Z12vectorAddGPUPfS_S_i",8,0,0,15,51171,4274688,192,0,0,1,1,0,0x0,0.000074,13.210555,1617.449514,0,0.000000,39.050962,5.352788,0.000000,99.536908
"_Z12vectorAddGPUPfS_S_i",9,0,0,16,51171,4274688,192,0,0,1,1,0,0x0,0.000070,14.018425,1734.656000,0,0.000000,42.000537,5.737441,0.000000,99.629516
"_Z12vectorAddGPUPfS_S_i",10,0,0,17,51171,4274688,192,0,0,1,1,0,0x0,0.000070,13.937300,1709.875200,0,0.000000,41.327012,5.542201,0.000000,99.629596
