kernel-name,dispatch,gpu-id,queue-id,queue-index,tid,grd,wgr,lds,scr,vgpr,sgpr,fbar,sig,time,VALUBusy,performance,LDSInsts,LDSBankConflict,L1MemoryBusy,L1MemoryStalled,L2WriteUnitStalled,L2CacheHit
"_Z11kLowerBoundPfS_S_j",0,0,0,6,18137,1537536,32,0,0,2,1,0,0x0,0.000126,3.742029,345.007104,0,0.000000,0.035094,0.004107,0.000000,87.719298
"_Z11kLowerBoundPfS_S_j",1,0,0,8,18137,1537536,32,0,0,2,1,0,0x0,0.000131,3.598492,331.737600,0,0.000000,0.033748,0.069770,0.000000,69.252078
"_Z11kLowerBoundPfS_S_j",2,0,0,9,18137,1537536,32,0,0,2,1,0,0x0,0.000126,3.741657,345.007104,0,0.000000,0.035091,0.004106,0.000000,87.719298
"_Z11kLowerBoundPfS_S_j",3,0,0,10,18137,1537536,32,0,0,2,1,0,0x0,0.000128,3.661468,336.921000,0,0.000000,0.034339,0.073061,0.000000,69.252078
"_Z11kLowerBoundPfS_S_j",4,0,0,11,18137,1537536,32,0,0,2,1,0,0x0,0.000128,3.663770,336.921000,0,0.000000,0.034360,0.073716,0.000000,69.060773
"_Z11kLowerBoundPfS_S_j",5,0,0,12,18137,1537536,32,0,0,2,1,0,0x0,0.000129,3.652537,336.921000,0,0.000000,0.034255,0.073248,0.000000,69.060773
"_Z11kLowerBoundPfS_S_j",6,0,0,13,18137,1537536,32,0,0,2,1,0,0x0,0.000129,3.653922,336.921000,0,0.000000,0.034268,0.076313,0.000000,69.060773
"_Z11kLowerBoundPfS_S_j",7,0,0,14,18137,1537536,32,0,0,2,1,0,0x0,0.000129,3.653212,336.921000,0,0.000000,0.034261,0.076177,0.000000,69.060773
"_Z11kLowerBoundPfS_S_j",8,0,0,15,18137,1537536,32,0,0,2,1,0,0x0,0.000126,3.738382,345.007104,0,0.000000,0.035060,0.004103,0.000000,87.719298
"_Z11kLowerBoundPfS_S_j",9,0,0,16,18137,1537536,32,0,0,2,1,0,0x0,0.000126,3.738307,345.007104,0,0.000000,0.035059,0.004103,0.000000,87.719298
"_Z11kLowerBoundPfS_S_j",10,0,0,17,18137,1537536,32,0,0,2,1,0,0x0,0.000126,3.737694,345.007104,0,0.000000,0.035054,0.004102,0.000000,87.719298
