kernel-name,dispatch,gpu-id,queue-id,queue-index,tid,grd,wgr,lds,scr,vgpr,sgpr,fbar,sig,time,VALUBusy,performance,LDSInsts,LDSBankConflict,L1MemoryBusy,L1MemoryStalled,L2WriteUnitStalled,L2CacheHit
"matrix_sqrt",0,0,0,4,103989,4112768,16,0,0,2,1,0,0x0,0.000649,0.797528,102.169837,0,0.000000,0.027074,0.002383,0.000000,90.000000
"matrix_sqrt",1,0,0,6,103989,4112768,16,0,0,2,1,0,0x0,0.000653,0.792743,101.543988,0,0.000000,0.043561,0.016291,0.000000,73.557692
"matrix_sqrt",2,0,0,7,103989,4112768,16,0,0,2,1,0,0x0,0.000650,0.796160,102.012652,0,0.000000,0.040674,0.016025,0.000000,58.959538
"matrix_sqrt",3,0,0,8,103989,4112768,16,0,0,2,1,0,0x0,0.000654,0.792305,101.543988,0,0.000000,0.042198,0.017668,0.000000,58.508604
"matrix_sqrt",4,0,0,9,103989,4112768,16,0,0,2,1,0,0x0,0.000653,0.793391,101.699730,0,0.000000,0.037947,0.016112,0.000000,57.735849
"matrix_sqrt",5,0,0,10,103989,4112768,16,0,0,2,1,0,0x0,0.000654,0.791792,101.543988,0,0.000000,0.037034,0.015244,0.000000,58.620690
"matrix_sqrt",6,0,0,11,103989,4112768,16,0,0,2,1,0,0x0,0.000651,0.794991,101.855951,0,0.000000,0.028835,0.004222,0.000000,89.736070
"matrix_sqrt",7,0,0,12,103989,4112768,16,0,0,2,1,0,0x0,0.000650,0.797170,102.169837,0,0.000000,0.027062,0.002381,0.000000,90.000000
"matrix_sqrt",8,0,0,13,103989,4112768,16,0,0,2,1,0,0x0,0.000649,0.797342,102.169837,0,0.000000,0.027068,0.002382,0.000000,90.000000
"matrix_sqrt",9,0,0,14,103989,4112768,16,0,0,2,1,0,0x0,0.000649,0.797330,102.169837,0,0.000000,0.027068,0.002382,0.000000,90.000000
"matrix_sqrt",10,0,0,15,103989,4112768,16,0,0,2,1,0,0x0,0.000649,0.797231,102.169837,0,0.000000,0.030071,0.002646,0.000000,90.000000
