kernel-name,dispatch,gpu-id,queue-id,queue-index,tid,grd,wgr,lds,scr,vgpr,sgpr,fbar,sig,time,VALUBusy,performance,LDSInsts,LDSBankConflict,L1MemoryBusy,L1MemoryStalled,L2WriteUnitStalled,L2CacheHit
"matrix_sqrt",0,0,0,4,102818,1537536,32,0,0,2,1,0,0x0,0.000126,0.784230,99.640320,0,0.000000,0.046565,0.004098,0.000000,86.507937
"matrix_sqrt",1,0,0,6,102818,1537536,32,0,0,2,1,0,0x0,0.000130,0.760677,96.550698,0,0.000000,0.113941,0.072749,0.000000,71.947195
"matrix_sqrt",2,0,0,7,102818,1537536,32,0,0,2,1,0,0x0,0.000126,0.785248,99.640320,0,0.000000,0.046626,0.004103,0.000000,86.507937
"matrix_sqrt",3,0,0,8,102818,1537536,32,0,0,2,1,0,0x0,0.000127,0.777794,98.849524,0,0.000000,0.117367,0.075248,0.000000,71.947195
"matrix_sqrt",4,0,0,9,102818,1537536,32,0,0,2,1,0,0x0,0.000128,0.773829,98.071181,0,0.000000,0.114686,0.072781,0.000000,71.947195
"matrix_sqrt",5,0,0,10,102818,1537536,32,0,0,2,1,0,0x0,0.000127,0.777013,98.071181,0,0.000000,0.119833,0.077756,0.000000,71.710526
"matrix_sqrt",6,0,0,11,102818,1537536,32,0,0,2,1,0,0x0,0.000128,0.772176,98.071181,0,0.000000,0.120676,0.078861,0.000000,71.947195
"matrix_sqrt",7,0,0,12,102818,1537536,32,0,0,2,1,0,0x0,0.000127,0.776761,98.071181,0,0.000000,0.120655,0.078592,0.000000,71.947195
"matrix_sqrt",8,0,0,13,102818,1537536,32,0,0,2,1,0,0x0,0.000127,0.778976,98.849524,0,0.000000,0.046253,0.004070,0.000000,86.507937
"matrix_sqrt",9,0,0,14,102818,1537536,32,0,0,2,1,0,0x0,0.000126,0.784164,99.640320,0,0.000000,0.046561,0.004097,0.000000,86.507937
"matrix_sqrt",10,0,0,15,102818,1537536,32,0,0,2,1,0,0x0,0.000126,0.784659,99.640320,0,0.000000,0.046591,0.004100,0.000000,86.507937
