kernel-name,dispatch,gpu-id,queue-id,queue-index,tid,grd,wgr,lds,scr,vgpr,sgpr,fbar,sig,time,VALUBusy,performance,LDSInsts,LDSBankConflict,L1MemoryBusy,L1MemoryStalled,L2WriteUnitStalled,L2CacheHit
"_Z21weighted_delta_kerneliPfS_S_S_S_S_S_",0,0,0,14,22383,1576960,128,0,0,3,2,0,0x0,0.000041,28.065060,3307.769756,0,0.000000,71.332407,17.857685,0.000000,96.620464
"_Z21weighted_delta_kerneliPfS_S_S_S_S_S_",1,0,0,16,22383,1576960,128,0,0,3,2,0,0x0,0.000046,25.034544,2948.229565,0,0.000000,62.699816,16.225040,0.000000,96.509588
"_Z21weighted_delta_kerneliPfS_S_S_S_S_S_",2,0,0,17,22383,1576960,128,0,0,3,2,0,0x0,0.000041,28.357041,3390.464000,0,0.000000,69.036659,17.021897,0.000000,96.617598
"_Z21weighted_delta_kerneliPfS_S_S_S_S_S_",3,0,0,18,22383,1576960,128,0,0,3,2,0,0x0,0.000044,26.456314,3153.920000,0,0.000000,66.047014,16.958240,0.000000,96.506542
"_Z21weighted_delta_kerneliPfS_S_S_S_S_S_",4,0,0,19,22383,1576960,128,0,0,3,2,0,0x0,0.000044,26.384546,3153.920000,0,0.000000,66.537814,17.218129,0.000000,96.504006
"_Z21weighted_delta_kerneliPfS_S_S_S_S_S_",5,0,0,20,22383,1576960,128,0,0,3,2,0,0x0,0.000044,26.400377,3153.920000,0,0.000000,67.130602,18.237403,0.000000,96.524282
"_Z21weighted_delta_kerneliPfS_S_S_S_S_S_",6,0,0,21,22383,1576960,128,0,0,3,2,0,0x0,0.000045,25.650635,3013.745778,0,0.000000,65.036436,16.805816,0.000000,96.499480
"_Z21weighted_delta_kerneliPfS_S_S_S_S_S_",7,0,0,22,22383,1576960,128,0,0,3,2,0,0x0,0.000045,25.460507,3013.745778,0,0.000000,60.998788,16.184919,0.000000,96.523931
"_Z21weighted_delta_kerneliPfS_S_S_S_S_S_",8,0,0,23,22383,1576960,128,0,0,3,2,0,0x0,0.000042,27.283599,3229.013333,0,0.000000,64.311340,15.857115,0.000000,96.615868
"_Z21weighted_delta_kerneliPfS_S_S_S_S_S_",9,0,0,24,22383,1576960,128,0,0,3,2,0,0x0,0.000042,27.829230,3307.769756,0,0.000000,66.540923,16.397485,0.000000,96.615552
"_Z21weighted_delta_kerneliPfS_S_S_S_S_S_",10,0,0,25,22383,1576960,128,0,0,3,2,0,0x0,0.000042,27.409044,3229.013333,0,0.000000,65.642288,16.247794,0.000000,96.616713
