kernel-name,dispatch,gpu-id,queue-id,queue-index,tid,grd,wgr,lds,scr,vgpr,sgpr,fbar,sig,time,VALUBusy,performance,LDSInsts,LDSBankConflict,L1MemoryBusy,L1MemoryStalled,L2WriteUnitStalled,L2CacheHit
"_Z20AccuracyDivideKerneliPf",0,0,0,2,23227,614656,16,0,0,1,0,0,0x0,0.000102,5.862926,626.708078,0,0.000000,19.001856,4.272049,0.000000,99.984440
"_Z20AccuracyDivideKerneliPf",1,0,0,4,23227,614656,16,0,0,1,0,0,0x0,0.000106,5.639394,603.058717,0,0.000000,18.135870,4.119153,0.000000,99.795512
"_Z20AccuracyDivideKerneliPf",2,0,0,5,23227,614656,16,0,0,1,0,0,0x0,0.000102,5.911573,632.913109,0,0.000000,19.156290,4.309957,0.000000,99.984440
"_Z20AccuracyDivideKerneliPf",3,0,0,6,23227,614656,16,0,0,1,0,0,0x0,0.000104,5.762319,614.656000,0,0.000000,18.521891,4.200841,0.000000,99.795512
"_Z20AccuracyDivideKerneliPf",4,0,0,7,23227,614656,16,0,0,1,0,0,0x0,0.000104,5.763772,614.656000,0,0.000000,18.524909,4.202650,0.000000,99.795512
"_Z20AccuracyDivideKerneliPf",5,0,0,8,23227,614656,16,0,0,1,0,0,0x0,0.000104,5.754068,614.656000,0,0.000000,18.500911,4.197672,0.000000,99.795512
"_Z20AccuracyDivideKerneliPf",6,0,0,9,23227,614656,16,0,0,1,0,0,0x0,0.000105,5.742680,614.656000,0,0.000000,18.454577,4.188317,0.000000,99.795512
"_Z20AccuracyDivideKerneliPf",7,0,0,10,23227,614656,16,0,0,1,0,0,0x0,0.000105,5.743882,614.656000,0,0.000000,18.439451,4.186204,0.000000,99.795512
"_Z20AccuracyDivideKerneliPf",8,0,0,11,23227,614656,16,0,0,1,0,0,0x0,0.000102,5.903288,632.913109,0,0.000000,19.100861,4.302534,0.000000,99.984440
"_Z20AccuracyDivideKerneliPf",9,0,0,12,23227,614656,16,0,0,1,0,0,0x0,0.000102,5.903070,632.913109,0,0.000000,19.118135,4.303759,0.000000,99.984440
"_Z20AccuracyDivideKerneliPf",10,0,0,13,23227,614656,16,0,0,1,0,0,0x0,0.000102,5.904776,632.913109,0,0.000000,19.104908,4.301621,0.000000,99.984440
