kernel-name,dispatch,gpu-id,queue-id,queue-index,tid,grd,wgr,lds,scr,vgpr,sgpr,fbar,sig,time,VALUBusy,performance,LDSInsts,LDSBankConflict,L1MemoryBusy,L1MemoryStalled,L2WriteUnitStalled,L2CacheHit
"_Z8SubtractPfS_S_ii",0,0,0,6,58386,4274688,192,0,0,1,1,0,0x0,0.000073,4.356251,563.990795,0,0.000000,80.755179,28.126898,12.997014,33.172178
"_Z8SubtractPfS_S_ii",1,0,0,8,58386,4274688,192,0,0,1,1,0,0x0,0.000073,4.385822,571.824000,0,0.000000,76.503855,25.304734,12.637292,43.589079
"_Z8SubtractPfS_S_ii",2,0,0,9,58386,4274688,192,0,0,1,1,0,0x0,0.000069,4.625872,605.460706,0,0.000000,82.769101,30.839035,12.093294,36.933659
"_Z8SubtractPfS_S_ii",3,0,0,10,58386,4274688,192,0,0,1,1,0,0x0,0.000070,4.526670,588.161829,0,0.000000,78.815582,27.211642,12.002881,44.814081
"_Z8SubtractPfS_S_ii",4,0,0,11,58386,4274688,192,0,0,1,1,0,0x0,0.000070,4.528965,588.161829,0,0.000000,79.115295,27.547680,11.831056,45.167423
"_Z8SubtractPfS_S_ii",5,0,0,12,58386,4274688,192,0,0,1,1,0,0x0,0.000069,4.605036,596.685913,0,0.000000,80.934614,28.486148,13.124214,46.250923
"_Z8SubtractPfS_S_ii",6,0,0,13,58386,4274688,192,0,0,1,1,0,0x0,0.000069,4.621757,605.460706,0,0.000000,78.623626,31.814695,14.451838,53.318403
"_Z8SubtractPfS_S_ii",7,0,0,14,58386,4274688,192,0,0,1,1,0,0x0,0.000068,4.648978,605.460706,0,0.000000,79.893667,32.659295,12.856804,52.994200
"_Z8SubtractPfS_S_ii",8,0,0,15,58386,4274688,192,0,0,1,1,0,0x0,0.000067,4.777271,623.808000,0,0.000000,84.612425,39.297946,14.356357,47.048145
"_Z8SubtractPfS_S_ii",9,0,0,16,58386,4274688,192,0,0,1,1,0,0x0,0.000066,4.787694,623.808000,0,0.000000,82.427286,35.853998,14.180796,47.666547
"_Z8SubtractPfS_S_ii",10,0,0,17,58386,4274688,192,0,0,1,1,0,0x0,0.000067,4.761455,623.808000,0,0.000000,83.470732,40.668868,13.223975,47.626165
