kernel-name,dispatch,gpu-id,queue-id,queue-index,tid,grd,wgr,lds,scr,vgpr,sgpr,fbar,sig,time,VALUBusy,performance,LDSInsts,LDSBankConflict,L1MemoryBusy,L1MemoryStalled,L2WriteUnitStalled,L2CacheHit
"_Z11hotspotOpt1PfS_S_fiiifffffff",0,0,0,6,72971,57600,16,0,0,7,3,0,0x0,0.000015,25.741054,3072.000000,0,0.000000,40.354964,4.757586,0.000000,99.229168
"_Z11hotspotOpt1PfS_S_fiiifffffff",1,0,0,8,72971,57600,16,0,0,7,3,0,0x0,0.000021,18.659783,2304.000000,0,0.000000,29.429037,3.838797,0.000000,98.778985
"_Z11hotspotOpt1PfS_S_fiiifffffff",2,0,0,9,72971,57600,16,0,0,7,3,0,0x0,0.000015,25.694444,3072.000000,0,0.000000,39.521605,4.737654,0.000000,99.229168
"_Z11hotspotOpt1PfS_S_fiiifffffff",3,0,0,10,72971,57600,16,0,0,7,3,0,0x0,0.000019,20.751629,2560.000000,0,0.000000,30.945892,4.206827,0.000000,98.751330
"_Z11hotspotOpt1PfS_S_fiiifffffff",4,0,0,11,72971,57600,16,0,0,7,3,0,0x0,0.000019,20.714452,2560.000000,0,0.000000,31.181574,4.306284,0.000000,98.729217
"_Z11hotspotOpt1PfS_S_fiiifffffff",5,0,0,12,72971,57600,16,0,0,7,3,0,0x0,0.000019,20.530547,2425.263158,0,0.000000,31.670886,4.201467,0.000000,98.767921
"_Z11hotspotOpt1PfS_S_fiiifffffff",6,0,0,13,72971,57600,16,0,0,7,3,0,0x0,0.000019,20.141129,2425.263158,0,0.000000,29.799194,4.045968,0.000000,98.784518
"_Z11hotspotOpt1PfS_S_fiiifffffff",7,0,0,14,72971,57600,16,0,0,7,3,0,0x0,0.000019,20.117118,2425.263158,0,0.000000,31.378677,3.924348,0.000000,98.784518
"_Z11hotspotOpt1PfS_S_fiiifffffff",8,0,0,15,72971,57600,16,0,0,7,3,0,0x0,0.000019,20.314788,2425.263158,0,0.000000,32.118106,4.071905,0.000000,98.801120
"_Z11hotspotOpt1PfS_S_fiiifffffff",9,0,0,16,72971,57600,16,0,0,7,3,0,0x0,0.000015,25.425541,3072.000000,0,0.000000,37.828318,4.659568,0.000000,99.229168
"_Z11hotspotOpt1PfS_S_fiiifffffff",10,0,0,17,72971,57600,16,0,0,7,3,0,0x0,0.000016,25.106558,3072.000000,0,0.000000,35.595521,4.532752,0.000000,99.229168
