kernel-name,dispatch,gpu-id,queue-id,queue-index,tid,grd,wgr,lds,scr,vgpr,sgpr,fbar,sig,time,VALUBusy,performance,LDSInsts,LDSBankConflict,L1MemoryBusy,L1MemoryStalled,L2WriteUnitStalled,L2CacheHit
"_Z22phglobal_reduce_kernelPfS_",0,0,0,4,121408,1517824,16,0,0,2,1,0,0x0,0.000245,12.096112,1387.724800,0,0.000000,67.115162,11.284638,0.000000,99.977345
"_Z22phglobal_reduce_kernelPfS_",1,0,0,6,121408,1517824,16,0,0,2,1,0,0x0,0.000250,11.862953,1365.432032,0,0.000000,65.489217,11.116704,0.000000,99.949961
"_Z22phglobal_reduce_kernelPfS_",2,0,0,7,121408,1517824,16,0,0,2,1,0,0x0,0.000245,12.119664,1393.412197,0,0.000000,66.846465,11.232190,0.000000,99.977345
"_Z22phglobal_reduce_kernelPfS_",3,0,0,8,121408,1517824,16,0,0,2,1,0,0x0,0.000249,11.929157,1370.937806,0,0.000000,65.798111,11.671181,0.000000,99.885248
"_Z22phglobal_reduce_kernelPfS_",4,0,0,9,121408,1517824,16,0,0,2,1,0,0x0,0.000245,12.105991,1393.412197,0,0.000000,66.866510,11.258952,0.000000,99.977169
"_Z22phglobal_reduce_kernelPfS_",5,0,0,10,121408,1517824,16,0,0,2,1,0,0x0,0.000248,11.946103,1370.937806,0,0.000000,65.601436,11.129329,0.000000,99.952768
"_Z22phglobal_reduce_kernelPfS_",6,0,0,11,121408,1517824,16,0,0,2,1,0,0x0,0.000248,11.933479,1370.937806,0,0.000000,65.736534,11.667862,0.000000,99.888297
"_Z22phglobal_reduce_kernelPfS_",7,0,0,12,121408,1517824,16,0,0,2,1,0,0x0,0.000245,12.112205,1393.412197,0,0.000000,66.571290,11.226874,0.000000,99.977169
"_Z22phglobal_reduce_kernelPfS_",8,0,0,13,121408,1517824,16,0,0,2,1,0,0x0,0.000244,12.131008,1393.412197,0,0.000000,66.777388,11.296669,0.000000,99.977345
"_Z22phglobal_reduce_kernelPfS_",9,0,0,14,121408,1517824,16,0,0,2,1,0,0x0,0.000244,12.130109,1393.412197,0,0.000000,66.508195,11.233495,0.000000,99.977345
"_Z22phglobal_reduce_kernelPfS_",10,0,0,15,121408,1517824,16,0,0,2,1,0,0x0,0.000244,12.132994,1393.412197,0,0.000000,66.612139,11.289246,0.000000,99.977345
