kernel-name,dispatch,gpu-id,queue-id,queue-index,tid,grd,wgr,lds,scr,vgpr,sgpr,fbar,sig,time,VALUBusy,performance,LDSInsts,LDSBankConflict,L1MemoryBusy,L1MemoryStalled,L2WriteUnitStalled,L2CacheHit
"_Z40cunn_LookupTable_accGradParametersKernelPfS_S_S_S_fll",0,0,0,10,42036,253952,256,0,0,6,4,0,0x0,0.000009,1.700561,171.093333,0,0.000000,0.415988,0.018677,0.000000,86.206897
"_Z40cunn_LookupTable_accGradParametersKernelPfS_S_S_S_fll",1,0,0,12,42036,253952,256,0,0,6,4,0,0x0,0.000014,1.123281,118.449231,0,0.000000,0.274775,0.100938,0.000000,69.169960
"_Z40cunn_LookupTable_accGradParametersKernelPfS_S_S_S_fll",2,0,0,13,42036,253952,256,0,0,6,4,0,0x0,0.000009,1.726118,171.093333,0,0.000000,0.422239,0.134427,0.000000,86.206897
"_Z40cunn_LookupTable_accGradParametersKernelPfS_S_S_S_fll",3,0,0,14,42036,253952,256,0,0,6,4,0,0x0,0.000012,1.299381,128.320000,0,0.000000,0.317852,0.110275,0.000000,68.897638
"_Z40cunn_LookupTable_accGradParametersKernelPfS_S_S_S_fll",4,0,0,15,42036,253952,256,0,0,6,4,0,0x0,0.000012,1.343441,139.985455,0,0.000000,0.328630,0.120721,0.000000,69.169960
"_Z40cunn_LookupTable_accGradParametersKernelPfS_S_S_S_fll",5,0,0,16,42036,253952,256,0,0,6,4,0,0x0,0.000012,1.260842,128.320000,0,0.000000,0.308424,0.100710,0.000000,69.169960
"_Z40cunn_LookupTable_accGradParametersKernelPfS_S_S_S_fll",6,0,0,17,42036,253952,256,0,0,6,4,0,0x0,0.000012,1.270374,128.320000,0,0.000000,0.310756,0.111618,0.000000,69.169960
"_Z40cunn_LookupTable_accGradParametersKernelPfS_S_S_S_fll",7,0,0,18,42036,253952,256,0,0,6,4,0,0x0,0.000013,1.249330,128.320000,0,0.000000,0.305608,0.102285,0.000000,68.897638
"_Z40cunn_LookupTable_accGradParametersKernelPfS_S_S_S_fll",8,0,0,19,42036,253952,256,0,0,6,4,0,0x0,0.000012,1.303303,128.320000,0,0.000000,0.318811,0.105403,0.000000,68.897638
"_Z40cunn_LookupTable_accGradParametersKernelPfS_S_S_S_fll",9,0,0,20,42036,253952,256,0,0,6,4,0,0x0,0.000009,1.653398,171.093333,0,0.000000,0.404451,0.130415,0.000000,86.206897
"_Z40cunn_LookupTable_accGradParametersKernelPfS_S_S_S_fll",10,0,0,21,42036,253952,256,0,0,6,4,0,0x0,0.000010,1.638253,171.093333,0,0.000000,0.400746,0.121042,0.000000,86.206897
