kernel-name,dispatch,gpu-id,queue-id,queue-index,tid,grd,wgr,lds,scr,vgpr,sgpr,fbar,sig,time,VALUBusy,performance,LDSInsts,LDSBankConflict,L1MemoryBusy,L1MemoryStalled,L2WriteUnitStalled,L2CacheHit
"_Z13vecAdd_kernelPfPKfS1_",0,0,0,6,64895,1655808,192,0,0,1,1,0,0x0,0.002204,5.881082,769.653832,0,0.000000,98.419096,52.872845,0.000000,99.997910
"_Z13vecAdd_kernelPfPKfS1_",1,0,0,8,64895,1655808,192,0,0,1,1,0,0x0,0.002210,5.865420,767.563328,0,0.000000,97.834637,52.834740,0.000000,99.997170
"_Z13vecAdd_kernelPfPKfS1_",2,0,0,9,64895,1655808,192,0,0,1,1,0,0x0,0.002208,5.870476,768.258900,0,0.000000,97.715540,52.783363,0.000000,99.995897
"_Z13vecAdd_kernelPfPKfS1_",3,0,0,10,64895,1655808,192,0,0,1,1,0,0x0,0.002217,5.847128,765.138715,0,0.000000,97.232437,52.500569,0.000000,99.996112
"_Z13vecAdd_kernelPfPKfS1_",4,0,0,11,64895,1655808,192,0,0,1,1,0,0x0,0.002208,5.870981,768.258900,0,0.000000,97.765510,52.723670,0.000000,99.997902
"_Z13vecAdd_kernelPfPKfS1_",5,0,0,12,64895,1655808,192,0,0,1,1,0,0x0,0.002217,5.845636,764.793591,0,0.000000,97.237603,52.735103,0.000000,99.997909
"_Z13vecAdd_kernelPfPKfS1_",6,0,0,13,64895,1655808,192,0,0,1,1,0,0x0,0.002208,5.870177,768.258900,0,0.000000,97.729831,52.786979,0.000000,99.997910
"_Z13vecAdd_kernelPfPKfS1_",7,0,0,14,64895,1655808,192,0,0,1,1,0,0x0,0.002209,5.867293,767.563328,0,0.000000,97.688225,52.786912,0.000000,99.997910
"_Z13vecAdd_kernelPfPKfS1_",8,0,0,15,64895,1655808,192,0,0,1,1,0,0x0,0.002208,5.870364,768.258900,0,0.000000,97.748993,52.781300,0.000000,99.997910
"_Z13vecAdd_kernelPfPKfS1_",9,0,0,16,64895,1655808,192,0,0,1,1,0,0x0,0.002212,5.858942,766.522329,0,0.000000,97.525166,52.807341,0.000000,99.997910
"_Z13vecAdd_kernelPfPKfS1_",10,0,0,17,64895,1655808,192,0,0,1,1,0,0x0,0.002213,5.856864,766.175957,0,0.000000,97.455665,52.557856,0.000000,99.997909
