kernel-name,dispatch,gpu-id,queue-id,queue-index,tid,grd,wgr,lds,scr,vgpr,sgpr,fbar,sig,time,VALUBusy,performance,LDSInsts,LDSBankConflict,L1MemoryBusy,L1MemoryStalled,L2WriteUnitStalled,L2CacheHit
"_Z15kShuffleColumnsPfS_S_ii",0,0,0,6,11972,1517824,256,0,0,2,2,0,0x0,0.008890,87.047449,9260.263005,0,0.000000,97.262942,24.938921,0.000000,99.999097
"_Z15kShuffleColumnsPfS_S_ii",1,0,0,8,11972,1517824,256,0,0,2,2,0,0x0,0.008891,87.042393,9260.263005,0,0.000000,97.301496,25.191509,0.000000,99.998399
"_Z15kShuffleColumnsPfS_S_ii",2,0,0,9,11972,1517824,256,0,0,2,2,0,0x0,0.008897,86.983054,9254.017324,0,0.000000,97.246226,25.115930,0.000000,99.999097
"_Z15kShuffleColumnsPfS_S_ii",3,0,0,10,11972,1517824,256,0,0,2,2,0,0x0,0.008907,86.883470,9242.588763,0,0.000000,97.158870,25.076829,0.000000,99.999097
"_Z15kShuffleColumnsPfS_S_ii",4,0,0,11,11972,1517824,256,0,0,2,2,0,0x0,0.008890,87.051634,9261.304771,0,0.000000,97.286648,25.138404,0.000000,99.999097
"_Z15kShuffleColumnsPfS_S_ii",5,0,0,12,11972,1517824,256,0,0,2,2,0,0x0,0.008902,86.933758,9247.780062,0,0.000000,97.263611,25.121784,0.000000,99.999097
"_Z15kShuffleColumnsPfS_S_ii",6,0,0,13,11972,1517824,256,0,0,2,2,0,0x0,0.008896,86.995382,9255.057685,0,0.000000,97.185843,25.097615,0.000000,99.999097
"_Z15kShuffleColumnsPfS_S_ii",7,0,0,14,11972,1517824,256,0,0,2,2,0,0x0,0.008903,86.922105,9246.741336,0,0.000000,97.175717,25.082288,0.000000,99.999097
"_Z15kShuffleColumnsPfS_S_ii",8,0,0,15,11972,1517824,256,0,0,2,2,0,0x0,0.008894,87.014682,9257.139111,0,0.000000,97.107709,25.102826,0.000000,99.999097
"_Z15kShuffleColumnsPfS_S_ii",9,0,0,16,11972,1517824,256,0,0,2,2,0,0x0,0.008893,87.023318,9258.180175,0,0.000000,97.202276,25.127141,0.000000,99.999097
"_Z15kShuffleColumnsPfS_S_ii",10,0,0,17,11972,1517824,256,0,0,2,2,0,0x0,0.008902,86.935992,9248.819022,0,0.000000,97.177606,25.141902,0.000000,99.999097
