kernel-name,dispatch,gpu-id,queue-id,queue-index,tid,grd,wgr,lds,scr,vgpr,sgpr,fbar,sig,time,VALUBusy,performance,LDSInsts,LDSBankConflict,L1MemoryBusy,L1MemoryStalled,L2WriteUnitStalled,L2CacheHit
"_Z24ForwardWarpKernel_PSF2x2PKfS0_S0_iiiifPfS1_",0,0,0,10,106218,614656,256,0,0,3,2,0,0x0,0.000016,2.336225,307.888000,0,0.000000,0.322380,0.021363,0.000000,78.151261
"_Z24ForwardWarpKernel_PSF2x2PKfS0_S0_iiiifPfS1_",1,0,0,12,106218,614656,256,0,0,3,2,0,0x0,0.000021,1.782493,234.581333,0,0.000000,0.301535,0.071865,0.000000,63.917526
"_Z24ForwardWarpKernel_PSF2x2PKfS0_S0_iiiifPfS1_",2,0,0,13,106218,614656,256,0,0,3,2,0,0x0,0.000016,2.320542,307.888000,0,0.000000,0.386767,0.087770,0.000000,78.151261
"_Z24ForwardWarpKernel_PSF2x2PKfS0_S0_iiiifPfS1_",3,0,0,14,106218,614656,256,0,0,3,2,0,0x0,0.000018,2.043641,273.678222,0,0.000000,0.343164,0.079845,0.000000,63.917526
"_Z24ForwardWarpKernel_PSF2x2PKfS0_S0_iiiifPfS1_",4,0,0,15,106218,614656,256,0,0,3,2,0,0x0,0.000019,1.943281,259.274105,0,0.000000,0.324696,0.074309,0.000000,63.917526
"_Z24ForwardWarpKernel_PSF2x2PKfS0_S0_iiiifPfS1_",5,0,0,16,106218,614656,256,0,0,3,2,0,0x0,0.000020,1.912328,259.274105,0,0.000000,0.317140,0.070740,0.000000,63.917526
"_Z24ForwardWarpKernel_PSF2x2PKfS0_S0_iiiifPfS1_",6,0,0,17,106218,614656,256,0,0,3,2,0,0x0,0.000021,1.832788,246.310400,0,0.000000,0.305473,0.069322,0.000000,63.917526
"_Z24ForwardWarpKernel_PSF2x2PKfS0_S0_iiiifPfS1_",7,0,0,18,106218,614656,256,0,0,3,2,0,0x0,0.000019,1.928638,259.274105,0,0.000000,0.326258,0.077757,0.000000,63.917526
"_Z24ForwardWarpKernel_PSF2x2PKfS0_S0_iiiifPfS1_",8,0,0,19,106218,614656,256,0,0,3,2,0,0x0,0.000020,1.908081,259.274105,0,0.000000,0.317229,0.071376,0.000000,63.917526
"_Z24ForwardWarpKernel_PSF2x2PKfS0_S0_iiiifPfS1_",9,0,0,20,106218,614656,256,0,0,3,2,0,0x0,0.000017,2.190083,289.776941,0,0.000000,0.373216,0.091028,0.000000,78.151261
"_Z24ForwardWarpKernel_PSF2x2PKfS0_S0_iiiifPfS1_",10,0,0,21,106218,614656,256,0,0,3,2,0,0x0,0.000017,2.248540,307.888000,0,0.000000,0.385981,0.096262,0.000000,78.151261
