kernel-name,dispatch,gpu-id,queue-id,queue-index,tid,grd,wgr,lds,scr,vgpr,sgpr,fbar,sig,time,VALUBusy,performance,LDSInsts,LDSBankConflict,L1MemoryBusy,L1MemoryStalled,L2WriteUnitStalled,L2CacheHit
"_Z11advNextStepPdS_diS_iii",0,0,0,6,67008,627200,32,0,0,3,2,0,0x0,0.000054,3.534205,326.696296,0,0.000000,0.080997,0.006319,0.000000,86.925795
"_Z11advNextStepPdS_diS_iii",1,0,0,8,67008,627200,32,0,0,3,2,0,0x0,0.000059,3.234807,299.010169,0,0.000000,0.094378,0.026026,0.000000,73.214286
"_Z11advNextStepPdS_diS_iii",2,0,0,9,67008,627200,32,0,0,3,2,0,0x0,0.000054,3.538392,326.696296,0,0.000000,0.081093,0.006326,0.000000,86.925795
"_Z11advNextStepPdS_diS_iii",3,0,0,10,67008,627200,32,0,0,3,2,0,0x0,0.000057,3.377402,315.028571,0,0.000000,0.100186,0.028821,0.000000,73.652695
"_Z11advNextStepPdS_diS_iii",4,0,0,11,67008,627200,32,0,0,3,2,0,0x0,0.000057,3.379369,315.028571,0,0.000000,0.098596,0.027189,0.000000,73.214286
"_Z11advNextStepPdS_diS_iii",5,0,0,12,67008,627200,32,0,0,3,2,0,0x0,0.000057,3.370667,309.501754,0,0.000000,0.099986,0.028763,0.000000,73.214286
"_Z11advNextStepPdS_diS_iii",6,0,0,13,67008,627200,32,0,0,3,2,0,0x0,0.000057,3.356434,309.501754,0,0.000000,0.099564,0.028642,0.000000,73.652695
"_Z11advNextStepPdS_diS_iii",7,0,0,14,67008,627200,32,0,0,3,2,0,0x0,0.000057,3.348980,309.501754,0,0.000000,0.097709,0.026945,0.000000,73.214286
"_Z11advNextStepPdS_diS_iii",8,0,0,15,67008,627200,32,0,0,3,2,0,0x0,0.000054,3.531446,326.696296,0,0.000000,0.080934,0.006314,0.000000,86.925795
"_Z11advNextStepPdS_diS_iii",9,0,0,16,67008,627200,32,0,0,3,2,0,0x0,0.000054,3.538189,326.696296,0,0.000000,0.081089,0.006326,0.000000,86.925795
"_Z11advNextStepPdS_diS_iii",10,0,0,17,67008,627200,32,0,0,3,2,0,0x0,0.000054,3.536074,326.696296,0,0.000000,0.081040,0.006322,0.000000,86.925795
