kernel-name,dispatch,gpu-id,queue-id,queue-index,tid,grd,wgr,lds,scr,vgpr,sgpr,fbar,sig,time,VALUBusy,performance,LDSInsts,LDSBankConflict,L1MemoryBusy,L1MemoryStalled,L2WriteUnitStalled,L2CacheHit
"_Z4funcv",0,0,0,0,104547,2849280,32,0,0,0,0,0,0x0,0.000229,0.000000,0.000000,0,0.000000,0.000000,0.000000,0.000000,95.833333
"_Z4funcv",1,0,0,2,104547,2849280,32,0,0,0,0,0,0x0,0.000232,0.000000,0.000000,0,0.000000,0.000000,0.000000,0.000000,94.520548
"_Z4funcv",2,0,0,3,104547,2849280,32,0,0,0,0,0,0x0,0.000228,0.000000,0.000000,0,0.000000,0.000000,0.000000,0.000000,95.833333
"_Z4funcv",3,0,0,4,104547,2849280,32,0,0,0,0,0,0x0,0.000230,0.000000,0.000000,0,0.000000,0.000000,0.000000,0.000000,94.520548
"_Z4funcv",4,0,0,5,104547,2849280,32,0,0,0,0,0,0x0,0.000230,0.000000,0.000000,0,0.000000,0.000000,0.000000,0.000000,94.520548
"_Z4funcv",5,0,0,6,104547,2849280,32,0,0,0,0,0,0x0,0.000230,0.000000,0.000000,0,0.000000,0.000000,0.000000,0.000000,94.520548
"_Z4funcv",6,0,0,7,104547,2849280,32,0,0,0,0,0,0x0,0.000230,0.000000,0.000000,0,0.000000,0.000000,0.000000,0.000000,94.520548
"_Z4funcv",7,0,0,8,104547,2849280,32,0,0,0,0,0,0x0,0.000230,0.000000,0.000000,0,0.000000,0.000000,0.000000,0.000000,94.520548
"_Z4funcv",8,0,0,9,104547,2849280,32,0,0,0,0,0,0x0,0.000228,0.000000,0.000000,0,0.000000,0.000000,0.000000,0.000000,95.833333
"_Z4funcv",9,0,0,10,104547,2849280,32,0,0,0,0,0,0x0,0.000228,0.000000,0.000000,0,0.000000,0.000000,0.000000,0.000000,95.833333
"_Z4funcv",10,0,0,11,104547,2849280,32,0,0,0,0,0,0x0,0.000228,0.000000,0.000000,0,0.000000,0.000000,0.000000,0.000000,95.833333
