kernel-name,dispatch,gpu-id,queue-id,queue-index,tid,grd,wgr,lds,scr,vgpr,sgpr,fbar,sig,time,VALUBusy,performance,LDSInsts,LDSBankConflict,L1MemoryBusy,L1MemoryStalled,L2WriteUnitStalled,L2CacheHit
"_Z15cn_pnpoly_naivePiP15HIP_vector_typeIfLj2EEi",0,0,0,4,26427,4145152,64,0,0,2,2,0,0x0,0.003578,21.459156,2808.230421,0,0.000000,1.832329,0.199453,0.000000,99.699147
"_Z15cn_pnpoly_naivePiP15HIP_vector_typeIfLj2EEi",1,0,0,6,26427,4145152,64,0,0,2,2,0,0x0,0.003564,21.545225,2820.052890,0,0.000000,1.862489,0.216427,0.000000,99.573469
"_Z15cn_pnpoly_naivePiP15HIP_vector_typeIfLj2EEi",2,0,0,7,26427,4145152,64,0,0,2,2,0,0x0,0.003562,21.557436,2821.636745,0,0.000000,1.840975,0.199235,0.000000,99.566893
"_Z15cn_pnpoly_naivePiP15HIP_vector_typeIfLj2EEi",3,0,0,8,26427,4145152,64,0,0,2,2,0,0x0,0.003565,21.541372,2819.261630,0,0.000000,1.876450,0.204987,0.000000,99.618541
"_Z15cn_pnpoly_naivePiP15HIP_vector_typeIfLj2EEi",4,0,0,9,26427,4145152,64,0,0,2,2,0,0x0,0.003558,21.584012,2824.809797,0,0.000000,1.881957,0.205445,0.000000,99.618562
"_Z15cn_pnpoly_naivePiP15HIP_vector_typeIfLj2EEi",5,0,0,10,26427,4145152,64,0,0,2,2,0,0x0,0.003562,21.556816,2820.844595,0,0.000000,1.855275,0.201760,0.000000,99.680342
"_Z15cn_pnpoly_naivePiP15HIP_vector_typeIfLj2EEi",6,0,0,11,26427,4145152,64,0,0,2,2,0,0x0,0.003557,21.586549,2824.809797,0,0.000000,1.847946,0.200277,0.000000,99.680332
"_Z15cn_pnpoly_naivePiP15HIP_vector_typeIfLj2EEi",7,0,0,12,26427,4145152,64,0,0,2,2,0,0x0,0.003557,21.588389,2825.604175,0,0.000000,1.851117,0.200105,0.000000,99.681330
"_Z15cn_pnpoly_naivePiP15HIP_vector_typeIfLj2EEi",8,0,0,13,26427,4145152,64,0,0,2,2,0,0x0,0.003557,21.587205,2825.604175,0,0.000000,1.851442,0.200327,0.000000,99.681203
"_Z15cn_pnpoly_naivePiP15HIP_vector_typeIfLj2EEi",9,0,0,14,26427,4145152,64,0,0,2,2,0,0x0,0.003557,21.586359,2824.809797,0,0.000000,1.878081,0.205208,0.000000,99.618568
"_Z15cn_pnpoly_naivePiP15HIP_vector_typeIfLj2EEi",10,0,0,15,26427,4145152,64,0,0,2,2,0,0x0,0.003557,21.586348,2824.809797,0,0.000000,1.880315,0.205195,0.000000,99.618535
