kernel-name,dispatch,gpu-id,queue-id,queue-index,tid,grd,wgr,lds,scr,vgpr,sgpr,fbar,sig,time,VALUBusy,performance,LDSInsts,LDSBankConflict,L1MemoryBusy,L1MemoryStalled,L2WriteUnitStalled,L2CacheHit
"_Z15cn_pnpoly_naivePiP15HIP_vector_typeIfLj2EEi",0,0,0,4,24215,57600,16,0,0,2,2,0,0x0,0.000229,18.628470,2438.819214,0,0.000000,1.371066,0.169951,0.000000,97.273347
"_Z15cn_pnpoly_naivePiP15HIP_vector_typeIfLj2EEi",1,0,0,6,24215,57600,16,0,0,2,2,0,0x0,0.000236,18.105903,2376.551489,0,0.000000,1.397698,0.177579,0.000000,96.256324
"_Z15cn_pnpoly_naivePiP15HIP_vector_typeIfLj2EEi",2,0,0,7,24215,57600,16,0,0,2,2,0,0x0,0.000234,18.277407,2396.951073,0,0.000000,1.344559,0.167618,0.000000,97.273347
"_Z15cn_pnpoly_naivePiP15HIP_vector_typeIfLj2EEi",3,0,0,8,24215,57600,16,0,0,2,2,0,0x0,0.000235,18.164661,2386.707692,0,0.000000,1.373838,0.181680,0.000000,96.256324
"_Z15cn_pnpoly_naivePiP15HIP_vector_typeIfLj2EEi",4,0,0,9,24215,57600,16,0,0,2,2,0,0x0,0.000233,18.293320,2396.951073,0,0.000000,1.373857,0.182498,0.000000,96.272559
"_Z15cn_pnpoly_naivePiP15HIP_vector_typeIfLj2EEi",5,0,0,10,24215,57600,16,0,0,2,2,0,0x0,0.000236,18.102399,2376.551489,0,0.000000,1.456078,0.181521,0.000000,96.272559
"_Z15cn_pnpoly_naivePiP15HIP_vector_typeIfLj2EEi",6,0,0,11,24215,57600,16,0,0,2,2,0,0x0,0.000232,18.366631,2407.282759,0,0.000000,1.344869,0.184372,0.000000,96.256324
"_Z15cn_pnpoly_naivePiP15HIP_vector_typeIfLj2EEi",7,0,0,12,24215,57600,16,0,0,2,2,0,0x0,0.000230,18.555327,2428.215652,0,0.000000,1.408615,0.184297,0.000000,96.256324
"_Z15cn_pnpoly_naivePiP15HIP_vector_typeIfLj2EEi",8,0,0,13,24215,57600,16,0,0,2,2,0,0x0,0.000237,18.035179,2366.481356,0,0.000000,1.278408,0.160181,0.000000,97.273347
"_Z15cn_pnpoly_naivePiP15HIP_vector_typeIfLj2EEi",9,0,0,14,24215,57600,16,0,0,2,2,0,0x0,0.000234,18.259276,2396.951073,0,0.000000,1.325243,0.164577,0.000000,97.273347
"_Z15cn_pnpoly_naivePiP15HIP_vector_typeIfLj2EEi",10,0,0,15,24215,57600,16,0,0,2,2,0,0x0,0.000236,18.055636,2366.481356,0,0.000000,1.291889,0.162874,0.000000,97.273347
