kernel-name,dispatch,gpu-id,queue-id,queue-index,tid,grd,wgr,lds,scr,vgpr,sgpr,fbar,sig,time,VALUBusy,performance,LDSInsts,LDSBankConflict,L1MemoryBusy,L1MemoryStalled,L2WriteUnitStalled,L2CacheHit
"compare_and_set",0,0,0,4,112842,1048576,256,0,0,1,2,0,0x0,0.000021,25.573066,2754.150400,0,0.000000,0.989434,0.049248,0.000000,93.036750
"compare_and_set",1,0,0,6,112842,1048576,256,0,0,1,2,0,0x0,0.000025,21.004118,2203.320320,0,0.000000,0.744631,0.080898,0.000000,81.112985
"compare_and_set",2,0,0,7,112842,1048576,256,0,0,1,2,0,0x0,0.000021,25.442452,2623.000381,0,0.000000,0.984381,0.060132,0.000000,93.036750
"compare_and_set",3,0,0,8,112842,1048576,256,0,0,1,2,0,0x0,0.000023,23.019882,2394.913391,0,0.000000,0.790570,0.085304,0.000000,81.112985
"compare_and_set",4,0,0,9,112842,1048576,256,0,0,1,2,0,0x0,0.000023,23.174294,2394.913391,0,0.000000,0.802634,0.092638,0.000000,81.250000
"compare_and_set",5,0,0,10,112842,1048576,256,0,0,1,2,0,0x0,0.000023,22.977902,2394.913391,0,0.000000,0.811253,0.085818,0.000000,81.112985
"compare_and_set",6,0,0,11,112842,1048576,256,0,0,1,2,0,0x0,0.000024,22.777541,2394.913391,0,0.000000,0.953052,0.084406,0.000000,81.112985
"compare_and_set",7,0,0,12,112842,1048576,256,0,0,1,2,0,0x0,0.000024,22.714740,2394.913391,0,0.000000,0.799311,0.091463,0.000000,81.250000
"compare_and_set",8,0,0,13,112842,1048576,256,0,0,1,2,0,0x0,0.000021,25.369378,2623.000381,0,0.000000,0.981553,0.048856,0.000000,93.036750
"compare_and_set",9,0,0,14,112842,1048576,256,0,0,1,2,0,0x0,0.000021,25.046773,2623.000381,0,0.000000,0.810483,0.043119,0.000000,93.036750
"compare_and_set",10,0,0,15,112842,1048576,256,0,0,1,2,0,0x0,0.000022,24.615031,2623.000381,0,0.000000,0.793639,0.039502,0.000000,93.036750
