kernel-name,dispatch,gpu-id,queue-id,queue-index,tid,grd,wgr,lds,scr,vgpr,sgpr,fbar,sig,time,VALUBusy,performance,LDSInsts,LDSBankConflict,L1MemoryBusy,L1MemoryStalled,L2WriteUnitStalled,L2CacheHit
"compare_and_set",0,0,0,4,113860,2903040,64,0,0,1,2,0,0x0,0.000119,12.291817,1279.803661,0,0.000000,0.443188,0.039001,0.000000,86.617100
"compare_and_set",1,0,0,6,113860,2903040,64,0,0,1,2,0,0x0,0.000123,11.895794,1237.842885,0,0.000000,0.406669,0.072819,0.000000,72.981366
"compare_and_set",2,0,0,7,113860,2903040,64,0,0,1,2,0,0x0,0.000119,12.294012,1279.803661,0,0.000000,0.443267,0.039008,0.000000,86.617100
"compare_and_set",3,0,0,8,113860,2903040,64,0,0,1,2,0,0x0,0.000121,12.109333,1258.473600,0,0.000000,0.414357,0.074644,0.000000,72.981366
"compare_and_set",4,0,0,9,113860,2903040,64,0,0,1,2,0,0x0,0.000121,12.105887,1258.473600,0,0.000000,0.503347,0.111093,0.000000,72.812500
"compare_and_set",5,0,0,10,113860,2903040,64,0,0,1,2,0,0x0,0.000121,12.086192,1248.072992,0,0.000000,0.511179,0.114011,0.000000,72.812500
"compare_and_set",6,0,0,11,113860,2903040,64,0,0,1,2,0,0x0,0.000121,12.068739,1248.072992,0,0.000000,0.412324,0.078519,0.000000,72.981366
"compare_and_set",7,0,0,12,113860,2903040,64,0,0,1,2,0,0x0,0.000121,12.073472,1248.072992,0,0.000000,0.411712,0.077647,0.000000,72.981366
"compare_and_set",8,0,0,13,113860,2903040,64,0,0,1,2,0,0x0,0.000119,12.281173,1269.049008,0,0.000000,0.420238,0.046314,0.000000,86.715867
"compare_and_set",9,0,0,14,113860,2903040,64,0,0,1,2,0,0x0,0.000119,12.277758,1269.049008,0,0.000000,0.442681,0.038956,0.000000,86.617100
"compare_and_set",10,0,0,15,113860,2903040,64,0,0,1,2,0,0x0,0.000119,12.266367,1269.049008,0,0.000000,0.409510,0.036037,0.000000,86.715867
