kernel-name,dispatch,gpu-id,queue-id,queue-index,tid,grd,wgr,lds,scr,vgpr,sgpr,fbar,sig,time,VALUBusy,performance,LDSInsts,LDSBankConflict,L1MemoryBusy,L1MemoryStalled,L2WriteUnitStalled,L2CacheHit
"_Z16patchComputationiiiiiiiffffiPKiPKfPf",0,0,0,6,32909,1576960,64,0,0,12,5,0,0x0,0.000067,0.762153,98.961194,0,0.000000,0.054415,0.006976,0.000000,85.595568
"_Z16patchComputationiiiiiiiffffiPKiPKfPf",1,0,0,8,32909,1576960,64,0,0,12,5,0,0x0,0.000072,0.707101,92.088889,0,0.000000,0.175184,0.130309,0.000000,74.818402
"_Z16patchComputationiiiiiiiffffiPKiPKfPf",2,0,0,9,32909,1576960,64,0,0,12,5,0,0x0,0.000068,0.753227,98.961194,0,0.000000,0.053777,0.006895,0.000000,85.595568
"_Z16patchComputationiiiiiiiffffiPKiPKfPf",3,0,0,10,32909,1576960,64,0,0,12,5,0,0x0,0.000070,0.729968,94.720000,0,0.000000,0.178177,0.131851,0.000000,75.000000
"_Z16patchComputationiiiiiiiffffiPKiPKfPf",4,0,0,11,32909,1576960,64,0,0,12,5,0,0x0,0.000070,0.727260,94.720000,0,0.000000,0.180844,0.134690,0.000000,74.818402
"_Z16patchComputationiiiiiiiffffiPKiPKfPf",5,0,0,12,32909,1576960,64,0,0,12,5,0,0x0,0.000069,0.738595,96.092754,0,0.000000,0.186592,0.139719,0.000000,74.637681
"_Z16patchComputationiiiiiiiffffiPKiPKfPf",6,0,0,13,32909,1576960,64,0,0,12,5,0,0x0,0.000071,0.721065,93.385915,0,0.000000,0.186564,0.140803,0.000000,74.637681
"_Z16patchComputationiiiiiiiffffiPKiPKfPf",7,0,0,14,32909,1576960,64,0,0,12,5,0,0x0,0.000070,0.735340,96.092754,0,0.000000,0.212245,0.143366,0.000000,74.818402
"_Z16patchComputationiiiiiiiffffiPKiPKfPf",8,0,0,15,32909,1576960,64,0,0,12,5,0,0x0,0.000068,0.757488,98.961194,0,0.000000,0.081122,0.010400,0.000000,85.595568
"_Z16patchComputationiiiiiiiffffiPKiPKfPf",9,0,0,16,32909,1576960,64,0,0,12,5,0,0x0,0.000068,0.754642,98.961194,0,0.000000,0.080817,0.010361,0.000000,85.595568
"_Z16patchComputationiiiiiiiffffiPKiPKfPf",10,0,0,17,32909,1576960,64,0,0,12,5,0,0x0,0.000069,0.746338,97.505882,0,0.000000,0.053285,0.006831,0.000000,85.595568
