kernel-name,dispatch,gpu-id,queue-id,queue-index,tid,grd,wgr,lds,scr,vgpr,sgpr,fbar,sig,time,VALUBusy,performance,LDSInsts,LDSBankConflict,L1MemoryBusy,L1MemoryStalled,L2WriteUnitStalled,L2CacheHit
"_Z24ForwardWarpKernel_PSF2x2PKfS0_S0_iiiifPfS1_",0,0,0,10,72088,61440,256,0,0,3,2,0,0x0,0.000011,0.349511,50.048000,0,0.000000,0.473744,0.031393,0.000000,78.151261
"_Z24ForwardWarpKernel_PSF2x2PKfS0_S0_iiiifPfS1_",1,0,0,12,72088,61440,256,0,0,3,2,0,0x0,0.000015,0.260805,35.748571,0,0.000000,0.423783,0.093701,0.000000,64.137931
"_Z24ForwardWarpKernel_PSF2x2PKfS0_S0_iiiifPfS1_",2,0,0,13,72088,61440,256,0,0,3,2,0,0x0,0.000010,0.373517,50.048000,0,0.000000,0.506283,0.033549,0.000000,78.151261
"_Z24ForwardWarpKernel_PSF2x2PKfS0_S0_iiiifPfS1_",3,0,0,14,72088,61440,256,0,0,3,2,0,0x0,0.000012,0.316850,41.706667,0,0.000000,0.514850,0.113836,0.000000,64.137931
"_Z24ForwardWarpKernel_PSF2x2PKfS0_S0_iiiifPfS1_",4,0,0,15,72088,61440,256,0,0,3,2,0,0x0,0.000012,0.312548,41.706667,0,0.000000,0.507860,0.112291,0.000000,64.137931
"_Z24ForwardWarpKernel_PSF2x2PKfS0_S0_iiiifPfS1_",5,0,0,16,72088,61440,256,0,0,3,2,0,0x0,0.000013,0.305165,41.706667,0,0.000000,0.495864,0.109638,0.000000,64.137931
"_Z24ForwardWarpKernel_PSF2x2PKfS0_S0_iiiifPfS1_",6,0,0,17,72088,61440,256,0,0,3,2,0,0x0,0.000013,0.289060,38.498462,0,0.000000,0.469694,0.103852,0.000000,64.137931
"_Z24ForwardWarpKernel_PSF2x2PKfS0_S0_iiiifPfS1_",7,0,0,18,72088,61440,256,0,0,3,2,0,0x0,0.000013,0.292121,38.498462,0,0.000000,0.474668,0.104952,0.000000,64.137931
"_Z24ForwardWarpKernel_PSF2x2PKfS0_S0_iiiifPfS1_",8,0,0,19,72088,61440,256,0,0,3,2,0,0x0,0.000013,0.290403,38.498462,0,0.000000,0.471877,0.104335,0.000000,64.137931
"_Z24ForwardWarpKernel_PSF2x2PKfS0_S0_iiiifPfS1_",9,0,0,20,72088,61440,256,0,0,3,2,0,0x0,0.000011,0.346172,45.498182,0,0.000000,0.469218,0.031093,0.000000,78.151261
"_Z24ForwardWarpKernel_PSF2x2PKfS0_S0_iiiifPfS1_",10,0,0,21,72088,61440,256,0,0,3,2,0,0x0,0.000011,0.344594,45.498182,0,0.000000,0.467079,0.030951,0.000000,78.151261
