kernel-name,dispatch,gpu-id,queue-id,queue-index,tid,grd,wgr,lds,scr,vgpr,sgpr,fbar,sig,time,VALUBusy,performance,LDSInsts,LDSBankConflict,L1MemoryBusy,L1MemoryStalled,L2WriteUnitStalled,L2CacheHit
"_Z7kinklinidPKdPd",0,0,0,4,9736,4112768,16,0,0,1,1,0,0x0,0.000649,0.777929,101.769072,0,0.000000,0.027077,0.002383,0.000000,89.677419
"_Z7kinklinidPKdPd",1,0,0,6,9736,4112768,16,0,0,1,1,0,0x0,0.000653,0.773107,101.145678,0,0.000000,0.040854,0.016313,0.000000,77.008310
"_Z7kinklinidPKdPd",2,0,0,7,9736,4112768,16,0,0,1,1,0,0x0,0.000650,0.776426,101.612505,0,0.000000,0.037714,0.015806,0.000000,56.734694
"_Z7kinklinidPKdPd",3,0,0,8,9736,4112768,16,0,0,1,1,0,0x0,0.000654,0.772759,101.145678,0,0.000000,0.042390,0.017860,0.000000,56.275304
"_Z7kinklinidPKdPd",4,0,0,9,9736,4112768,16,0,0,1,1,0,0x0,0.000652,0.774021,101.300810,0,0.000000,0.065497,0.043656,0.000000,56.389452
"_Z7kinklinidPKdPd",5,0,0,10,9736,4112768,16,0,0,1,1,0,0x0,0.000654,0.772086,100.991021,0,0.000000,0.038388,0.016602,0.000000,56.275304
"_Z7kinklinidPKdPd",6,0,0,11,9736,4112768,16,0,0,1,1,0,0x0,0.000651,0.775327,101.456418,0,0.000000,0.026986,0.002375,0.000000,89.389068
"_Z7kinklinidPKdPd",7,0,0,12,9736,4112768,16,0,0,1,1,0,0x0,0.000649,0.777733,101.769072,0,0.000000,0.027070,0.002382,0.000000,89.677419
"_Z7kinklinidPKdPd",8,0,0,13,9736,4112768,16,0,0,1,1,0,0x0,0.000649,0.777711,101.769072,0,0.000000,0.027069,0.002382,0.000000,89.677419
"_Z7kinklinidPKdPd",9,0,0,14,9736,4112768,16,0,0,1,1,0,0x0,0.000649,0.777793,101.769072,0,0.000000,0.027072,0.002382,0.000000,89.677419
"_Z7kinklinidPKdPd",10,0,0,15,9736,4112768,16,0,0,1,1,0,0x0,0.000649,0.777763,101.769072,0,0.000000,0.027071,0.002382,0.000000,89.677419
