kernel-name,dispatch,gpu-id,queue-id,queue-index,tid,grd,wgr,lds,scr,vgpr,sgpr,fbar,sig,time,VALUBusy,performance,LDSInsts,LDSBankConflict,L1MemoryBusy,L1MemoryStalled,L2WriteUnitStalled,L2CacheHit
"_Z10inttofloatPfPi",0,0,0,4,70211,1170432,192,0,0,0,0,0,0x0,0.000022,1.626861,222.939429,0,0.000000,19.442626,4.000968,0.000000,99.967405
"_Z10inttofloatPfPi",1,0,0,6,70211,1170432,192,0,0,0,0,0,0x0,0.000028,1.292372,173.397333,0,0.000000,15.504511,3.380181,0.000000,99.572534
"_Z10inttofloatPfPi",2,0,0,7,70211,1170432,192,0,0,0,0,0,0x0,0.000022,1.627232,222.939429,0,0.000000,19.834999,4.156345,0.000000,99.967405
"_Z10inttofloatPfPi",3,0,0,8,70211,1170432,192,0,0,0,0,0,0x0,0.000025,1.438170,195.072000,0,0.000000,17.277543,3.616186,0.000000,99.572534
"_Z10inttofloatPfPi",4,0,0,9,70211,1170432,192,0,0,0,0,0,0x0,0.000026,1.397550,187.269120,0,0.000000,16.774265,3.537892,0.000000,99.572534
"_Z10inttofloatPfPi",5,0,0,10,70211,1170432,192,0,0,0,0,0,0x0,0.000025,1.432941,195.072000,0,0.000000,16.912594,3.549758,0.000000,99.572534
"_Z10inttofloatPfPi",6,0,0,11,70211,1170432,192,0,0,0,0,0,0x0,0.000026,1.368371,180.066462,0,0.000000,16.163654,3.371244,0.000000,99.572534
"_Z10inttofloatPfPi",7,0,0,12,70211,1170432,192,0,0,0,0,0,0x0,0.000025,1.406561,187.269120,0,0.000000,16.630159,3.483793,0.000000,99.572534
"_Z10inttofloatPfPi",8,0,0,13,70211,1170432,192,0,0,0,0,0,0x0,0.000026,1.367290,180.066462,0,0.000000,16.409278,3.505551,0.000000,99.572534
"_Z10inttofloatPfPi",9,0,0,14,70211,1170432,192,0,0,0,0,0,0x0,0.000022,1.616050,212.805818,0,0.000000,19.633667,4.046488,0.000000,99.967405
"_Z10inttofloatPfPi",10,0,0,15,70211,1170432,192,0,0,0,0,0,0x0,0.000022,1.616142,212.805818,0,0.000000,19.694870,4.083479,0.000000,99.967405
