kernel-name,dispatch,gpu-id,queue-id,queue-index,tid,grd,wgr,lds,scr,vgpr,sgpr,fbar,sig,time,VALUBusy,performance,LDSInsts,LDSBankConflict,L1MemoryBusy,L1MemoryStalled,L2WriteUnitStalled,L2CacheHit
"_Z21imperviousness_changePKhS0_jjPi",0,0,0,6,68867,253952,32,0,0,1,1,0,0x0,0.000025,1.849506,163.430400,0,0.000000,0.143600,0.013617,0.000000,84.579439
"_Z21imperviousness_changePKhS0_jjPi",1,0,0,8,68867,253952,32,0,0,1,1,0,0x0,0.000029,1.602420,140.888276,0,0.000000,0.122273,0.050411,0.000000,67.286245
"_Z21imperviousness_changePKhS0_jjPi",2,0,0,9,68867,253952,32,0,0,1,1,0,0x0,0.000025,1.851944,163.430400,0,0.000000,0.141313,0.013635,0.000000,84.579439
"_Z21imperviousness_changePKhS0_jjPi",3,0,0,10,68867,253952,32,0,0,1,1,0,0x0,0.000028,1.683874,151.324444,0,0.000000,0.128488,0.052973,0.000000,66.789668
"_Z21imperviousness_changePKhS0_jjPi",4,0,0,11,68867,253952,32,0,0,1,1,0,0x0,0.000028,1.683456,151.324444,0,0.000000,0.128456,0.052960,0.000000,66.789668
"_Z21imperviousness_changePKhS0_jjPi",5,0,0,12,68867,253952,32,0,0,1,1,0,0x0,0.000028,1.665032,145.920000,0,0.000000,0.127051,0.052381,0.000000,67.790262
"_Z21imperviousness_changePKhS0_jjPi",6,0,0,13,68867,253952,32,0,0,1,1,0,0x0,0.000028,1.661662,145.920000,0,0.000000,0.126793,0.056723,0.000000,67.286245
"_Z21imperviousness_changePKhS0_jjPi",7,0,0,14,68867,253952,32,0,0,1,1,0,0x0,0.000028,1.661255,145.920000,0,0.000000,0.126762,0.052262,0.000000,66.300366
"_Z21imperviousness_changePKhS0_jjPi",8,0,0,15,68867,253952,32,0,0,1,1,0,0x0,0.000028,1.662697,145.920000,0,0.000000,0.126872,0.052307,0.000000,67.286245
"_Z21imperviousness_changePKhS0_jjPi",9,0,0,16,68867,253952,32,0,0,1,1,0,0x0,0.000025,1.844262,163.430400,0,0.000000,0.140727,0.013579,0.000000,84.579439
"_Z21imperviousness_changePKhS0_jjPi",10,0,0,17,68867,253952,32,0,0,1,1,0,0x0,0.000025,1.839177,163.430400,0,0.000000,0.140339,0.013541,0.000000,84.579439
