kernel-name,dispatch,gpu-id,queue-id,queue-index,tid,grd,wgr,lds,scr,vgpr,sgpr,fbar,sig,time,VALUBusy,performance,LDSInsts,LDSBankConflict,L1MemoryBusy,L1MemoryStalled,L2WriteUnitStalled,L2CacheHit
"matrix_log",0,0,0,4,128271,285696,192,0,0,4,1,0,0x0,0.000011,1.206505,113.838545,0,0.000000,0.259530,0.015105,0.000000,81.434599
"matrix_log",1,0,0,6,128271,285696,192,0,0,4,1,0,0x0,0.000015,0.905650,83.481600,0,0.000000,0.270059,0.086584,0.000000,67.247387
"matrix_log",2,0,0,7,128271,285696,192,0,0,4,1,0,0x0,0.000010,1.321559,125.222400,0,0.000000,0.494856,0.159437,0.000000,80.530973
"matrix_log",3,0,0,8,128271,285696,192,0,0,4,1,0,0x0,0.000013,1.059606,104.352000,0,0.000000,0.388326,0.114568,0.000000,65.942029
"matrix_log",4,0,0,9,128271,285696,192,0,0,4,1,0,0x0,0.000014,0.974258,89.444571,0,0.000000,0.493436,0.102014,0.000000,65.818182
"matrix_log",5,0,0,10,128271,285696,192,0,0,4,1,0,0x0,0.000014,0.965522,89.444571,0,0.000000,0.332967,0.103297,0.000000,67.247387
"matrix_log",6,0,0,11,128271,285696,192,0,0,4,1,0,0x0,0.000015,0.897252,83.481600,0,0.000000,0.275724,0.081696,0.000000,67.013889
"matrix_log",7,0,0,12,128271,285696,192,0,0,4,1,0,0x0,0.000015,0.900046,83.481600,0,0.000000,0.305265,0.091170,0.000000,67.247387
"matrix_log",8,0,0,13,128271,285696,192,0,0,4,1,0,0x0,0.000014,0.984035,96.324923,0,0.000000,0.324792,0.099677,0.000000,67.247387
"matrix_log",9,0,0,14,128271,285696,192,0,0,4,1,0,0x0,0.000012,1.160238,113.838545,0,0.000000,0.355219,0.120167,0.000000,81.434599
"matrix_log",10,0,0,15,128271,285696,192,0,0,4,1,0,0x0,0.000013,1.051389,96.324923,0,0.000000,0.347023,0.110090,0.000000,81.434599
