kernel-name,dispatch,gpu-id,queue-id,queue-index,tid,grd,wgr,lds,scr,vgpr,sgpr,fbar,sig,time,VALUBusy,performance,LDSInsts,LDSBankConflict,L1MemoryBusy,L1MemoryStalled,L2WriteUnitStalled,L2CacheHit
"_Z8setValuePfif",0,0,0,2,27891,614656,256,0,0,0,0,0,0x0,0.000013,2.165196,307.328000,0,0.000000,13.240669,2.482926,0.000000,99.938297
"_Z8setValuePfif",1,0,0,4,27891,614656,256,0,0,0,0,0,0x0,0.000019,1.461838,194.101895,0,0.000000,11.656546,4.895116,0.000000,98.830469
"_Z8setValuePfif",2,0,0,5,27891,614656,256,0,0,0,0,0,0x0,0.000013,2.171043,307.328000,0,0.000000,13.516348,2.435378,0.000000,99.938297
"_Z8setValuePfif",3,0,0,6,27891,614656,256,0,0,0,0,0,0x0,0.000016,1.752384,230.496000,0,0.000000,14.094005,5.983846,0.000000,98.830469
"_Z8setValuePfif",4,0,0,7,27891,614656,256,0,0,0,0,0,0x0,0.000017,1.659494,230.496000,0,0.000000,13.521085,5.750516,0.000000,98.830469
"_Z8setValuePfif",5,0,0,8,27891,614656,256,0,0,0,0,0,0x0,0.000016,1.741134,230.496000,0,0.000000,14.308091,6.160079,0.000000,98.830469
"_Z8setValuePfif",6,0,0,9,27891,614656,256,0,0,0,0,0,0x0,0.000017,1.645302,216.937412,0,0.000000,13.522403,6.017469,0.000000,98.830469
"_Z8setValuePfif",7,0,0,10,27891,614656,256,0,0,0,0,0,0x0,0.000017,1.686096,230.496000,0,0.000000,13.714419,5.932584,0.000000,98.830469
"_Z8setValuePfif",8,0,0,11,27891,614656,256,0,0,0,0,0,0x0,0.000017,1.611958,216.937412,0,0.000000,13.195539,5.756767,0.000000,98.830469
"_Z8setValuePfif",9,0,0,12,27891,614656,256,0,0,0,0,0,0x0,0.000013,2.121824,283.687385,0,0.000000,13.146298,2.374275,0.000000,99.938297
"_Z8setValuePfif",10,0,0,13,27891,614656,256,0,0,0,0,0,0x0,0.000013,2.131973,283.687385,0,0.000000,13.067106,2.406943,0.000000,99.938297
