kernel-name,dispatch,gpu-id,queue-id,queue-index,tid,grd,wgr,lds,scr,vgpr,sgpr,fbar,sig,time,VALUBusy,performance,LDSInsts,LDSBankConflict,L1MemoryBusy,L1MemoryStalled,L2WriteUnitStalled,L2CacheHit
"_Z10device_addPiS_S_",0,0,0,6,41503,1517824,64,0,0,1,1,0,0x0,0.000065,4.991557,616.616000,0,0.000000,36.729431,4.112505,0.000000,99.217150
"_Z10device_addPiS_S_",1,0,0,8,41503,1517824,64,0,0,1,1,0,0x0,0.000069,4.706580,580.344471,0,0.000000,34.985620,4.407082,0.000000,98.718333
"_Z10device_addPiS_S_",2,0,0,9,41503,1517824,64,0,0,1,1,0,0x0,0.000065,4.993191,616.616000,0,0.000000,36.942126,4.094120,0.000000,99.216537
"_Z10device_addPiS_S_",3,0,0,10,41503,1517824,64,0,0,1,1,0,0x0,0.000067,4.857333,597.930667,0,0.000000,36.017509,4.379008,0.000000,98.708382
"_Z10device_addPiS_S_",4,0,0,11,41503,1517824,64,0,0,1,1,0,0x0,0.000067,4.857061,597.930667,0,0.000000,36.103023,4.497664,0.000000,98.687916
"_Z10device_addPiS_S_",5,0,0,12,41503,1517824,64,0,0,1,1,0,0x0,0.000067,4.853062,597.930667,0,0.000000,36.023022,4.471277,0.000000,98.759811
"_Z10device_addPiS_S_",6,0,0,13,41503,1517824,64,0,0,1,1,0,0x0,0.000067,4.839390,589.006328,0,0.000000,35.713286,4.402944,0.000000,98.790854
"_Z10device_addPiS_S_",7,0,0,14,41503,1517824,64,0,0,1,1,0,0x0,0.000067,4.830334,589.006328,0,0.000000,35.931593,4.524124,0.000000,98.728192
"_Z10device_addPiS_S_",8,0,0,15,41503,1517824,64,0,0,1,1,0,0x0,0.000065,4.990885,616.616000,0,0.000000,36.463053,4.084774,0.000000,99.217527
"_Z10device_addPiS_S_",9,0,0,16,41503,1517824,64,0,0,1,1,0,0x0,0.000065,4.984986,607.129600,0,0.000000,36.719035,4.084751,0.000000,99.217150
"_Z10device_addPiS_S_",10,0,0,17,41503,1517824,64,0,0,1,1,0,0x0,0.000065,4.986519,607.129600,0,0.000000,36.563804,4.078318,0.000000,99.217080
