kernel-name,dispatch,gpu-id,queue-id,queue-index,tid,grd,wgr,lds,scr,vgpr,sgpr,fbar,sig,time,VALUBusy,performance,LDSInsts,LDSBankConflict,L1MemoryBusy,L1MemoryStalled,L2WriteUnitStalled,L2CacheHit
"_Z15LowPassColMultiPfS_iii",0,0,0,4,74217,246016,256,6144,0,3,3,0,0x0,0.000014,14.171615,1798.354286,21638,5.083447,12.976839,2.598444,0.000000,90.038933
"_Z15LowPassColMultiPfS_iii",1,0,0,6,74217,246016,256,6144,0,3,3,0,0x0,0.000019,10.697203,1398.720000,21638,3.837079,10.211478,2.238348,0.000000,89.419087
"_Z15LowPassColMultiPfS_iii",2,0,0,7,74217,246016,256,6144,0,3,3,0,0x0,0.000014,14.384228,1798.354286,21638,5.159637,12.788830,2.607280,0.000000,90.038933
"_Z15LowPassColMultiPfS_iii",3,0,0,8,74217,246016,256,6144,0,3,3,0,0x0,0.000017,12.214489,1573.560000,21638,4.381392,11.244318,2.417614,0.000000,89.420085
"_Z15LowPassColMultiPfS_iii",4,0,0,9,74217,246016,256,6144,0,3,3,0,0x0,0.000017,12.092470,1573.560000,21638,4.337687,11.490287,2.430061,0.000000,89.470705
"_Z15LowPassColMultiPfS_iii",5,0,0,10,74217,246016,256,6144,0,3,3,0,0x0,0.000017,11.942766,1573.560000,21638,4.284028,11.067593,2.400926,0.000000,89.462264
"_Z15LowPassColMultiPfS_iii",6,0,0,11,74217,246016,256,6144,0,3,3,0,0x0,0.000017,11.613518,1480.997647,21638,4.165841,11.070194,2.395015,0.000000,89.420085
"_Z15LowPassColMultiPfS_iii",7,0,0,12,74217,246016,256,6144,0,3,3,0,0x0,0.000017,11.565762,1480.997647,21638,4.148510,10.734524,2.328563,0.000000,89.479147
"_Z15LowPassColMultiPfS_iii",8,0,0,13,74217,246016,256,6144,0,3,3,0,0x0,0.000017,11.566334,1480.997647,21638,4.148956,10.920406,2.230173,0.000000,89.411654
"_Z15LowPassColMultiPfS_iii",9,0,0,14,74217,246016,256,6144,0,3,3,0,0x0,0.000014,13.946872,1798.354286,21638,5.002757,12.766533,2.574499,0.000000,90.040824
"_Z15LowPassColMultiPfS_iii",10,0,0,15,74217,246016,256,6144,0,3,3,0,0x0,0.000014,14.452775,1936.689231,21638,5.184150,12.852949,2.711545,0.000000,90.039878
