kernel-name,dispatch,gpu-id,queue-id,queue-index,tid,grd,wgr,lds,scr,vgpr,sgpr,fbar,sig,time,VALUBusy,performance,LDSInsts,LDSBankConflict,L1MemoryBusy,L1MemoryStalled,L2WriteUnitStalled,L2CacheHit
"_Z9sub_floatiPfS_S_",0,0,0,6,79023,61440,128,0,0,1,1,0,0x0,0.000012,1.161111,143.360000,0,0.000000,2.440912,0.340592,0.000000,95.335821
"_Z9sub_floatiPfS_S_",1,0,0,8,79023,61440,128,0,0,1,1,0,0x0,0.000016,0.868156,107.520000,0,0.000000,2.456882,0.436972,0.000000,91.413238
"_Z9sub_floatiPfS_S_",2,0,0,9,79023,61440,128,0,0,1,1,0,0x0,0.000012,1.157765,143.360000,0,0.000000,2.441597,0.367912,0.000000,95.335821
"_Z9sub_floatiPfS_S_",3,0,0,10,79023,61440,128,0,0,1,1,0,0x0,0.000014,1.010056,132.332308,0,0.000000,3.125561,0.933740,0.000000,91.304348
"_Z9sub_floatiPfS_S_",4,0,0,11,79023,61440,128,0,0,1,1,0,0x0,0.000014,1.024031,132.332308,0,0.000000,3.131258,0.499499,0.000000,91.522388
"_Z9sub_floatiPfS_S_",5,0,0,12,79023,61440,128,0,0,1,1,0,0x0,0.000014,0.987925,122.880000,0,0.000000,3.061471,0.512623,0.000000,91.522388
"_Z9sub_floatiPfS_S_",6,0,0,13,79023,61440,128,0,0,1,1,0,0x0,0.000015,0.924328,114.688000,0,0.000000,2.603525,0.443678,0.000000,91.358760
"_Z9sub_floatiPfS_S_",7,0,0,14,79023,61440,128,0,0,1,1,0,0x0,0.000015,0.937188,114.688000,0,0.000000,2.909447,0.449850,0.000000,91.413238
"_Z9sub_floatiPfS_S_",8,0,0,15,79023,61440,128,0,0,1,1,0,0x0,0.000015,0.943990,122.880000,0,0.000000,3.177051,0.432138,0.000000,91.304348
"_Z9sub_floatiPfS_S_",9,0,0,16,79023,61440,128,0,0,1,1,0,0x0,0.000013,1.087640,143.360000,0,0.000000,2.357761,0.335960,0.000000,95.335821
"_Z9sub_floatiPfS_S_",10,0,0,17,79023,61440,128,0,0,1,1,0,0x0,0.000013,1.096705,143.360000,0,0.000000,2.266524,0.327793,0.000000,95.335821
