kernel-name,dispatch,gpu-id,queue-id,queue-index,tid,grd,wgr,lds,scr,vgpr,sgpr,fbar,sig,time,VALUBusy,performance,LDSInsts,LDSBankConflict,L1MemoryBusy,L1MemoryStalled,L2WriteUnitStalled,L2CacheHit
"_Z7k1_incrPff",0,0,0,2,130644,1576960,128,0,0,0,0,0,0x0,0.000037,1.315475,175.217778,0,0.000000,33.875611,4.659258,0.000000,99.984489
"_Z7k1_incrPff",1,0,0,4,130644,1576960,128,0,0,0,0,0,0x0,0.000042,1.150886,153.849756,0,0.000000,30.050071,3.825947,0.000000,99.632826
"_Z7k1_incrPff",2,0,0,5,130644,1576960,128,0,0,0,0,0,0x0,0.000036,1.319600,175.217778,0,0.000000,33.945434,4.209439,0.000000,99.984574
"_Z7k1_incrPff",3,0,0,6,130644,1576960,128,0,0,0,0,0,0x0,0.000039,1.237863,165.995789,0,0.000000,32.581506,4.339351,0.000000,99.626115
"_Z7k1_incrPff",4,0,0,7,130644,1576960,128,0,0,0,0,0,0x0,0.000040,1.217180,161.739487,0,0.000000,31.711481,3.793016,0.000000,99.637224
"_Z7k1_incrPff",5,0,0,8,130644,1576960,128,0,0,0,0,0,0x0,0.000039,1.232631,161.739487,0,0.000000,32.386982,4.071284,0.000000,99.631252
"_Z7k1_incrPff",6,0,0,9,130644,1576960,128,0,0,0,0,0,0x0,0.000040,1.197400,157.696000,0,0.000000,31.598918,4.065328,0.000000,99.637998
"_Z7k1_incrPff",7,0,0,10,130644,1576960,128,0,0,0,0,0,0x0,0.000039,1.220440,161.739487,0,0.000000,31.570564,4.109475,0.000000,99.635105
"_Z7k1_incrPff",8,0,0,11,130644,1576960,128,0,0,0,0,0,0x0,0.000037,1.284682,170.482162,0,0.000000,33.049285,3.977927,0.000000,99.984422
"_Z7k1_incrPff",9,0,0,12,130644,1576960,128,0,0,0,0,0,0x0,0.000037,1.314778,175.217778,0,0.000000,34.001537,4.195339,0.000000,99.984473
"_Z7k1_incrPff",10,0,0,13,130644,1576960,128,0,0,0,0,0,0x0,0.000037,1.311174,175.217778,0,0.000000,33.510711,4.121684,0.000000,99.984250
