kernel-name,dispatch,gpu-id,queue-id,queue-index,tid,grd,wgr,lds,scr,vgpr,sgpr,fbar,sig,time,VALUBusy,performance,LDSInsts,LDSBankConflict,L1MemoryBusy,L1MemoryStalled,L2WriteUnitStalled,L2CacheHit
"_Z19ComputeOrientationsPfPiS_iii",0,0,0,6,53397,253952,128,2688,0,11,2,0,0x0,0.000030,49.894435,6445.670400,171120,0.000000,9.024365,2.158786,0.000000,98.760044
"_Z19ComputeOrientationsPfPiS_iii",1,0,0,8,53397,253952,128,2688,0,11,2,0,0x0,0.000035,42.894429,5524.823771,171118,0.000000,7.381553,1.867467,0.000000,97.816894
"_Z19ComputeOrientationsPfPiS_iii",2,0,0,9,53397,253952,128,2688,0,11,2,0,0x0,0.000030,51.066894,6668.067310,171126,0.000000,8.664596,2.093240,0.000000,98.760167
"_Z19ComputeOrientationsPfPiS_iii",3,0,0,10,53397,253952,128,2688,0,11,2,0,0x0,0.000032,46.589096,6042.608000,171116,0.000000,8.144860,2.064534,0.000000,97.824809
"_Z19ComputeOrientationsPfPiS_iii",4,0,0,11,53397,253952,128,2688,0,11,2,0,0x0,0.000033,46.228106,6042.608000,171116,0.000000,8.038704,2.081540,0.000000,97.817538
"_Z19ComputeOrientationsPfPiS_iii",5,0,0,12,53397,253952,128,2688,0,11,2,0,0x0,0.000032,46.505665,6042.936000,171126,0.000000,8.175038,2.117013,0.000000,97.820324
"_Z19ComputeOrientationsPfPiS_iii",6,0,0,13,53397,253952,128,2688,0,11,2,0,0x0,0.000033,45.421405,5859.777939,171124,0.000000,7.823778,2.013158,0.000000,97.824596
"_Z19ComputeOrientationsPfPiS_iii",7,0,0,14,53397,253952,128,2688,0,11,2,0,0x0,0.000034,45.014379,5859.661576,171118,0.000000,7.869318,2.016580,0.000000,97.822035
"_Z19ComputeOrientationsPfPiS_iii",8,0,0,15,53397,253952,128,2688,0,11,2,0,0x0,0.000030,49.901452,6445.533867,171120,0.000000,8.520404,2.081698,0.000000,98.759182
"_Z19ComputeOrientationsPfPiS_iii",9,0,0,16,53397,253952,128,2688,0,11,2,0,0x0,0.000030,50.304212,6445.491200,171118,0.000000,8.807303,2.121934,0.000000,98.758196
"_Z19ComputeOrientationsPfPiS_iii",10,0,0,17,53397,253952,128,2688,0,11,2,0,0x0,0.000030,50.448824,6667.705379,171116,0.000000,8.684963,2.108736,0.000000,98.758812
