kernel-name,dispatch,gpu-id,queue-id,queue-index,tid,grd,wgr,lds,scr,vgpr,sgpr,fbar,sig,time,VALUBusy,performance,LDSInsts,LDSBankConflict,L1MemoryBusy,L1MemoryStalled,L2WriteUnitStalled,L2CacheHit
"_Z14gpuMeansNoTestPKfmS0_mmPfS1_",0,0,0,8,111744,1517824,16,192,0,3,2,0,0x0,0.000259,2.861492,281.331151,31,0.000000,0.044035,0.037399,0.000000,67.932489
"_Z14gpuMeansNoTestPKfmS0_mmPfS1_",1,0,0,10,111744,1517824,16,192,0,3,2,0,0x0,0.000253,2.925156,288.003036,31,0.000000,0.044768,0.037985,0.000000,70.881226
"_Z14gpuMeansNoTestPKfmS0_mmPfS1_",2,0,0,11,111744,1517824,16,192,0,3,2,0,0x0,0.000244,3.037244,298.626098,31,0.000000,0.012869,0.005826,0.000000,87.500000
"_Z14gpuMeansNoTestPKfmS0_mmPfS1_",3,0,0,12,111744,1517824,16,192,0,3,2,0,0x0,0.000249,2.982694,293.809548,31,0.000000,0.045963,0.039046,0.000000,67.932489
"_Z14gpuMeansNoTestPKfmS0_mmPfS1_",4,0,0,13,111744,1517824,16,192,0,3,2,0,0x0,0.000259,2.866646,282.421581,31,0.000000,0.044235,0.037588,0.000000,47.633136
"_Z14gpuMeansNoTestPKfmS0_mmPfS1_",5,0,0,14,111744,1517824,16,192,0,3,2,0,0x0,0.000248,2.992464,294.999061,31,0.000000,0.044662,0.037723,0.000000,85.185185
"_Z14gpuMeansNoTestPKfmS0_mmPfS1_",6,0,0,15,111744,1517824,16,192,0,3,2,0,0x0,0.000249,2.970844,292.629590,31,0.000000,0.044277,0.037388,0.000000,47.633136
"_Z14gpuMeansNoTestPKfmS0_mmPfS1_",7,0,0,16,111744,1517824,16,192,0,3,2,0,0x0,0.000248,2.984736,293.809548,31,0.000000,0.045491,0.038570,0.000000,85.185185
"_Z14gpuMeansNoTestPKfmS0_mmPfS1_",8,0,0,17,111744,1517824,16,192,0,3,2,0,0x0,0.000243,3.047476,299.855012,31,0.000000,0.012270,0.005204,0.000000,87.500000
"_Z14gpuMeansNoTestPKfmS0_mmPfS1_",9,0,0,18,111744,1517824,16,192,0,3,2,0,0x0,0.000243,3.048212,299.855012,31,0.000000,0.012402,0.005333,0.000000,87.500000
"_Z14gpuMeansNoTestPKfmS0_mmPfS1_",10,0,0,19,111744,1517824,16,192,0,3,2,0,0x0,0.000248,2.989265,294.999061,31,0.000000,0.012225,0.005293,0.000000,87.500000
