kernel-name,dispatch,gpu-id,queue-id,queue-index,tid,grd,wgr,lds,scr,vgpr,sgpr,fbar,sig,time,VALUBusy,performance,LDSInsts,LDSBankConflict,L1MemoryBusy,L1MemoryStalled,L2WriteUnitStalled,L2CacheHit
"_Z9addKernelPfPKfS1_",0,0,0,6,47540,1032256,16,0,0,0,0,0,0x0,0.000167,0.754191,98.898778,0,0.000000,34.344781,4.396554,0.000000,99.989186
"_Z9addKernelPfPKfS1_",1,0,0,8,47540,1032256,16,0,0,0,0,0,0x0,0.000173,0.730374,96.023814,0,0.000000,33.565606,4.279181,0.000000,99.725745
"_Z9addKernelPfPKfS1_",2,0,0,9,47540,1032256,16,0,0,0,0,0,0x0,0.000167,0.754205,98.898778,0,0.000000,34.511612,4.402715,0.000000,99.989186
"_Z9addKernelPfPKfS1_",3,0,0,10,47540,1032256,16,0,0,0,0,0,0x0,0.000170,0.739214,97.153506,0,0.000000,33.944174,4.338580,0.000000,99.725745
"_Z9addKernelPfPKfS1_",4,0,0,11,47540,1032256,16,0,0,0,0,0,0x0,0.000171,0.738986,97.153506,0,0.000000,33.929599,4.339993,0.000000,99.722672
"_Z9addKernelPfPKfS1_",5,0,0,12,47540,1032256,16,0,0,0,0,0,0x0,0.000171,0.737535,97.153506,0,0.000000,33.919557,4.330827,0.000000,99.724208
"_Z9addKernelPfPKfS1_",6,0,0,13,47540,1032256,16,0,0,0,0,0,0x0,0.000171,0.736969,97.153506,0,0.000000,33.874968,4.343587,0.000000,99.721135
"_Z9addKernelPfPKfS1_",7,0,0,14,47540,1032256,16,0,0,0,0,0,0x0,0.000171,0.737384,97.153506,0,0.000000,33.831780,4.328935,0.000000,99.725745
"_Z9addKernelPfPKfS1_",8,0,0,15,47540,1032256,16,0,0,0,0,0,0x0,0.000167,0.753776,98.898778,0,0.000000,34.508543,4.393577,0.000000,99.989186
"_Z9addKernelPfPKfS1_",9,0,0,16,47540,1032256,16,0,0,0,0,0,0x0,0.000167,0.753875,98.898778,0,0.000000,34.516051,4.399387,0.000000,99.989186
"_Z9addKernelPfPKfS1_",10,0,0,17,47540,1032256,16,0,0,0,0,0,0x0,0.000167,0.753596,98.898778,0,0.000000,34.558037,4.398226,0.000000,99.989186
