kernel-name,dispatch,gpu-id,queue-id,queue-index,tid,grd,wgr,lds,scr,vgpr,sgpr,fbar,sig,time,VALUBusy,performance,LDSInsts,LDSBankConflict,L1MemoryBusy,L1MemoryStalled,L2WriteUnitStalled,L2CacheHit
"_Z11sleepKernelPdl",0,0,0,2,42348,1040384,64,0,0,0,1,0,0x0,0.000046,6.522327,361.872696,0,0.000000,25.878473,3.932182,0.000000,99.963361
"_Z11sleepKernelPdl",1,0,0,4,42348,1040384,64,0,0,0,1,0,0x0,0.000052,5.838092,326.394980,0,0.000000,23.790284,4.719104,0.000000,99.302396
"_Z11sleepKernelPdl",2,0,0,5,42348,1040384,64,0,0,0,1,0,0x0,0.000046,6.531507,361.872696,0,0.000000,25.990689,3.952604,0.000000,99.963361
"_Z11sleepKernelPdl",3,0,0,6,42348,1040384,64,0,0,0,1,0,0x0,0.000050,6.078468,339.717224,0,0.000000,24.985515,5.065180,0.000000,99.302396
"_Z11sleepKernelPdl",4,0,0,7,42348,1040384,64,0,0,0,1,0,0x0,0.000050,6.081379,339.717224,0,0.000000,24.811296,4.866930,0.000000,99.302396
"_Z11sleepKernelPdl",5,0,0,8,42348,1040384,64,0,0,0,1,0,0x0,0.000050,6.019333,332.922880,0,0.000000,24.709698,5.008107,0.000000,99.302396
"_Z11sleepKernelPdl",6,0,0,9,42348,1040384,64,0,0,0,1,0,0x0,0.000050,6.016931,332.922880,0,0.000000,24.590123,4.921017,0.000000,99.302396
"_Z11sleepKernelPdl",7,0,0,10,42348,1040384,64,0,0,0,1,0,0x0,0.000050,6.026248,332.922880,0,0.000000,24.608843,4.982019,0.000000,99.302396
"_Z11sleepKernelPdl",8,0,0,11,42348,1040384,64,0,0,0,1,0,0x0,0.000050,6.011610,332.922880,0,0.000000,24.598582,4.884900,0.000000,99.302396
"_Z11sleepKernelPdl",9,0,0,12,42348,1040384,64,0,0,0,1,0,0x0,0.000046,6.507113,361.872696,0,0.000000,25.854514,3.930425,0.000000,99.963361
"_Z11sleepKernelPdl",10,0,0,13,42348,1040384,64,0,0,0,1,0,0x0,0.000046,6.508166,361.872696,0,0.000000,25.857349,3.931061,0.000000,99.963361
