kernel-name,dispatch,gpu-id,queue-id,queue-index,tid,grd,wgr,lds,scr,vgpr,sgpr,fbar,sig,time,VALUBusy,performance,LDSInsts,LDSBankConflict,L1MemoryBusy,L1MemoryStalled,L2WriteUnitStalled,L2CacheHit
"_Z14sigmoid_kernelPfi",0,0,0,2,75329,61440,32,0,0,2,1,0,0x0,0.000011,0.418012,47.755636,0,0.000000,0.866127,0.218926,0.000000,83.980583
"_Z14sigmoid_kernelPfi",1,0,0,4,75329,61440,32,0,0,2,1,0,0x0,0.000015,0.325388,37.522286,0,0.000000,0.691249,0.170416,0.000000,61.371841
"_Z14sigmoid_kernelPfi",2,0,0,5,75329,61440,32,0,0,2,1,0,0x0,0.000011,0.447160,52.531200,0,0.000000,0.932377,0.128806,0.000000,83.823529
"_Z14sigmoid_kernelPfi",3,0,0,6,75329,61440,32,0,0,2,1,0,0x0,0.000013,0.376269,43.776000,0,0.000000,0.774707,0.197064,0.000000,61.371841
"_Z14sigmoid_kernelPfi",4,0,0,7,75329,61440,32,0,0,2,1,0,0x0,0.000013,0.364489,40.408615,0,0.000000,0.730171,0.190894,0.000000,61.371841
"_Z14sigmoid_kernelPfi",5,0,0,8,75329,61440,32,0,0,2,1,0,0x0,0.000013,0.356742,40.408615,0,0.000000,0.733336,0.186837,0.000000,61.371841
"_Z14sigmoid_kernelPfi",6,0,0,9,75329,61440,32,0,0,2,1,0,0x0,0.000013,0.355200,40.408615,0,0.000000,0.702260,0.186029,0.000000,61.371841
"_Z14sigmoid_kernelPfi",7,0,0,10,75329,61440,32,0,0,2,1,0,0x0,0.000014,0.331935,37.522286,0,0.000000,0.699726,0.173845,0.000000,61.371841
"_Z14sigmoid_kernelPfi",8,0,0,11,75329,61440,32,0,0,2,1,0,0x0,0.000015,0.317436,35.020800,0,0.000000,0.625520,0.166251,0.000000,61.231884
"_Z14sigmoid_kernelPfi",9,0,0,12,75329,61440,32,0,0,2,1,0,0x0,0.000014,0.352918,40.408615,0,0.000000,0.696594,0.101659,0.000000,83.663366
"_Z14sigmoid_kernelPfi",10,0,0,13,75329,61440,32,0,0,2,1,0,0x0,0.000013,0.379070,43.776000,0,0.000000,0.805291,0.109192,0.000000,83.663366
