kernel-name,dispatch,gpu-id,queue-id,queue-index,tid,grd,wgr,lds,scr,vgpr,sgpr,fbar,sig,time,VALUBusy,performance,LDSInsts,LDSBankConflict,L1MemoryBusy,L1MemoryStalled,L2WriteUnitStalled,L2CacheHit
"_Z9expkerneliPKdPd",0,0,0,4,1046,246016,16,0,0,2,1,0,0x0,0.000044,0.780236,94.586047,0,0.000000,0.133759,0.011771,0.000000,85.877863
"_Z9expkerneliPKdPd",1,0,0,6,1046,246016,16,0,0,2,1,0,0x0,0.000048,0.714559,86.536170,0,0.000000,0.146019,0.034300,0.000000,72.115385
"_Z9expkerneliPKdPd",2,0,0,7,1046,246016,16,0,0,2,1,0,0x0,0.000044,0.779991,94.586047,0,0.000000,0.133717,0.011767,0.000000,85.877863
"_Z9expkerneliPKdPd",3,0,0,8,1046,246016,16,0,0,2,1,0,0x0,0.000046,0.745660,90.382222,0,0.000000,0.147602,0.035793,0.000000,72.115385
"_Z9expkerneliPKdPd",4,0,0,9,1046,246016,16,0,0,2,1,0,0x0,0.000046,0.747924,90.382222,0,0.000000,0.152153,0.035901,0.000000,71.656051
"_Z9expkerneliPKdPd",5,0,0,10,1046,246016,16,0,0,2,1,0,0x0,0.000046,0.746535,90.382222,0,0.000000,0.152553,0.035835,0.000000,71.884984
"_Z9expkerneliPKdPd",6,0,0,11,1046,246016,16,0,0,2,1,0,0x0,0.000046,0.743895,90.382222,0,0.000000,0.154735,0.038429,0.000000,72.115385
"_Z9expkerneliPKdPd",7,0,0,12,1046,246016,16,0,0,2,1,0,0x0,0.000046,0.743743,90.382222,0,0.000000,0.148243,0.035701,0.000000,71.656051
"_Z9expkerneliPKdPd",8,0,0,13,1046,246016,16,0,0,2,1,0,0x0,0.000046,0.743925,90.382222,0,0.000000,0.151680,0.035709,0.000000,71.884984
"_Z9expkerneliPKdPd",9,0,0,14,1046,246016,16,0,0,2,1,0,0x0,0.000044,0.778248,94.586047,0,0.000000,0.133418,0.011741,0.000000,85.877863
"_Z9expkerneliPKdPd",10,0,0,15,1046,246016,16,0,0,2,1,0,0x0,0.000044,0.778403,94.586047,0,0.000000,0.133444,0.011743,0.000000,85.877863
