kernel-name,dispatch,gpu-id,queue-id,queue-index,tid,grd,wgr,lds,scr,vgpr,sgpr,fbar,sig,time,VALUBusy,performance,LDSInsts,LDSBankConflict,L1MemoryBusy,L1MemoryStalled,L2WriteUnitStalled,L2CacheHit
"slice_sparse_dense_nnz",0,0,0,8,83467,1040384,32,0,0,1,2,0,0x0,0.000087,1.099932,145.169860,0,0.000000,0.000000,0.000000,0.000000,86.250000
"slice_sparse_dense_nnz",1,0,0,10,83467,1040384,32,0,0,1,2,0,0x0,0.000091,1.052123,138.717867,0,0.000000,0.000000,0.000000,0.000000,69.463087
"slice_sparse_dense_nnz",2,0,0,11,83467,1040384,32,0,0,1,2,0,0x0,0.000087,1.099988,145.169860,0,0.000000,0.000000,0.000000,0.000000,86.250000
"slice_sparse_dense_nnz",3,0,0,12,83467,1040384,32,0,0,1,2,0,0x0,0.000088,1.076940,141.870545,0,0.000000,0.000000,0.000000,0.000000,69.932432
"slice_sparse_dense_nnz",4,0,0,13,83467,1040384,32,0,0,1,2,0,0x0,0.000088,1.076765,141.870545,0,0.000000,0.000000,0.000000,0.000000,69.932432
"slice_sparse_dense_nnz",5,0,0,14,83467,1040384,32,0,0,1,2,0,0x0,0.000089,1.073126,141.870545,0,0.000000,0.000000,0.000000,0.000000,69.932432
"slice_sparse_dense_nnz",6,0,0,15,83467,1040384,32,0,0,1,2,0,0x0,0.000089,1.073519,141.870545,0,0.000000,0.000000,0.000000,0.000000,70.169492
"slice_sparse_dense_nnz",7,0,0,16,83467,1040384,32,0,0,1,2,0,0x0,0.000089,1.074405,141.870545,0,0.000000,0.000000,0.000000,0.000000,69.932432
"slice_sparse_dense_nnz",8,0,0,17,83467,1040384,32,0,0,1,2,0,0x0,0.000087,1.099186,145.169860,0,0.000000,0.000000,0.000000,0.000000,86.250000
"slice_sparse_dense_nnz",9,0,0,18,83467,1040384,32,0,0,1,2,0,0x0,0.000087,1.099472,145.169860,0,0.000000,0.000000,0.000000,0.000000,86.250000
"slice_sparse_dense_nnz",10,0,0,19,83467,1040384,32,0,0,1,2,0,0x0,0.000087,1.097896,145.169860,0,0.000000,0.000000,0.000000,0.000000,86.250000
