kernel-name,dispatch,gpu-id,queue-id,queue-index,tid,grd,wgr,lds,scr,vgpr,sgpr,fbar,sig,time,VALUBusy,performance,LDSInsts,LDSBankConflict,L1MemoryBusy,L1MemoryStalled,L2WriteUnitStalled,L2CacheHit
"_Z8setValuePfif",0,0,0,2,12832,246016,16,0,0,0,0,0,0x0,0.000044,1.027280,137.311256,0,0.000000,17.595245,3.985476,0.000000,99.961280
"_Z8setValuePfif",1,0,0,4,12832,246016,16,0,0,0,0,0,0x0,0.000049,0.926057,123.008000,0,0.000000,16.584864,4.680714,0.000000,99.263057
"_Z8setValuePfif",2,0,0,5,12832,246016,16,0,0,0,0,0,0x0,0.000044,1.026622,137.311256,0,0.000000,17.606401,3.985770,0.000000,99.961280
"_Z8setValuePfif",3,0,0,6,12832,246016,16,0,0,0,0,0,0x0,0.000046,0.979959,131.208533,0,0.000000,17.591674,4.996329,0.000000,99.263057
"_Z8setValuePfif",4,0,0,7,12832,246016,16,0,0,0,0,0,0x0,0.000047,0.968542,128.356174,0,0.000000,17.438454,5.069474,0.000000,99.263057
"_Z8setValuePfif",5,0,0,8,12832,246016,16,0,0,0,0,0,0x0,0.000046,0.979972,131.208533,0,0.000000,17.631003,5.041266,0.000000,99.263057
"_Z8setValuePfif",6,0,0,9,12832,246016,16,0,0,0,0,0,0x0,0.000047,0.955395,125.625191,0,0.000000,17.165297,5.030156,0.000000,99.263057
"_Z8setValuePfif",7,0,0,10,12832,246016,16,0,0,0,0,0,0x0,0.000046,0.977606,128.356174,0,0.000000,17.702710,5.286127,0.000000,99.263057
"_Z8setValuePfif",8,0,0,11,12832,246016,16,0,0,0,0,0,0x0,0.000045,1.003998,134.190545,0,0.000000,17.183234,3.889229,0.000000,99.961280
"_Z8setValuePfif",9,0,0,12,12832,246016,16,0,0,0,0,0,0x0,0.000044,1.024287,137.311256,0,0.000000,17.538300,3.974576,0.000000,99.961280
"_Z8setValuePfif",10,0,0,13,12832,246016,16,0,0,0,0,0,0x0,0.000044,1.024054,137.311256,0,0.000000,17.533247,3.971186,0.000000,99.961280
