kernel-name,dispatch,gpu-id,queue-id,queue-index,tid,grd,wgr,lds,scr,vgpr,sgpr,fbar,sig,time,VALUBusy,performance,LDSInsts,LDSBankConflict,L1MemoryBusy,L1MemoryStalled,L2WriteUnitStalled,L2CacheHit
"_Z22Mask_Difference_KernelPiS_S_",0,0,0,6,5690,285696,192,0,0,1,1,0,0x0,0.000011,5.808628,727.226182,0,0.000000,19.421774,2.648235,0.000000,98.219971
"_Z22Mask_Difference_KernelPiS_S_",1,0,0,8,5690,285696,192,0,0,1,1,0,0x0,0.000016,4.180986,533.299200,0,0.000000,12.108376,1.822251,0.000000,97.103467
"_Z22Mask_Difference_KernelPiS_S_",2,0,0,9,5690,285696,192,0,0,1,1,0,0x0,0.000011,6.038612,799.948800,0,0.000000,16.544500,2.581381,0.000000,98.221515
"_Z22Mask_Difference_KernelPiS_S_",3,0,0,10,5690,285696,192,0,0,1,1,0,0x0,0.000014,4.830778,615.345231,0,0.000000,13.236448,2.210500,0.000000,97.343814
"_Z22Mask_Difference_KernelPiS_S_",4,0,0,11,5690,285696,192,0,0,1,1,0,0x0,0.000013,4.975036,615.345231,0,0.000000,16.129339,2.047076,0.000000,97.206784
"_Z22Mask_Difference_KernelPiS_S_",5,0,0,12,5690,285696,192,0,0,1,1,0,0x0,0.000014,4.823874,615.345231,0,0.000000,14.551155,2.140486,0.000000,97.209964
"_Z22Mask_Difference_KernelPiS_S_",6,0,0,13,5690,285696,192,0,0,1,1,0,0x0,0.000015,4.327639,533.299200,0,0.000000,11.787517,1.803441,0.000000,97.399431
"_Z22Mask_Difference_KernelPiS_S_",7,0,0,14,5690,285696,192,0,0,1,1,0,0x0,0.000014,4.677232,615.345231,0,0.000000,14.280924,1.799365,0.000000,97.212445
"_Z22Mask_Difference_KernelPiS_S_",8,0,0,15,5690,285696,192,0,0,1,1,0,0x0,0.000015,4.406005,571.392000,0,0.000000,12.329445,1.528679,0.000000,97.334421
"_Z22Mask_Difference_KernelPiS_S_",9,0,0,16,5690,285696,192,0,0,1,1,0,0x0,0.000012,5.273969,666.624000,0,0.000000,12.852858,1.929378,0.000000,98.276345
"_Z22Mask_Difference_KernelPiS_S_",10,0,0,17,5690,285696,192,0,0,1,1,0,0x0,0.000012,5.253842,666.624000,0,0.000000,14.545044,2.004871,0.000000,98.321965
