kernel-name,dispatch,gpu-id,queue-id,queue-index,tid,grd,wgr,lds,scr,vgpr,sgpr,fbar,sig,time,VALUBusy,performance,LDSInsts,LDSBankConflict,L1MemoryBusy,L1MemoryStalled,L2WriteUnitStalled,L2CacheHit
"_Z5scalefiiPfi",0,0,0,2,38405,246016,64,0,0,4,2,0,0x0,0.000031,0.312557,40.473600,0,0.000000,0.348004,0.096386,0.000000,74.239351
"_Z5scalefiiPfi",1,0,0,4,38405,246016,64,0,0,4,2,0,0x0,0.000024,0.393660,50.592000,0,0.000000,0.418498,0.138009,0.000000,75.918367
"_Z5scalefiiPfi",2,0,0,5,38405,246016,64,0,0,4,2,0,0x0,0.000017,0.555688,71.424000,0,0.000000,0.526715,0.039684,0.000000,90.171990
"_Z5scalefiiPfi",3,0,0,6,38405,246016,64,0,0,4,2,0,0x0,0.000020,0.486440,63.905684,0,0.000000,0.517132,0.169746,0.000000,75.869121
"_Z5scalefiiPfi",4,0,0,7,38405,246016,64,0,0,4,2,0,0x0,0.000018,0.523488,67.456000,0,0.000000,0.667822,0.177576,0.000000,76.073620
"_Z5scalefiiPfi",5,0,0,8,38405,246016,64,0,0,4,2,0,0x0,0.000019,0.501616,63.905684,0,0.000000,0.533266,0.158759,0.000000,75.720165
"_Z5scalefiiPfi",6,0,0,9,38405,246016,64,0,0,4,2,0,0x0,0.000018,0.547200,71.424000,0,0.000000,0.584390,0.174074,0.000000,75.883576
"_Z5scalefiiPfi",7,0,0,10,38405,246016,64,0,0,4,2,0,0x0,0.000018,0.546656,71.424000,0,0.000000,0.584697,0.171239,0.000000,75.876289
"_Z5scalefiiPfi",8,0,0,11,38405,246016,64,0,0,4,2,0,0x0,0.000017,0.550800,71.424000,0,0.000000,0.702664,0.195780,0.000000,76.190476
"_Z5scalefiiPfi",9,0,0,12,38405,246016,64,0,0,4,2,0,0x0,0.000016,0.614454,80.947200,0,0.000000,0.653223,0.054851,0.000000,90.171990
"_Z5scalefiiPfi",10,0,0,13,38405,246016,64,0,0,4,2,0,0x0,0.000016,0.617756,80.947200,0,0.000000,0.656734,0.055146,0.000000,90.291262
