kernel-name,dispatch,gpu-id,queue-id,queue-index,tid,grd,wgr,lds,scr,vgpr,sgpr,fbar,sig,time,VALUBusy,performance,LDSInsts,LDSBankConflict,L1MemoryBusy,L1MemoryStalled,L2WriteUnitStalled,L2CacheHit
"_Z13CuKnlSetFieldddPdS_",0,0,0,4,72507,2822400,16,0,0,1,1,0,0x0,0.000448,3.848759,454.614765,0,0.000000,44.835332,4.480723,0.000000,99.746484
"_Z13CuKnlSetFieldddPdS_",1,0,0,6,72507,2822400,16,0,0,1,1,0,0x0,0.000452,3.807512,449.585841,0,0.000000,44.910643,4.439161,0.000000,99.685958
"_Z13CuKnlSetFieldddPdS_",2,0,0,7,72507,2822400,16,0,0,1,1,0,0x0,0.000448,3.848995,454.614765,0,0.000000,45.134696,4.491332,0.000000,99.746474
"_Z13CuKnlSetFieldddPdS_",3,0,0,8,72507,2822400,16,0,0,1,1,0,0x0,0.000450,3.826860,451.584000,0,0.000000,45.025603,4.523123,0.000000,99.690184
"_Z13CuKnlSetFieldddPdS_",4,0,0,9,72507,2822400,16,0,0,1,1,0,0x0,0.000452,3.813976,450.582705,0,0.000000,45.546417,4.699684,0.000000,99.507630
"_Z13CuKnlSetFieldddPdS_",5,0,0,10,72507,2822400,16,0,0,1,1,0,0x0,0.000449,3.837960,453.600000,0,0.000000,45.540204,4.469822,0.000000,99.746065
"_Z13CuKnlSetFieldddPdS_",6,0,0,11,72507,2822400,16,0,0,1,1,0,0x0,0.000451,3.818827,450.582705,0,0.000000,45.636111,4.454710,0.000000,99.693855
"_Z13CuKnlSetFieldddPdS_",7,0,0,12,72507,2822400,16,0,0,1,1,0,0x0,0.000448,3.848377,454.614765,0,0.000000,45.068527,4.476753,0.000000,99.746788
"_Z13CuKnlSetFieldddPdS_",8,0,0,13,72507,2822400,16,0,0,1,1,0,0x0,0.000448,3.848420,454.614765,0,0.000000,45.143835,4.467414,0.000000,99.746830
"_Z13CuKnlSetFieldddPdS_",9,0,0,14,72507,2822400,16,0,0,1,1,0,0x0,0.000448,3.846991,454.614765,0,0.000000,45.023686,4.469593,0.000000,99.746704
"_Z13CuKnlSetFieldddPdS_",10,0,0,15,72507,2822400,16,0,0,1,1,0,0x0,0.000448,3.845542,454.614765,0,0.000000,44.709162,4.462050,0.000000,99.746684
