kernel-name,dispatch,gpu-id,queue-id,queue-index,tid,grd,wgr,lds,scr,vgpr,sgpr,fbar,sig,time,VALUBusy,performance,LDSInsts,LDSBankConflict,L1MemoryBusy,L1MemoryStalled,L2WriteUnitStalled,L2CacheHit
"_Z15kDivByColVectorPfS_S_jj",0,0,0,6,101386,752640,192,0,0,2,1,0,0x0,0.000017,6.676013,624.564706,0,0.000000,0.219180,0.017137,0.000000,84.980237
"_Z15kDivByColVectorPfS_S_jj",1,0,0,8,101386,752640,192,0,0,2,1,0,0x0,0.000024,4.912368,461.634783,0,0.000000,0.268132,0.062387,0.000000,69.767442
"_Z15kDivByColVectorPfS_S_jj",2,0,0,9,101386,752640,192,0,0,2,1,0,0x0,0.000018,6.266138,589.866667,0,0.000000,0.209109,0.074501,0.000000,84.980237
"_Z15kDivByColVectorPfS_S_jj",3,0,0,10,101386,752640,192,0,0,2,1,0,0x0,0.000021,5.411765,505.600000,0,0.000000,0.217887,0.062880,0.000000,70.261438
"_Z15kDivByColVectorPfS_S_jj",4,0,0,11,101386,752640,192,0,0,2,1,0,0x0,0.000021,5.388912,505.600000,0,0.000000,0.204590,0.062615,0.000000,70.431894
"_Z15kDivByColVectorPfS_S_jj",5,0,0,12,101386,752640,192,0,0,2,1,0,0x0,0.000023,5.116382,482.618182,0,0.000000,0.202538,0.061522,0.000000,69.666667
"_Z15kDivByColVectorPfS_S_jj",6,0,0,13,101386,752640,192,0,0,2,1,0,0x0,0.000022,5.173602,482.618182,0,0.000000,0.214589,0.065705,0.000000,70.431894
"_Z15kDivByColVectorPfS_S_jj",7,0,0,14,101386,752640,192,0,0,2,1,0,0x0,0.000022,5.278234,505.600000,0,0.000000,0.177568,0.061329,0.000000,70.723684
"_Z15kDivByColVectorPfS_S_jj",8,0,0,15,101386,752640,192,0,0,2,1,0,0x0,0.000021,5.504166,505.600000,0,0.000000,0.193349,0.069903,0.000000,70.431894
"_Z15kDivByColVectorPfS_S_jj",9,0,0,16,101386,752640,192,0,0,2,1,0,0x0,0.000018,6.597228,624.564706,0,0.000000,0.467948,0.088242,0.000000,84.677419
"_Z15kDivByColVectorPfS_S_jj",10,0,0,17,101386,752640,192,0,0,2,1,0,0x0,0.000020,5.925421,558.821053,0,0.000000,0.224158,0.067247,0.000000,84.800000
