kernel-name,dispatch,gpu-id,queue-id,queue-index,tid,grd,wgr,lds,scr,vgpr,sgpr,fbar,sig,time,VALUBusy,performance,LDSInsts,LDSBankConflict,L1MemoryBusy,L1MemoryStalled,L2WriteUnitStalled,L2CacheHit
"_Z12square_arrayPfi",0,0,0,2,91998,57600,64,0,0,0,1,0,0x0,0.000012,0.645991,76.800000,0,0.000000,2.060790,0.367497,0.000000,96.095830
"_Z12square_arrayPfi",1,0,0,4,91998,57600,64,0,0,0,1,0,0x0,0.000016,0.483728,57.600000,0,0.000000,1.571816,0.364050,0.000000,91.143594
"_Z12square_arrayPfi",2,0,0,5,91998,57600,64,0,0,0,1,0,0x0,0.000012,0.678947,83.781818,0,0.000000,2.548147,0.280296,0.000000,96.150481
"_Z12square_arrayPfi",3,0,0,6,91998,57600,64,0,0,0,1,0,0x0,0.000014,0.572759,70.892308,0,0.000000,1.930126,0.436711,0.000000,91.143594
"_Z12square_arrayPfi",4,0,0,7,91998,57600,64,0,0,0,1,0,0x0,0.000014,0.581389,70.892308,0,0.000000,1.789242,0.443291,0.000000,90.987124
"_Z12square_arrayPfi",5,0,0,8,91998,57600,64,0,0,0,1,0,0x0,0.000014,0.557790,65.828571,0,0.000000,1.851036,0.423094,0.000000,91.143594
"_Z12square_arrayPfi",6,0,0,9,91998,57600,64,0,0,0,1,0,0x0,0.000015,0.517194,61.440000,0,0.000000,1.539577,0.391279,0.000000,90.987124
"_Z12square_arrayPfi",7,0,0,10,91998,57600,64,0,0,0,1,0,0x0,0.000015,0.528004,65.828571,0,0.000000,1.675010,0.400501,0.000000,91.143594
"_Z12square_arrayPfi",8,0,0,11,91998,57600,64,0,0,0,1,0,0x0,0.000015,0.521950,61.440000,0,0.000000,1.584667,0.393847,0.000000,91.222031
"_Z12square_arrayPfi",9,0,0,12,91998,57600,64,0,0,0,1,0,0x0,0.000013,0.615636,76.800000,0,0.000000,2.299591,0.239566,0.000000,96.099291
"_Z12square_arrayPfi",10,0,0,13,91998,57600,64,0,0,0,1,0,0x0,0.000013,0.621684,76.800000,0,0.000000,2.212889,0.205079,0.000000,96.078431
