kernel-name,dispatch,gpu-id,queue-id,queue-index,tid,grd,wgr,lds,scr,vgpr,sgpr,fbar,sig,time,VALUBusy,performance,LDSInsts,LDSBankConflict,L1MemoryBusy,L1MemoryStalled,L2WriteUnitStalled,L2CacheHit
"_Z12square_arrayPfi",0,0,0,2,102252,2822400,16,0,0,0,1,0,0x0,0.000447,3.465247,404.102013,0,0.000000,32.573639,4.498972,0.000000,99.962033
"_Z12square_arrayPfi",1,0,0,4,102252,2822400,16,0,0,0,1,0,0x0,0.000452,3.433448,400.517960,0,0.000000,32.396317,4.466476,0.000000,99.943344
"_Z12square_arrayPfi",2,0,0,5,102252,2822400,16,0,0,0,1,0,0x0,0.000447,3.465228,404.102013,0,0.000000,32.750935,4.501217,0.000000,99.962034
"_Z12square_arrayPfi",3,0,0,6,102252,2822400,16,0,0,0,1,0,0x0,0.000449,3.450915,402.302004,0,0.000000,32.498390,4.489094,0.000000,99.942495
"_Z12square_arrayPfi",4,0,0,7,102252,2822400,16,0,0,0,1,0,0x0,0.000449,3.450056,402.302004,0,0.000000,32.601389,4.484430,0.000000,99.942212
"_Z12square_arrayPfi",5,0,0,8,102252,2822400,16,0,0,0,1,0,0x0,0.000452,3.429228,399.631858,0,0.000000,32.244044,4.756787,0.000000,99.852256
"_Z12square_arrayPfi",6,0,0,9,102252,2822400,16,0,0,0,1,0,0x0,0.000449,3.449246,402.302004,0,0.000000,32.573115,4.477189,0.000000,99.961750
"_Z12square_arrayPfi",7,0,0,10,102252,2822400,16,0,0,0,1,0,0x0,0.000447,3.464575,404.102013,0,0.000000,32.711101,4.497575,0.000000,99.962032
"_Z12square_arrayPfi",8,0,0,11,102252,2822400,16,0,0,0,1,0,0x0,0.000448,3.464454,404.102013,0,0.000000,32.716907,4.498081,0.000000,99.962033
"_Z12square_arrayPfi",9,0,0,12,102252,2822400,16,0,0,0,1,0,0x0,0.000447,3.464652,404.102013,0,0.000000,32.760611,4.500573,0.000000,99.962034
"_Z12square_arrayPfi",10,0,0,13,102252,2822400,16,0,0,0,1,0,0x0,0.000447,3.464575,404.102013,0,0.000000,32.676080,4.496667,0.000000,99.962032
