kernel-name,dispatch,gpu-id,queue-id,queue-index,tid,grd,wgr,lds,scr,vgpr,sgpr,fbar,sig,time,VALUBusy,performance,LDSInsts,LDSBankConflict,L1MemoryBusy,L1MemoryStalled,L2WriteUnitStalled,L2CacheHit
"_Z9MatrixMulPfS_S_i",0,0,0,6,80722,1040384,256,0,0,3,2,0,0x0,0.000020,22.231947,2628.338526,0,0.000000,37.430447,3.384651,0.000000,99.749152
"_Z9MatrixMulPfS_S_i",1,0,0,8,80722,1040384,256,0,0,3,2,0,0x0,0.000024,18.405321,2080.768000,0,0.000000,32.796123,2.804016,0.000000,99.594938
"_Z9MatrixMulPfS_S_i",2,0,0,9,80722,1040384,256,0,0,3,2,0,0x0,0.000019,23.263117,2628.338526,0,0.000000,38.361082,3.541639,0.000000,99.749023
"_Z9MatrixMulPfS_S_i",3,0,0,10,80722,1040384,256,0,0,3,2,0,0x0,0.000022,20.186194,2269.928727,0,0.000000,35.201663,3.078877,0.000000,99.597205
"_Z9MatrixMulPfS_S_i",4,0,0,11,80722,1040384,256,0,0,3,2,0,0x0,0.000022,20.224080,2378.020571,0,0.000000,35.577689,3.196269,0.000000,99.595540
"_Z9MatrixMulPfS_S_i",5,0,0,12,80722,1040384,256,0,0,3,2,0,0x0,0.000022,19.779181,2269.928727,0,0.000000,34.743583,3.032789,0.000000,99.601473
"_Z9MatrixMulPfS_S_i",6,0,0,13,80722,1040384,256,0,0,3,2,0,0x0,0.000022,19.757202,2269.928727,0,0.000000,35.046671,3.015529,0.000000,99.604009
"_Z9MatrixMulPfS_S_i",7,0,0,14,80722,1040384,256,0,0,3,2,0,0x0,0.000022,19.775881,2269.928727,0,0.000000,35.093707,2.991964,0.000000,99.600582
"_Z9MatrixMulPfS_S_i",8,0,0,15,80722,1040384,256,0,0,3,2,0,0x0,0.000019,22.928622,2628.338526,0,0.000000,37.796602,3.393191,0.000000,99.749074
"_Z9MatrixMulPfS_S_i",9,0,0,16,80722,1040384,256,0,0,3,2,0,0x0,0.000019,22.906467,2628.338526,0,0.000000,37.783432,3.426952,0.000000,99.749089
"_Z9MatrixMulPfS_S_i",10,0,0,17,80722,1040384,256,0,0,3,2,0,0x0,0.000019,23.015436,2628.338526,0,0.000000,37.644413,3.578363,0.000000,99.749019
