kernel-name,dispatch,gpu-id,queue-id,queue-index,tid,grd,wgr,lds,scr,vgpr,sgpr,fbar,sig,time,VALUBusy,performance,LDSInsts,LDSBankConflict,L1MemoryBusy,L1MemoryStalled,L2WriteUnitStalled,L2CacheHit
"_Z10degreeCalcPiS_S_ii",0,0,0,6,57894,2903040,64,0,0,1,1,0,0x0,0.000270,2.786702,322.560000,0,0.000000,95.399789,90.648201,0.000000,99.991776
"_Z10degreeCalcPiS_S_ii",1,0,0,8,57894,2903040,64,0,0,1,1,0,0x0,0.000275,2.737487,316.695273,0,0.000000,94.289645,89.345525,0.000000,99.989266
"_Z10degreeCalcPiS_S_ii",2,0,0,9,57894,2903040,64,0,0,1,1,0,0x0,0.000270,2.792010,323.759108,0,0.000000,95.231483,89.961568,0.000000,99.991773
"_Z10degreeCalcPiS_S_ii",3,0,0,10,57894,2903040,64,0,0,1,1,0,0x0,0.000274,2.745791,317.851095,0,0.000000,95.253163,90.987288,0.000000,99.989267
"_Z10degreeCalcPiS_S_ii",4,0,0,11,57894,2903040,64,0,0,1,1,0,0x0,0.000313,2.405920,279.138462,0,0.000000,82.262239,78.529331,0.000000,99.989337
"_Z10degreeCalcPiS_S_ii",5,0,0,12,57894,2903040,64,0,0,1,1,0,0x0,0.000314,2.399977,278.246645,0,0.000000,82.678433,78.374758,0.000000,99.989098
"_Z10degreeCalcPiS_S_ii",6,0,0,13,57894,2903040,64,0,0,1,1,0,0x0,0.000279,2.703053,313.277698,0,0.000000,93.992823,89.036637,0.000000,99.989300
"_Z10degreeCalcPiS_S_ii",7,0,0,14,57894,2903040,64,0,0,1,1,0,0x0,0.000272,2.769452,321.369742,0,0.000000,94.669918,89.631291,0.000000,99.989300
"_Z10degreeCalcPiS_S_ii",8,0,0,15,57894,2903040,64,0,0,1,1,0,0x0,0.000306,2.459099,284.611765,0,0.000000,82.487050,78.254665,0.000000,99.991772
"_Z10degreeCalcPiS_S_ii",9,0,0,16,57894,2903040,64,0,0,1,1,0,0x0,0.000273,2.760689,320.188235,0,0.000000,94.074787,88.921329,0.000000,99.991775
"_Z10degreeCalcPiS_S_ii",10,0,0,17,57894,2903040,64,0,0,1,1,0,0x0,0.000271,2.783656,322.560000,0,0.000000,94.637556,89.900864,0.000000,99.991775
