kernel-name,dispatch,gpu-id,queue-id,queue-index,tid,grd,wgr,lds,scr,vgpr,sgpr,fbar,sig,time,VALUBusy,performance,LDSInsts,LDSBankConflict,L1MemoryBusy,L1MemoryStalled,L2WriteUnitStalled,L2CacheHit
"_Z10degreeCalcPiS_S_ii",0,0,0,6,56968,1048576,256,0,0,1,1,0,0x0,0.000028,9.860208,1165.084444,0,0.000000,55.621701,39.785214,0.000000,99.926297
"_Z10degreeCalcPiS_S_ii",1,0,0,8,56968,1048576,256,0,0,1,1,0,0x0,0.000031,8.746332,1014.750968,0,0.000000,52.679971,38.795772,0.000000,99.894253
"_Z10degreeCalcPiS_S_ii",2,0,0,9,56968,1048576,256,0,0,1,1,0,0x0,0.000027,9.892933,1165.084444,0,0.000000,52.520402,36.884817,0.000000,99.926301
"_Z10degreeCalcPiS_S_ii",3,0,0,10,56968,1048576,256,0,0,1,1,0,0x0,0.000029,9.283078,1084.733793,0,0.000000,53.533948,37.862887,0.000000,99.892457
"_Z10degreeCalcPiS_S_ii",4,0,0,11,56968,1048576,256,0,0,1,1,0,0x0,0.000029,9.237758,1084.733793,0,0.000000,52.422470,36.802445,0.000000,99.892432
"_Z10degreeCalcPiS_S_ii",5,0,0,12,56968,1048576,256,0,0,1,1,0,0x0,0.000030,9.143818,1084.733793,0,0.000000,49.134363,34.703750,0.000000,99.892905
"_Z10degreeCalcPiS_S_ii",6,0,0,13,56968,1048576,256,0,0,1,1,0,0x0,0.000030,8.934327,1048.576000,0,0.000000,48.603498,34.369547,0.000000,99.895188
"_Z10degreeCalcPiS_S_ii",7,0,0,14,56968,1048576,256,0,0,1,1,0,0x0,0.000031,8.874931,1048.576000,0,0.000000,53.529478,38.627975,0.000000,99.893346
"_Z10degreeCalcPiS_S_ii",8,0,0,15,56968,1048576,256,0,0,1,1,0,0x0,0.000028,9.652236,1123.474286,0,0.000000,51.294690,37.378016,0.000000,99.926298
"_Z10degreeCalcPiS_S_ii",9,0,0,16,56968,1048576,256,0,0,1,1,0,0x0,0.000028,9.559163,1123.474286,0,0.000000,53.643442,38.779186,0.000000,99.926303
"_Z10degreeCalcPiS_S_ii",10,0,0,17,56968,1048576,256,0,0,1,1,0,0x0,0.000027,10.062660,1165.084444,0,0.000000,60.173068,43.619506,0.000000,99.926295
