kernel-name,dispatch,gpu-id,queue-id,queue-index,tid,grd,wgr,lds,scr,vgpr,sgpr,fbar,sig,time,VALUBusy,performance,LDSInsts,LDSBankConflict,L1MemoryBusy,L1MemoryStalled,L2WriteUnitStalled,L2CacheHit
"_Z7kernelFPKfPf",0,0,0,4,80926,1517824,16,0,0,0,0,0,0x0,0.000243,2.666719,349.786601,0,0.000000,19.821221,4.450400,0.000000,99.992632
"_Z7kernelFPKfPf",1,0,0,6,80926,1517824,16,0,0,0,0,0,0x0,0.000249,2.607726,342.734452,0,0.000000,19.506893,4.579213,0.000000,99.852850
"_Z7kernelFPKfPf",2,0,0,7,80926,1517824,16,0,0,0,0,0,0x0,0.000243,2.666897,349.786601,0,0.000000,19.837710,4.453846,0.000000,99.992632
"_Z7kernelFPKfPf",3,0,0,8,80926,1517824,16,0,0,0,0,0,0x0,0.000247,2.629941,345.520911,0,0.000000,19.692972,4.626144,0.000000,99.852850
"_Z7kernelFPKfPf",4,0,0,9,80926,1517824,16,0,0,0,0,0,0x0,0.000247,2.630068,345.520911,0,0.000000,19.687520,4.622121,0.000000,99.852850
"_Z7kernelFPKfPf",5,0,0,10,80926,1517824,16,0,0,0,0,0,0x0,0.000247,2.623564,344.122040,0,0.000000,19.656850,4.636862,0.000000,99.852850
"_Z7kernelFPKfPf",6,0,0,11,80926,1517824,16,0,0,0,0,0,0x0,0.000247,2.624898,344.122040,0,0.000000,19.687780,4.660660,0.000000,99.852850
"_Z7kernelFPKfPf",7,0,0,12,80926,1517824,16,0,0,0,0,0,0x0,0.000247,2.627517,345.520911,0,0.000000,19.686911,4.635618,0.000000,99.852850
"_Z7kernelFPKfPf",8,0,0,13,80926,1517824,16,0,0,0,0,0,0x0,0.000243,2.666911,349.786601,0,0.000000,19.824896,4.453355,0.000000,99.992632
"_Z7kernelFPKfPf",9,0,0,14,80926,1517824,16,0,0,0,0,0,0x0,0.000243,2.665678,349.786601,0,0.000000,19.823821,4.452066,0.000000,99.992632
"_Z7kernelFPKfPf",10,0,0,15,80926,1517824,16,0,0,0,0,0,0x0,0.000243,2.665698,349.786601,0,0.000000,19.824231,4.452229,0.000000,99.992632
