kernel-name,dispatch,gpu-id,queue-id,queue-index,tid,grd,wgr,lds,scr,vgpr,sgpr,fbar,sig,time,VALUBusy,performance,LDSInsts,LDSBankConflict,L1MemoryBusy,L1MemoryStalled,L2WriteUnitStalled,L2CacheHit
"_Z9subsamplePfS_S_S_iiiiiii",0,0,0,8,40111,253952,256,0,0,6,5,0,0x0,0.000012,12.759123,1190.400000,0,0.000000,3.110726,0.420368,0.000000,93.090452
"_Z9subsamplePfS_S_S_iiiiiii",1,0,0,10,40111,253952,256,0,0,6,5,0,0x0,0.000017,9.196816,840.282353,0,0.000000,2.444826,0.501085,0.000000,89.546828
"_Z9subsamplePfS_S_S_iiiiiii",2,0,0,11,40111,253952,256,0,0,6,5,0,0x0,0.000012,13.083535,1190.400000,0,0.000000,3.561686,0.463225,0.000000,93.090452
"_Z9subsamplePfS_S_S_iiiiiii",3,0,0,12,40111,253952,256,0,0,6,5,0,0x0,0.000015,10.605365,1020.342857,0,0.000000,2.713922,0.587217,0.000000,89.438745
"_Z9subsamplePfS_S_S_iiiiiii",4,0,0,13,40111,253952,256,0,0,6,5,0,0x0,0.000015,10.522830,952.320000,0,0.000000,2.724883,0.567123,0.000000,89.546828
"_Z9subsamplePfS_S_S_iiiiiii",5,0,0,14,40111,253952,256,0,0,6,5,0,0x0,0.000015,10.383139,952.320000,0,0.000000,2.916428,0.595335,0.000000,89.438745
"_Z9subsamplePfS_S_S_iiiiiii",6,0,0,15,40111,253952,256,0,0,6,5,0,0x0,0.000016,9.974103,952.320000,0,0.000000,2.296359,0.543436,0.000000,89.546828
"_Z9subsamplePfS_S_S_iiiiiii",7,0,0,16,40111,253952,256,0,0,6,5,0,0x0,0.000016,9.722700,892.800000,0,0.000000,2.552113,0.550775,0.000000,89.546828
"_Z9subsamplePfS_S_S_iiiiiii",8,0,0,17,40111,253952,256,0,0,6,5,0,0x0,0.000016,9.828333,892.800000,0,0.000000,2.515079,0.580923,0.000000,89.546828
"_Z9subsamplePfS_S_S_iiiiiii",9,0,0,18,40111,253952,256,0,0,6,5,0,0x0,0.000013,12.151052,1098.830769,0,0.000000,3.139340,0.417065,0.000000,93.090452
"_Z9subsamplePfS_S_S_iiiiiii",10,0,0,19,40111,253952,256,0,0,6,5,0,0x0,0.000014,11.585616,1098.830769,0,0.000000,2.775626,0.374869,0.000000,93.090452
