kernel-name,dispatch,gpu-id,queue-id,queue-index,tid,grd,wgr,lds,scr,vgpr,sgpr,fbar,sig,time,VALUBusy,performance,LDSInsts,LDSBankConflict,L1MemoryBusy,L1MemoryStalled,L2WriteUnitStalled,L2CacheHit
"_Z9subsamplePfS_S_S_iiiiiii",0,0,0,8,40401,1032256,64,0,0,6,5,0,0x0,0.000046,11.820153,1027.017956,0,0.000000,0.197124,0.031322,0.000000,92.505855
"_Z9subsamplePfS_S_S_iiiiiii",1,0,0,10,40401,1032256,64,0,0,6,5,0,0x0,0.000051,10.692787,924.316160,0,0.000000,0.236224,0.110566,0.000000,83.953241
"_Z9subsamplePfS_S_S_iiiiiii",2,0,0,11,40401,1032256,64,0,0,6,5,0,0x0,0.000046,11.811788,1027.017956,0,0.000000,0.193922,0.029939,0.000000,92.505855
"_Z9subsamplePfS_S_S_iiiiiii",3,0,0,12,40401,1032256,64,0,0,6,5,0,0x0,0.000048,11.205774,962.829333,0,0.000000,0.240456,0.117162,0.000000,83.953241
"_Z9subsamplePfS_S_S_iiiiiii",4,0,0,13,40401,1032256,64,0,0,6,5,0,0x0,0.000049,11.184980,962.829333,0,0.000000,0.247419,0.115978,0.000000,83.509514
"_Z9subsamplePfS_S_S_iiiiiii",5,0,0,14,40401,1032256,64,0,0,6,5,0,0x0,0.000049,11.163545,962.829333,0,0.000000,0.242765,0.118006,0.000000,83.953241
"_Z9subsamplePfS_S_S_iiiiiii",6,0,0,15,40401,1032256,64,0,0,6,5,0,0x0,0.000049,11.085837,962.829333,0,0.000000,0.246504,0.116866,0.000000,83.775186
"_Z9subsamplePfS_S_S_iiiiiii",7,0,0,16,40401,1032256,64,0,0,6,5,0,0x0,0.000049,11.088811,962.829333,0,0.000000,0.244015,0.121369,0.000000,83.775186
"_Z9subsamplePfS_S_S_iiiiiii",8,0,0,17,40401,1032256,64,0,0,6,5,0,0x0,0.000046,11.775572,1004.691478,0,0.000000,0.193328,0.033578,0.000000,92.505855
"_Z9subsamplePfS_S_S_iiiiiii",9,0,0,18,40401,1032256,64,0,0,6,5,0,0x0,0.000046,11.787246,1004.691478,0,0.000000,0.171791,0.026142,0.000000,92.505855
"_Z9subsamplePfS_S_S_iiiiiii",10,0,0,19,40401,1032256,64,0,0,6,5,0,0x0,0.000046,11.784685,1004.691478,0,0.000000,0.187368,0.029870,0.000000,92.505855
