kernel-name,dispatch,gpu-id,queue-id,queue-index,tid,grd,wgr,lds,scr,vgpr,sgpr,fbar,sig,time,VALUBusy,performance,LDSInsts,LDSBankConflict,L1MemoryBusy,L1MemoryStalled,L2WriteUnitStalled,L2CacheHit
"_Z9subsamplePfS_S_S_iiiiiii",0,0,0,8,40709,1517824,16,0,0,6,5,0,0x0,0.000243,13.235343,1131.128099,0,0.000000,0.321405,0.044740,0.000000,93.407311
"_Z9subsamplePfS_S_S_iiiiiii",1,0,0,10,40709,1517824,16,0,0,6,5,0,0x0,0.000248,12.962734,1108.323097,0,0.000000,0.363136,0.208010,0.000000,89.774153
"_Z9subsamplePfS_S_S_iiiiiii",2,0,0,11,40709,1517824,16,0,0,6,5,0,0x0,0.000243,13.235752,1131.128099,0,0.000000,0.299623,0.045062,0.000000,93.407311
"_Z9subsamplePfS_S_S_iiiiiii",3,0,0,12,40709,1517824,16,0,0,6,5,0,0x0,0.000246,13.094972,1121.894400,0,0.000000,0.363852,0.161542,0.000000,89.830508
"_Z9subsamplePfS_S_S_iiiiiii",4,0,0,13,40709,1517824,16,0,0,6,5,0,0x0,0.000246,13.094772,1121.894400,0,0.000000,0.369188,0.193530,0.000000,89.774153
"_Z9subsamplePfS_S_S_iiiiiii",5,0,0,14,40709,1517824,16,0,0,6,5,0,0x0,0.000246,13.073985,1117.333854,0,0.000000,0.361491,0.179317,0.000000,90.056639
"_Z9subsamplePfS_S_S_iiiiiii",6,0,0,15,40709,1517824,16,0,0,6,5,0,0x0,0.000246,13.072125,1117.333854,0,0.000000,0.353948,0.159800,0.000000,89.971707
"_Z9subsamplePfS_S_S_iiiiiii",7,0,0,16,40709,1517824,16,0,0,6,5,0,0x0,0.000246,13.067811,1117.333854,0,0.000000,0.359797,0.178090,0.000000,89.886935
"_Z9subsamplePfS_S_S_iiiiiii",8,0,0,17,40709,1517824,16,0,0,6,5,0,0x0,0.000243,13.225244,1131.128099,0,0.000000,0.320646,0.046054,0.000000,93.407311
"_Z9subsamplePfS_S_S_iiiiiii",9,0,0,18,40709,1517824,16,0,0,6,5,0,0x0,0.000244,13.203668,1131.128099,0,0.000000,0.312171,0.045017,0.000000,93.407311
"_Z9subsamplePfS_S_S_iiiiiii",10,0,0,19,40709,1517824,16,0,0,6,5,0,0x0,0.000243,13.235037,1131.128099,0,0.000000,0.312784,0.042746,0.000000,93.407311
