kernel-name,dispatch,gpu-id,queue-id,queue-index,tid,grd,wgr,lds,scr,vgpr,sgpr,fbar,sig,time,VALUBusy,performance,LDSInsts,LDSBankConflict,L1MemoryBusy,L1MemoryStalled,L2WriteUnitStalled,L2CacheHit
"_Z11mask_kerneliPffS_",0,0,0,4,117371,1170432,192,0,0,1,1,0,0x0,0.000025,12.148627,1267.968000,0,0.000000,17.296679,0.000000,0.000000,93.456907
"_Z11mask_kerneliPffS_",1,0,0,6,117371,1170432,192,0,0,1,1,0,0x0,0.000029,10.335418,1049.352828,0,0.000000,13.049722,0.000000,0.000000,92.099922
"_Z11mask_kerneliPffS_",2,0,0,7,117371,1170432,192,0,0,1,1,0,0x0,0.000025,12.009568,1217.249280,0,0.000000,15.494203,0.000000,0.000000,93.456907
"_Z11mask_kerneliPffS_",3,0,0,8,117371,1170432,192,0,0,1,1,0,0x0,0.000027,11.290266,1170.432000,0,0.000000,15.166411,0.000000,0.000000,92.128690
"_Z11mask_kerneliPffS_",4,0,0,9,117371,1170432,192,0,0,1,1,0,0x0,0.000028,11.035826,1127.082667,0,0.000000,13.885797,0.000000,0.000000,92.056804
"_Z11mask_kerneliPffS_",5,0,0,10,117371,1170432,192,0,0,1,1,0,0x0,0.000027,11.196842,1127.082667,0,0.000000,14.684799,0.000000,0.000000,92.114304
"_Z11mask_kerneliPffS_",6,0,0,11,117371,1170432,192,0,0,1,1,0,0x0,0.000028,10.728720,1086.829714,0,0.000000,13.782632,0.000000,0.000000,92.171875
"_Z11mask_kerneliPffS_",7,0,0,12,117371,1170432,192,0,0,1,1,0,0x0,0.000028,10.726115,1086.829714,0,0.000000,13.678818,0.000000,0.000000,92.096220
"_Z11mask_kerneliPffS_",8,0,0,13,117371,1170432,192,0,0,1,1,0,0x0,0.000029,10.607599,1086.829714,0,0.000000,13.058740,0.000000,0.000000,92.099922
"_Z11mask_kerneliPffS_",9,0,0,14,117371,1170432,192,0,0,1,1,0,0x0,0.000025,12.000371,1217.249280,0,0.000000,15.148839,0.000000,0.000000,93.456907
"_Z11mask_kerneliPffS_",10,0,0,15,117371,1170432,192,0,0,1,1,0,0x0,0.000025,12.273554,1267.968000,0,0.000000,15.569494,0.000000,0.000000,93.454834
