kernel-name,dispatch,gpu-id,queue-id,queue-index,tid,grd,wgr,lds,scr,vgpr,sgpr,fbar,sig,time,VALUBusy,performance,LDSInsts,LDSBankConflict,L1MemoryBusy,L1MemoryStalled,L2WriteUnitStalled,L2CacheHit
"_Z9minus_graPdi",0,0,0,2,57749,253952,256,0,0,1,1,0,0x0,0.000715,43.082515,2827.616807,0,0.000000,95.822788,19.337119,0.596410,99.053230
"_Z9minus_graPdi",1,0,0,4,57749,253952,256,0,0,1,1,0,0x0,0.000718,42.875320,2811.864067,0,0.000000,95.203645,19.261288,0.563952,99.054441
"_Z9minus_graPdi",2,0,0,5,57749,253952,256,0,0,1,1,0,0x0,0.000717,42.927062,2815.785774,0,0.000000,95.595082,19.148254,0.571603,99.058629
"_Z9minus_graPdi",3,0,0,6,57749,253952,256,0,0,1,1,0,0x0,0.000720,42.737070,2804.053333,0,0.000000,94.838955,19.236440,0.516157,99.052564
"_Z9minus_graPdi",4,0,0,7,57749,253952,256,0,0,1,1,0,0x0,0.000724,42.547282,2792.418257,0,0.000000,94.836937,19.182990,0.645137,99.057723
"_Z9minus_graPdi",5,0,0,8,57749,253952,256,0,0,1,1,0,0x0,0.000726,42.408471,2780.879339,0,0.000000,94.417044,19.011856,0.593966,99.057250
"_Z9minus_graPdi",6,0,0,9,57749,253952,256,0,0,1,1,0,0x0,0.000722,42.652634,2800.164216,0,0.000000,95.103711,18.883681,0.599983,99.053228
"_Z9minus_graPdi",7,0,0,10,57749,253952,256,0,0,1,1,0,0x0,0.000722,42.637352,2796.285873,0,0.000000,94.984690,19.230025,0.913067,99.058438
"_Z9minus_graPdi",8,0,0,11,57749,253952,256,0,0,1,1,0,0x0,0.000723,42.607556,2796.285873,0,0.000000,94.996368,19.097690,0.571673,99.056363
"_Z9minus_graPdi",9,0,0,12,57749,253952,256,0,0,1,1,0,0x0,0.000724,42.556911,2792.418257,0,0.000000,94.741157,18.935265,0.828416,99.057040
"_Z9minus_graPdi",10,0,0,13,57749,253952,256,0,0,1,1,0,0x0,0.000722,42.633846,2796.285873,0,0.000000,95.092736,19.173924,0.773663,99.059500
