kernel-name,dispatch,gpu-id,queue-id,queue-index,tid,grd,wgr,lds,scr,vgpr,sgpr,fbar,sig,time,VALUBusy,performance,LDSInsts,LDSBankConflict,L1MemoryBusy,L1MemoryStalled,L2WriteUnitStalled,L2CacheHit
"_Z19weighted_sum_kerneliPfS_S_S_",0,0,0,8,115591,246016,16,0,0,1,1,0,0x0,0.000045,10.019462,1118.254545,0,0.000000,41.561479,3.805519,0.000000,75.035645
"_Z19weighted_sum_kerneliPfS_S_S_",1,0,0,10,115591,246016,16,0,0,1,1,0,0x0,0.000049,9.205569,1025.066667,0,0.000000,39.704962,3.601763,0.000000,74.905785
"_Z19weighted_sum_kerneliPfS_S_S_",2,0,0,11,115591,246016,16,0,0,1,1,0,0x0,0.000045,10.013615,1118.254545,0,0.000000,41.177043,3.838032,0.000000,75.035645
"_Z19weighted_sum_kerneliPfS_S_S_",3,0,0,12,115591,246016,16,0,0,1,1,0,0x0,0.000047,9.626301,1069.634783,0,0.000000,39.717588,3.709949,0.000000,74.902151
"_Z19weighted_sum_kerneliPfS_S_S_",4,0,0,13,115591,246016,16,0,0,1,1,0,0x0,0.000047,9.606798,1069.634783,0,0.000000,40.411529,3.724092,0.000000,74.922751
"_Z19weighted_sum_kerneliPfS_S_S_",5,0,0,14,115591,246016,16,0,0,1,1,0,0x0,0.000047,9.607566,1069.634783,0,0.000000,41.782415,3.745385,0.000000,74.905785
"_Z19weighted_sum_kerneliPfS_S_S_",6,0,0,15,115591,246016,16,0,0,1,1,0,0x0,0.000047,9.536379,1046.876596,0,0.000000,46.944919,3.712341,0.000000,74.913055
"_Z19weighted_sum_kerneliPfS_S_S_",7,0,0,16,115591,246016,16,0,0,1,1,0,0x0,0.000047,9.570315,1046.876596,0,0.000000,47.534889,3.775677,0.000000,74.913055
"_Z19weighted_sum_kerneliPfS_S_S_",8,0,0,17,115591,246016,16,0,0,1,1,0,0x0,0.000047,9.568028,1046.876596,0,0.000000,47.211233,3.713709,0.000000,74.904574
"_Z19weighted_sum_kerneliPfS_S_S_",9,0,0,18,115591,246016,16,0,0,1,1,0,0x0,0.000045,9.994730,1093.404444,0,0.000000,47.738272,3.835994,0.000000,75.035645
"_Z19weighted_sum_kerneliPfS_S_S_",10,0,0,19,115591,246016,16,0,0,1,1,0,0x0,0.000045,9.981443,1093.404444,0,0.000000,45.818735,3.823969,0.000000,75.035645
