kernel-name,dispatch,gpu-id,queue-id,queue-index,tid,grd,wgr,lds,scr,vgpr,sgpr,fbar,sig,time,VALUBusy,performance,LDSInsts,LDSBankConflict,L1MemoryBusy,L1MemoryStalled,L2WriteUnitStalled,L2CacheHit
"_Z9addKernelPiPKiS1_",0,0,0,6,73132,4145152,128,0,0,0,0,0,0x0,0.000088,1.437326,188.416000,0,0.000000,40.273547,6.380267,0.000000,99.989228
"_Z9addKernelPiPKiS1_",1,0,0,8,73132,4145152,128,0,0,0,0,0,0x0,0.000092,1.380204,182.204484,0,0.000000,39.387807,5.993215,0.000000,99.664090
"_Z9addKernelPiPKiS1_",2,0,0,9,73132,4145152,128,0,0,0,0,0,0x0,0.000087,1.458833,192.797767,0,0.000000,40.944277,6.101477,0.000000,99.989228
"_Z9addKernelPiPKiS1_",3,0,0,10,73132,4145152,128,0,0,0,0,0,0x0,0.000090,1.411318,186.298966,0,0.000000,40.632583,5.950862,0.000000,99.638109
"_Z9addKernelPiPKiS1_",4,0,0,11,73132,4145152,128,0,0,0,0,0,0x0,0.000089,1.417059,186.298966,0,0.000000,40.330706,5.876875,0.000000,99.685496
"_Z9addKernelPiPKiS1_",5,0,0,12,73132,4145152,128,0,0,0,0,0,0x0,0.000090,1.403197,184.228978,0,0.000000,40.653728,5.960296,0.000000,99.638109
"_Z9addKernelPiPKiS1_",6,0,0,13,73132,4145152,128,0,0,0,0,0,0x0,0.000090,1.401128,184.228978,0,0.000000,40.510886,6.017791,0.000000,99.638109
"_Z9addKernelPiPKiS1_",7,0,0,14,73132,4145152,128,0,0,0,0,0,0x0,0.000090,1.400925,184.228978,0,0.000000,40.336457,6.446919,0.000000,99.638109
"_Z9addKernelPiPKiS1_",8,0,0,15,73132,4145152,128,0,0,0,0,0,0x0,0.000087,1.456922,192.797767,0,0.000000,40.852307,6.214234,0.000000,99.989228
"_Z9addKernelPiPKiS1_",9,0,0,16,73132,4145152,128,0,0,0,0,0,0x0,0.000087,1.456985,192.797767,0,0.000000,40.825817,6.163393,0.000000,99.989228
"_Z9addKernelPiPKiS1_",10,0,0,17,73132,4145152,128,0,0,0,0,0,0x0,0.000087,1.456775,192.797767,0,0.000000,40.804465,6.190216,0.000000,99.989228
