kernel-name,dispatch,gpu-id,queue-id,queue-index,tid,grd,wgr,lds,scr,vgpr,sgpr,fbar,sig,time,VALUBusy,performance,LDSInsts,LDSBankConflict,L1MemoryBusy,L1MemoryStalled,L2WriteUnitStalled,L2CacheHit
"_Z13binaryentropyiPKdS0_Pd",0,0,0,6,6478,57600,16,0,0,8,1,0,0x0,0.000032,0.835403,41.220000,0,0.000000,0.499136,0.042728,0.000000,77.606178
"_Z13binaryentropyiPKdS0_Pd",1,0,0,8,6478,57600,16,0,0,8,1,0,0x0,0.000038,0.709199,35.649730,0,0.000000,0.593619,0.064721,0.000000,65.206186
"_Z13binaryentropyiPKdS0_Pd",2,0,0,9,6478,57600,16,0,0,8,1,0,0x0,0.000034,0.784399,38.795294,0,0.000000,0.752740,0.065198,0.000000,77.606178
"_Z13binaryentropyiPKdS0_Pd",3,0,0,10,6478,57600,16,0,0,8,1,0,0x0,0.000036,0.755890,37.686857,0,0.000000,0.605898,0.066346,0.000000,63.055556
"_Z13binaryentropyiPKdS0_Pd",4,0,0,11,6478,57600,16,0,0,8,1,0,0x0,0.000034,0.788452,38.795294,0,0.000000,1.151837,0.107670,0.000000,56.818182
"_Z13binaryentropyiPKdS0_Pd",5,0,0,12,6478,57600,16,0,0,8,1,0,0x0,0.000036,0.739820,36.640000,0,0.000000,0.393467,0.063213,0.000000,63.259669
"_Z13binaryentropyiPKdS0_Pd",6,0,0,13,6478,57600,16,0,0,8,1,0,0x0,0.000036,0.743027,36.640000,0,0.000000,0.655622,0.067808,0.000000,65.206186
"_Z13binaryentropyiPKdS0_Pd",7,0,0,14,6478,57600,16,0,0,8,1,0,0x0,0.000037,0.733198,36.640000,0,0.000000,0.381435,0.067763,0.000000,65.721649
"_Z13binaryentropyiPKdS0_Pd",8,0,0,15,6478,57600,16,0,0,8,1,0,0x0,0.000036,0.741289,36.640000,0,0.000000,0.544153,0.066780,0.000000,62.707182
"_Z13binaryentropyiPKdS0_Pd",9,0,0,16,6478,57600,16,0,0,8,1,0,0x0,0.000035,0.777831,38.795294,0,0.000000,0.478735,0.067357,0.000000,77.777778
"_Z13binaryentropyiPKdS0_Pd",10,0,0,17,6478,57600,16,0,0,8,1,0,0x0,0.000035,0.766668,37.686857,0,0.000000,0.367693,0.036992,0.000000,81.469649
