kernel-name,dispatch,gpu-id,queue-id,queue-index,tid,grd,wgr,lds,scr,vgpr,sgpr,fbar,sig,time,VALUBusy,performance,LDSInsts,LDSBankConflict,L1MemoryBusy,L1MemoryStalled,L2WriteUnitStalled,L2CacheHit
"bias_add",0,0,0,6,102705,253952,64,0,0,2,1,0,0x0,0.000015,8.437962,883.097600,0,0.000000,0.182887,0.011302,0.000000,86.986301
"bias_add",1,0,0,8,102705,253952,64,0,0,2,1,0,0x0,0.000019,6.689229,697.182316,0,0.000000,0.212589,0.076565,0.000000,74.127907
"bias_add",2,0,0,9,102705,253952,64,0,0,2,1,0,0x0,0.000015,8.404114,883.097600,0,0.000000,0.264020,0.093123,0.000000,87.030717
"bias_add",3,0,0,10,102705,253952,64,0,0,2,1,0,0x0,0.000017,7.470255,779.203765,0,0.000000,0.237411,0.085504,0.000000,74.127907
"bias_add",4,0,0,11,102705,253952,64,0,0,2,1,0,0x0,0.000017,7.506856,779.203765,0,0.000000,0.235832,0.083181,0.000000,73.699422
"bias_add",5,0,0,12,102705,253952,64,0,0,2,1,0,0x0,0.000017,7.463738,779.203765,0,0.000000,0.237204,0.085430,0.000000,74.127907
"bias_add",6,0,0,13,102705,253952,64,0,0,2,1,0,0x0,0.000017,7.393320,779.203765,0,0.000000,0.233165,0.082823,0.000000,73.988439
"bias_add",7,0,0,14,102705,253952,64,0,0,2,1,0,0x0,0.000017,7.404252,779.203765,0,0.000000,0.235313,0.084749,0.000000,73.775216
"bias_add",8,0,0,15,102705,253952,64,0,0,2,1,0,0x0,0.000015,8.357248,883.097600,0,0.000000,0.263565,0.093622,0.000000,87.074830
"bias_add",9,0,0,16,102705,253952,64,0,0,2,1,0,0x0,0.000015,8.339257,883.097600,0,0.000000,0.180747,0.011170,0.000000,87.074830
"bias_add",10,0,0,17,102705,253952,64,0,0,2,1,0,0x0,0.000015,8.338918,883.097600,0,0.000000,0.180740,0.011169,0.000000,87.074830
