kernel-name,dispatch,gpu-id,queue-id,queue-index,tid,grd,wgr,lds,scr,vgpr,sgpr,fbar,sig,time,VALUBusy,performance,LDSInsts,LDSBankConflict,L1MemoryBusy,L1MemoryStalled,L2WriteUnitStalled,L2CacheHit
"_Z3addPiS_S_",0,0,0,6,57647,4112768,16,0,0,1,1,0,0x0,0.000649,0.798032,104.399088,0,0.000000,0.238667,0.023029,0.000000,97.881900
"_Z3addPiS_S_",1,0,0,8,57647,4112768,16,0,0,1,1,0,0x0,0.000653,0.793160,103.759583,0,0.000000,0.237210,0.053263,0.000000,96.702600
"_Z3addPiS_S_",2,0,0,9,57647,4112768,16,0,0,1,1,0,0x0,0.000651,0.796364,104.238474,0,0.000000,0.235431,0.052950,0.000000,89.285714
"_Z3addPiS_S_",3,0,0,10,57647,4112768,16,0,0,1,1,0,0x0,0.000654,0.792641,103.759583,0,0.000000,0.234330,0.058367,0.000000,89.495305
"_Z3addPiS_S_",4,0,0,11,57647,4112768,16,0,0,1,1,0,0x0,0.000653,0.794027,103.918724,0,0.000000,0.234740,0.054016,0.000000,89.285714
"_Z3addPiS_S_",5,0,0,12,57647,4112768,16,0,0,1,1,0,0x0,0.000654,0.791952,103.600930,0,0.000000,0.234126,0.065099,0.000000,88.817705
"_Z3addPiS_S_",6,0,0,13,57647,4112768,16,0,0,1,1,0,0x0,0.000651,0.795433,104.078353,0,0.000000,0.237890,0.022954,0.000000,97.819115
"_Z3addPiS_S_",7,0,0,14,57647,4112768,16,0,0,1,1,0,0x0,0.000649,0.797847,104.399088,0,0.000000,0.238612,0.023024,0.000000,97.881900
"_Z3addPiS_S_",8,0,0,15,57647,4112768,16,0,0,1,1,0,0x0,0.000649,0.797869,104.399088,0,0.000000,0.238618,0.023025,0.000000,97.881900
"_Z3addPiS_S_",9,0,0,16,57647,4112768,16,0,0,1,1,0,0x0,0.000649,0.797870,104.399088,0,0.000000,0.235876,0.022760,0.000000,97.881900
"_Z3addPiS_S_",10,0,0,17,57647,4112768,16,0,0,1,1,0,0x0,0.000650,0.797728,104.399088,0,0.000000,0.235834,0.022756,0.000000,97.881900
