kernel-name,dispatch,gpu-id,queue-id,queue-index,tid,grd,wgr,lds,scr,vgpr,sgpr,fbar,sig,time,VALUBusy,performance,LDSInsts,LDSBankConflict,L1MemoryBusy,L1MemoryStalled,L2WriteUnitStalled,L2CacheHit
"_Z9kApplyCosPfS_j",0,0,0,4,121966,614656,16,0,0,1,1,0,0x0,0.000102,3.723725,343.780119,0,0.000000,0.193832,0.023691,0.000000,92.037471
"_Z9kApplyCosPfS_j",1,0,0,6,121966,614656,16,0,0,1,1,0,0x0,0.000107,3.527214,324.502729,0,0.000000,0.183603,0.034243,0.000000,78.131213
"_Z9kApplyCosPfS_j",2,0,0,7,121966,614656,16,0,0,1,1,0,0x0,0.000102,3.723542,343.780119,0,0.000000,0.193822,0.023689,0.000000,92.037471
"_Z9kApplyCosPfS_j",3,0,0,8,121966,614656,16,0,0,1,1,0,0x0,0.000105,3.602040,330.683733,0,0.000000,0.187498,0.035267,0.000000,78.443114
"_Z9kApplyCosPfS_j",4,0,0,9,121966,614656,16,0,0,1,1,0,0x0,0.000105,3.599491,330.683733,0,0.000000,0.187365,0.033607,0.000000,78.286853
"_Z9kApplyCosPfS_j",5,0,0,10,121966,614656,16,0,0,1,1,0,0x0,0.000105,3.585203,330.683733,0,0.000000,0.186621,0.033918,0.000000,78.286853
"_Z9kApplyCosPfS_j",6,0,0,11,121966,614656,16,0,0,1,1,0,0x0,0.000106,3.583780,330.683733,0,0.000000,0.192914,0.035089,0.000000,77.976190
"_Z9kApplyCosPfS_j",7,0,0,12,121966,614656,16,0,0,1,1,0,0x0,0.000106,3.574403,330.683733,0,0.000000,0.186059,0.033373,0.000000,77.976190
"_Z9kApplyCosPfS_j",8,0,0,13,121966,614656,16,0,0,1,1,0,0x0,0.000105,3.587435,330.683733,0,0.000000,0.186737,0.033494,0.000000,78.286853
"_Z9kApplyCosPfS_j",9,0,0,14,121966,614656,16,0,0,1,1,0,0x0,0.000102,3.717001,343.780119,0,0.000000,0.193482,0.023648,0.000000,92.037471
"_Z9kApplyCosPfS_j",10,0,0,15,121966,614656,16,0,0,1,1,0,0x0,0.000102,3.717252,343.780119,0,0.000000,0.193495,0.023649,0.000000,92.037471
