kernel-name,dispatch,gpu-id,queue-id,queue-index,tid,grd,wgr,lds,scr,vgpr,sgpr,fbar,sig,time,VALUBusy,performance,LDSInsts,LDSBankConflict,L1MemoryBusy,L1MemoryStalled,L2WriteUnitStalled,L2CacheHit
"_Z9kApplyCosPfS_j",0,0,0,4,121628,253952,256,0,0,1,1,0,0x0,0.000009,4.147773,396.401778,0,0.000000,0.235063,0.018338,0.000000,84.955752
"_Z9kApplyCosPfS_j",1,0,0,6,121628,253952,256,0,0,1,1,0,0x0,0.000016,2.496288,237.841067,0,0.000000,0.233776,0.076253,0.000000,63.787375
"_Z9kApplyCosPfS_j",2,0,0,7,121628,253952,256,0,0,1,1,0,0x0,0.000010,4.016531,396.401778,0,0.000000,0.330944,0.146907,0.000000,84.955752
"_Z9kApplyCosPfS_j",3,0,0,8,121628,253952,256,0,0,1,1,0,0x0,0.000014,2.794124,274.432000,0,0.000000,0.239208,0.096581,0.000000,63.787375
"_Z9kApplyCosPfS_j",4,0,0,9,121628,253952,256,0,0,1,1,0,0x0,0.000013,2.935624,274.432000,0,0.000000,0.292618,0.102652,0.000000,64.000000
"_Z9kApplyCosPfS_j",5,0,0,10,121628,253952,256,0,0,1,1,0,0x0,0.000013,3.033702,297.301333,0,0.000000,0.275569,0.107301,0.000000,64.000000
"_Z9kApplyCosPfS_j",6,0,0,11,121628,253952,256,0,0,1,1,0,0x0,0.000014,2.696493,254.829714,0,0.000000,0.264447,0.099710,0.000000,64.000000
"_Z9kApplyCosPfS_j",7,0,0,12,121628,253952,256,0,0,1,1,0,0x0,0.000015,2.632136,254.829714,0,0.000000,0.257078,0.085693,0.000000,64.000000
"_Z9kApplyCosPfS_j",8,0,0,13,121628,253952,256,0,0,1,1,0,0x0,0.000014,2.764813,254.829714,0,0.000000,0.280037,0.104458,0.000000,64.000000
"_Z9kApplyCosPfS_j",9,0,0,14,121628,253952,256,0,0,1,1,0,0x0,0.000010,3.945199,396.401778,0,0.000000,0.326652,0.145884,0.000000,84.955752
"_Z9kApplyCosPfS_j",10,0,0,15,121628,253952,256,0,0,1,1,0,0x0,0.000009,4.262610,396.401778,0,0.000000,0.351220,0.155907,0.000000,84.955752
