kernel-name,dispatch,gpu-id,queue-id,queue-index,tid,grd,wgr,lds,scr,vgpr,sgpr,fbar,sig,time,VALUBusy,performance,LDSInsts,LDSBankConflict,L1MemoryBusy,L1MemoryStalled,L2WriteUnitStalled,L2CacheHit
"_Z30lin2lin_resmpl_good_gpu_kernelPfS_S_S_S_iiiiifPiS0_",0,0,0,14,14823,4096576,64,0,0,7,4,0,0x0,0.000166,1.508849,198.640485,0,0.000000,0.017725,0.003111,0.000000,82.666667
"_Z30lin2lin_resmpl_good_gpu_kernelPfS_S_S_S_iiiiifPiS0_",1,0,0,16,14823,4096576,64,0,0,7,4,0,0x0,0.000171,1.458994,191.670643,0,0.000000,0.017139,0.055428,0.000000,67.391304
"_Z30lin2lin_resmpl_good_gpu_kernelPfS_S_S_S_iiiiifPiS0_",2,0,0,17,14823,4096576,64,0,0,7,4,0,0x0,0.000166,1.508417,198.640485,0,0.000000,0.017719,0.010556,0.000000,82.666667
"_Z30lin2lin_resmpl_good_gpu_kernelPfS_S_S_S_iiiiifPiS0_",3,0,0,18,14823,4096576,64,0,0,7,4,0,0x0,0.000169,1.476749,193.938935,0,0.000000,0.017347,0.055641,0.000000,67.391304
"_Z30lin2lin_resmpl_good_gpu_kernelPfS_S_S_S_iiiiifPiS0_",4,0,0,19,14823,4096576,64,0,0,7,4,0,0x0,0.000169,1.476934,193.938935,0,0.000000,0.017350,0.056386,0.000000,67.391304
"_Z30lin2lin_resmpl_good_gpu_kernelPfS_S_S_S_iiiiifPiS0_",5,0,0,20,14823,4096576,64,0,0,7,4,0,0x0,0.000170,1.474681,193.938935,0,0.000000,0.017323,0.057130,0.000000,67.391304
"_Z30lin2lin_resmpl_good_gpu_kernelPfS_S_S_S_iiiiifPiS0_",6,0,0,21,14823,4096576,64,0,0,7,4,0,0x0,0.000170,1.472228,193.938935,0,0.000000,0.017294,0.058046,0.000000,67.391304
"_Z30lin2lin_resmpl_good_gpu_kernelPfS_S_S_S_iiiiifPiS0_",7,0,0,22,14823,4096576,64,0,0,7,4,0,0x0,0.000170,1.472092,193.938935,0,0.000000,0.017293,0.058961,0.000000,67.391304
"_Z30lin2lin_resmpl_good_gpu_kernelPfS_S_S_S_iiiiifPiS0_",8,0,0,23,14823,4096576,64,0,0,7,4,0,0x0,0.000166,1.507337,198.640485,0,0.000000,0.017707,0.009324,0.000000,82.666667
"_Z30lin2lin_resmpl_good_gpu_kernelPfS_S_S_S_iiiiifPiS0_",9,0,0,24,14823,4096576,64,0,0,7,4,0,0x0,0.000166,1.507655,198.640485,0,0.000000,0.017711,0.010174,0.000000,82.666667
"_Z30lin2lin_resmpl_good_gpu_kernelPfS_S_S_S_iiiiifPiS0_",10,0,0,25,14823,4096576,64,0,0,7,4,0,0x0,0.000166,1.507752,198.640485,0,0.000000,0.017712,0.009610,0.000000,82.666667
