kernel-name,dispatch,gpu-id,queue-id,queue-index,tid,grd,wgr,lds,scr,vgpr,sgpr,fbar,sig,time,VALUBusy,performance,LDSInsts,LDSBankConflict,L1MemoryBusy,L1MemoryStalled,L2WriteUnitStalled,L2CacheHit
"_Z15conv2genericrevPfS_S_iiiiiifii",0,0,0,6,53348,4145152,64,49024,0,6,4,0,0x0,0.001335,4.028538,453.667310,129536,0.000000,7.516031,0.562424,0.000000,99.812569
"_Z15conv2genericrevPfS_S_iiiiiifii",1,0,0,8,53348,4145152,64,49024,0,6,4,0,0x0,0.001340,4.013510,451.973258,129536,0.000000,7.484564,0.563021,0.000000,99.737143
"_Z15conv2genericrevPfS_S_iiiiiifii",2,0,0,9,53348,4145152,64,49024,0,6,4,0,0x0,0.001338,4.018274,452.649358,129536,0.000000,7.502032,0.598280,0.000000,99.674807
"_Z15conv2genericrevPfS_S_iiiiiifii",3,0,0,10,53348,4145152,64,49024,0,6,4,0,0x0,0.001342,4.006668,451.299174,129536,0.000000,7.475228,0.602724,0.000000,99.661350
"_Z15conv2genericrevPfS_S_iiiiiifii",4,0,0,11,53348,4145152,64,49024,0,6,4,0,0x0,0.001340,4.012535,451.973258,129536,0.000000,7.493031,0.579945,0.000000,99.658422
"_Z15conv2genericrevPfS_S_iiiiiifii",5,0,0,12,53348,4145152,64,49024,0,6,4,0,0x0,0.001337,4.020318,452.649358,129536,0.000000,7.504129,0.561533,0.000000,99.811235
"_Z15conv2genericrevPfS_S_iiiiiifii",6,0,0,13,53348,4145152,64,49024,0,6,4,0,0x0,0.001336,4.025312,453.327485,129536,0.000000,7.510013,0.561974,0.000000,99.811851
"_Z15conv2genericrevPfS_S_iiiiiifii",7,0,0,14,53348,4145152,64,49024,0,6,4,0,0x0,0.001336,4.022957,452.988168,129536,0.000000,7.515931,0.562417,0.000000,99.812327
"_Z15conv2genericrevPfS_S_iiiiiifii",8,0,0,15,53348,4145152,64,49024,0,6,4,0,0x0,0.001335,4.026479,453.327485,129536,0.000000,7.513909,0.562265,0.000000,99.811799
"_Z15conv2genericrevPfS_S_iiiiiifii",9,0,0,16,53348,4145152,64,49024,0,6,4,0,0x0,0.001335,4.026816,453.327485,129536,0.000000,7.519700,0.562699,0.000000,99.811874
"_Z15conv2genericrevPfS_S_iiiiiifii",10,0,0,17,53348,4145152,64,49024,0,6,4,0,0x0,0.001336,4.022854,452.988168,129536,0.000000,7.501989,0.561373,0.000000,99.811761
