kernel-name,dispatch,gpu-id,queue-id,queue-index,tid,grd,wgr,lds,scr,vgpr,sgpr,fbar,sig,time,VALUBusy,performance,LDSInsts,LDSBankConflict,L1MemoryBusy,L1MemoryStalled,L2WriteUnitStalled,L2CacheHit
"_Z9downscalePfS_liiii",0,0,0,4,127135,4145152,64,0,0,3,2,0,0x0,0.000168,5.282447,496.515066,0,0.000000,0.037371,0.004101,0.000000,83.870968
"_Z9downscalePfS_liiii",1,0,0,6,127135,4145152,64,0,0,3,2,0,0x0,0.000173,5.109645,479.294890,0,0.000000,0.036149,0.010727,0.000000,70.909091
"_Z9downscalePfS_liiii",2,0,0,7,127135,4145152,64,0,0,3,2,0,0x0,0.000168,5.282092,496.515066,0,0.000000,0.037369,0.011835,0.000000,83.870968
"_Z9downscalePfS_liiii",3,0,0,8,127135,4145152,64,0,0,3,2,0,0x0,0.000171,5.178417,484.900678,0,0.000000,0.036635,0.010689,0.000000,70.909091
"_Z9downscalePfS_liiii",4,0,0,9,127135,4145152,64,0,0,3,2,0,0x0,0.000171,5.173010,484.900678,0,0.000000,0.036597,0.011408,0.000000,70.909091
"_Z9downscalePfS_liiii",5,0,0,10,127135,4145152,64,0,0,3,2,0,0x0,0.000171,5.172009,484.900678,0,0.000000,0.036590,0.010585,0.000000,70.909091
"_Z9downscalePfS_liiii",6,0,0,11,127135,4145152,64,0,0,3,2,0,0x0,0.000172,5.159317,484.900678,0,0.000000,0.036500,0.011287,0.000000,70.909091
"_Z9downscalePfS_liiii",7,0,0,12,127135,4145152,64,0,0,3,2,0,0x0,0.000172,5.155319,484.900678,0,0.000000,0.036472,0.010369,0.000000,70.909091
"_Z9downscalePfS_liiii",8,0,0,13,127135,4145152,64,0,0,3,2,0,0x0,0.000168,5.277587,496.515066,0,0.000000,0.037337,0.011359,0.000000,83.870968
"_Z9downscalePfS_liiii",9,0,0,14,127135,4145152,64,0,0,3,2,0,0x0,0.000168,5.277057,496.515066,0,0.000000,0.037333,0.010520,0.000000,83.870968
"_Z9downscalePfS_liiii",10,0,0,15,127135,4145152,64,0,0,3,2,0,0x0,0.000168,5.278413,496.515066,0,0.000000,0.037343,0.011268,0.000000,83.870968
