kernel-name,dispatch,gpu-id,queue-id,queue-index,tid,grd,wgr,lds,scr,vgpr,sgpr,fbar,sig,time,VALUBusy,performance,LDSInsts,LDSBankConflict,L1MemoryBusy,L1MemoryStalled,L2WriteUnitStalled,L2CacheHit
"_Z39refine_dilateFPPlaneDepthMapXpYp_kernelPfiS_iiiiif",0,0,0,4,68238,57600,256,0,0,1,2,0,0x0,0.000009,1.785997,217.600000,0,0.000000,1.490121,0.000000,0.000000,90.690691
"_Z39refine_dilateFPPlaneDepthMapXpYp_kernelPfiS_iiiiif",1,0,0,6,68238,57600,256,0,0,1,2,0,0x0,0.000014,1.166106,139.885714,0,0.000000,0.872435,0.000000,0.000000,82.288828
"_Z39refine_dilateFPPlaneDepthMapXpYp_kernelPfiS_iiiiif",2,0,0,7,68238,57600,256,0,0,1,2,0,0x0,0.000009,1.773207,217.600000,0,0.000000,1.395880,0.000000,0.000000,90.690691
"_Z39refine_dilateFPPlaneDepthMapXpYp_kernelPfiS_iiiiif",3,0,0,8,68238,57600,256,0,0,1,2,0,0x0,0.000012,1.396160,178.036364,0,0.000000,1.051012,0.000000,0.000000,82.513661
"_Z39refine_dilateFPPlaneDepthMapXpYp_kernelPfiS_iiiiif",4,0,0,9,68238,57600,256,0,0,1,2,0,0x0,0.000012,1.381306,163.200000,0,0.000000,1.116532,0.000000,0.000000,82.065217
"_Z39refine_dilateFPPlaneDepthMapXpYp_kernelPfiS_iiiiif",5,0,0,10,68238,57600,256,0,0,1,2,0,0x0,0.000012,1.354014,163.200000,0,0.000000,1.110661,0.000000,0.000000,82.626539
"_Z39refine_dilateFPPlaneDepthMapXpYp_kernelPfiS_iiiiif",6,0,0,11,68238,57600,256,0,0,1,2,0,0x0,0.000013,1.291016,163.200000,0,0.000000,1.050359,0.000000,0.000000,82.513661
"_Z39refine_dilateFPPlaneDepthMapXpYp_kernelPfiS_iiiiif",7,0,0,12,68238,57600,256,0,0,1,2,0,0x0,0.000013,1.285463,150.646154,0,0.000000,1.156173,0.000000,0.000000,82.626539
"_Z39refine_dilateFPPlaneDepthMapXpYp_kernelPfiS_iiiiif",8,0,0,13,68238,57600,256,0,0,1,2,0,0x0,0.000013,1.302172,163.200000,0,0.000000,1.076904,0.000000,0.000000,82.513661
"_Z39refine_dilateFPPlaneDepthMapXpYp_kernelPfiS_iiiiif",9,0,0,14,68238,57600,256,0,0,1,2,0,0x0,0.000010,1.687725,217.600000,0,0.000000,1.209093,0.000000,0.000000,90.690691
"_Z39refine_dilateFPPlaneDepthMapXpYp_kernelPfiS_iiiiif",10,0,0,15,68238,57600,256,0,0,1,2,0,0x0,0.000010,1.680249,217.600000,0,0.000000,1.171801,0.000000,0.000000,90.690691
