kernel-name,dispatch,gpu-id,queue-id,queue-index,tid,grd,wgr,lds,scr,vgpr,sgpr,fbar,sig,time,VALUBusy,performance,LDSInsts,LDSBankConflict,L1MemoryBusy,L1MemoryStalled,L2WriteUnitStalled,L2CacheHit
"_Z4vsubPKfS0_Pf",0,0,0,6,8259,57600,16,0,0,1,1,0,0x0,0.000015,3.369128,427.885714,0,0.000000,20.839394,2.365877,0.000000,98.084886
"_Z4vsubPKfS0_Pf",1,0,0,8,8259,57600,16,0,0,1,1,0,0x0,0.000019,2.655181,332.800000,0,0.000000,15.640278,1.812266,0.000000,96.217314
"_Z4vsubPKfS0_Pf",2,0,0,9,8259,57600,16,0,0,1,1,0,0x0,0.000015,3.351206,427.885714,0,0.000000,20.440231,2.277757,0.000000,98.084886
"_Z4vsubPKfS0_Pf",3,0,0,10,8259,57600,16,0,0,1,1,0,0x0,0.000017,2.969905,374.400000,0,0.000000,18.438867,2.069505,0.000000,96.217314
"_Z4vsubPKfS0_Pf",4,0,0,11,8259,57600,16,0,0,1,1,0,0x0,0.000016,2.996347,374.400000,0,0.000000,19.823453,2.142151,0.000000,96.266193
"_Z4vsubPKfS0_Pf",5,0,0,12,8259,57600,16,0,0,1,1,0,0x0,0.000017,2.949217,374.400000,0,0.000000,18.832859,2.088795,0.000000,96.241747
"_Z4vsubPKfS0_Pf",6,0,0,13,8259,57600,16,0,0,1,1,0,0x0,0.000017,2.919370,374.400000,0,0.000000,16.227062,1.984245,0.000000,96.383764
"_Z4vsubPKfS0_Pf",7,0,0,14,8259,57600,16,0,0,1,1,0,0x0,0.000017,2.924682,374.400000,0,0.000000,17.699435,1.982285,0.000000,96.316713
"_Z4vsubPKfS0_Pf",8,0,0,15,8259,57600,16,0,0,1,1,0,0x0,0.000017,2.925226,374.400000,0,0.000000,17.016456,1.960366,0.000000,96.272204
"_Z4vsubPKfS0_Pf",9,0,0,16,8259,57600,16,0,0,1,1,0,0x0,0.000015,3.338279,427.885714,0,0.000000,19.229546,2.248834,0.000000,98.084886
"_Z4vsubPKfS0_Pf",10,0,0,17,8259,57600,16,0,0,1,1,0,0x0,0.000015,3.287551,427.885714,0,0.000000,17.755907,2.146823,0.000000,98.084886
