kernel-name,dispatch,gpu-id,queue-id,queue-index,tid,grd,wgr,lds,scr,vgpr,sgpr,fbar,sig,time,VALUBusy,performance,LDSInsts,LDSBankConflict,L1MemoryBusy,L1MemoryStalled,L2WriteUnitStalled,L2CacheHit
"_Z9_kgauss64iiPdPiS0_S_S0_S0_S_d",0,0,0,14,64351,61440,32,0,0,3,7,0,0x0,0.000012,0.429571,47.616000,0,0.000000,1.495038,0.110837,0.000000,77.419355
"_Z9_kgauss64iiPdPiS0_S_S0_S0_S_d",1,0,0,16,64351,61440,32,0,0,3,7,0,0x0,0.000023,0.234717,25.972364,0,0.000000,1.036419,0.110799,0.000000,62.686567
"_Z9_kgauss64iiPdPiS0_S_S0_S0_S_d",2,0,0,17,64351,61440,32,0,0,3,7,0,0x0,0.000017,0.318714,35.712000,0,0.000000,1.074646,0.082234,0.000000,77.419355
"_Z9_kgauss64iiPdPiS0_S_S0_S0_S_d",3,0,0,18,64351,61440,32,0,0,3,7,0,0x0,0.000019,0.286304,31.744000,0,0.000000,1.263135,0.135126,0.000000,62.686567
"_Z9_kgauss64iiPdPiS0_S_S0_S0_S_d",4,0,0,19,64351,61440,32,0,0,3,7,0,0x0,0.000017,0.315168,35.712000,0,0.000000,1.424004,0.148777,0.000000,62.686567
"_Z9_kgauss64iiPdPiS0_S_S0_S0_S_d",5,0,0,20,64351,61440,32,0,0,3,7,0,0x0,0.000021,0.258037,28.569600,0,0.000000,1.130311,0.121807,0.000000,62.686567
"_Z9_kgauss64iiPdPiS0_S_S0_S0_S_d",6,0,0,21,64351,61440,32,0,0,3,7,0,0x0,0.000018,0.303784,33.611294,0,0.000000,1.342037,0.143376,0.000000,62.686567
"_Z9_kgauss64iiPdPiS0_S_S0_S0_S_d",7,0,0,22,64351,61440,32,0,0,3,7,0,0x0,0.000019,0.274979,30.073263,0,0.000000,1.267415,0.129805,0.000000,62.686567
"_Z9_kgauss64iiPdPiS0_S_S0_S0_S_d",8,0,0,23,64351,61440,32,0,0,3,7,0,0x0,0.000019,0.283364,31.744000,0,0.000000,1.452020,0.133739,0.000000,62.686567
"_Z9_kgauss64iiPdPiS0_S_S0_S0_S_d",9,0,0,24,64351,61440,32,0,0,3,7,0,0x0,0.000015,0.352308,38.092800,0,0.000000,1.145566,0.090902,0.000000,77.419355
"_Z9_kgauss64iiPdPiS0_S_S0_S0_S_d",10,0,0,25,64351,61440,32,0,0,3,7,0,0x0,0.000016,0.332601,35.712000,0,0.000000,1.090264,0.085817,0.000000,77.419355
