kernel-name,dispatch,gpu-id,queue-id,queue-index,tid,grd,wgr,lds,scr,vgpr,sgpr,fbar,sig,time,VALUBusy,performance,LDSInsts,LDSBankConflict,L1MemoryBusy,L1MemoryStalled,L2WriteUnitStalled,L2CacheHit
"_Z22collective_dist_kernelPiiiPd",0,0,0,4,95511,1576960,256,0,0,3,2,0,0x0,0.000031,23.298973,2628.266667,0,0.000000,36.998971,2.904303,0.000000,99.069524
"_Z22collective_dist_kernelPiiiPd",1,0,0,6,95511,1576960,256,0,0,3,2,0,0x0,0.000036,20.201844,2252.800000,0,0.000000,31.887429,2.913526,0.000000,98.760721
"_Z22collective_dist_kernelPiiiPd",2,0,0,7,95511,1576960,256,0,0,3,2,0,0x0,0.000032,22.842338,2543.483871,0,0.000000,35.232082,2.681750,0.000000,99.064733
"_Z22collective_dist_kernelPiiiPd",3,0,0,8,95511,1576960,256,0,0,3,2,0,0x0,0.000034,21.448468,2389.333333,0,0.000000,33.531105,2.947539,0.000000,98.763915
"_Z22collective_dist_kernelPiiiPd",4,0,0,9,95511,1576960,256,0,0,3,2,0,0x0,0.000033,21.621925,2389.333333,0,0.000000,33.988543,2.991969,0.000000,98.741787
"_Z22collective_dist_kernelPiiiPd",5,0,0,10,95511,1576960,256,0,0,3,2,0,0x0,0.000034,21.106299,2319.058824,0,0.000000,32.268881,2.868538,0.000000,98.767464
"_Z22collective_dist_kernelPiiiPd",6,0,0,11,95511,1576960,256,0,0,3,2,0,0x0,0.000034,20.978640,2319.058824,0,0.000000,32.775265,2.928836,0.000000,98.772083
"_Z22collective_dist_kernelPiiiPd",7,0,0,12,95511,1576960,256,0,0,3,2,0,0x0,0.000034,20.945162,2319.058824,0,0.000000,32.764217,2.846638,0.000000,98.770864
"_Z22collective_dist_kernelPiiiPd",8,0,0,13,95511,1576960,256,0,0,3,2,0,0x0,0.000034,21.260538,2389.333333,0,0.000000,33.552995,3.364871,0.000000,98.764312
"_Z22collective_dist_kernelPiiiPd",9,0,0,14,95511,1576960,256,0,0,3,2,0,0x0,0.000032,22.744727,2543.483871,0,0.000000,35.043126,2.665859,0.000000,99.069200
"_Z22collective_dist_kernelPiiiPd",10,0,0,15,95511,1576960,256,0,0,3,2,0,0x0,0.000033,22.027272,2464.000000,0,0.000000,33.718413,2.484505,0.000000,99.060686
