kernel-name,dispatch,gpu-id,queue-id,queue-index,tid,grd,wgr,lds,scr,vgpr,sgpr,fbar,sig,time,VALUBusy,performance,LDSInsts,LDSBankConflict,L1MemoryBusy,L1MemoryStalled,L2WriteUnitStalled,L2CacheHit
"_Z9_logplossiiPfS_",0,0,0,4,121213,1170432,192,0,0,3,2,0,0x0,0.000024,1.539124,208.762435,0,0.000000,0.197776,0.021540,0.000000,83.898305
"_Z9_logplossiiPfS_",1,0,0,6,121213,1170432,192,0,0,3,2,0,0x0,0.000030,1.214913,160.051200,0,0.000000,0.192696,0.055645,0.000000,68.512111
"_Z9_logplossiiPfS_",2,0,0,7,121213,1170432,192,0,0,3,2,0,0x0,0.000024,1.521487,200.064000,0,0.000000,0.138082,0.059362,0.000000,84.297521
"_Z9_logplossiiPfS_",3,0,0,8,121213,1170432,192,0,0,3,2,0,0x0,0.000026,1.390396,184.674462,0,0.000000,0.148002,0.049531,0.000000,69.097222
"_Z9_logplossiiPfS_",4,0,0,9,121213,1170432,192,0,0,3,2,0,0x0,0.000028,1.296345,171.483429,0,0.000000,0.210560,0.064322,0.000000,68.512111
"_Z9_logplossiiPfS_",5,0,0,10,121213,1170432,192,0,0,3,2,0,0x0,0.000028,1.316407,177.834667,0,0.000000,0.214377,0.063643,0.000000,68.439716
"_Z9_logplossiiPfS_",6,0,0,11,121213,1170432,192,0,0,3,2,0,0x0,0.000029,1.249947,165.570207,0,0.000000,0.216806,0.058840,0.000000,67.844523
"_Z9_logplossiiPfS_",7,0,0,12,121213,1170432,192,0,0,3,2,0,0x0,0.000029,1.277246,171.483429,0,0.000000,0.208541,0.055250,0.000000,69.415808
"_Z9_logplossiiPfS_",8,0,0,13,121213,1170432,192,0,0,3,2,0,0x0,0.000024,1.536597,208.762435,0,0.000000,0.245021,0.074940,0.000000,83.898305
"_Z9_logplossiiPfS_",9,0,0,14,121213,1170432,192,0,0,3,2,0,0x0,0.000025,1.471984,192.061440,0,0.000000,0.189148,0.053686,0.000000,83.898305
"_Z9_logplossiiPfS_",10,0,0,15,121213,1170432,192,0,0,3,2,0,0x0,0.000026,1.413635,184.674462,0,0.000000,0.122899,0.049759,0.000000,83.966245
