kernel-name,dispatch,gpu-id,queue-id,queue-index,tid,grd,wgr,lds,scr,vgpr,sgpr,fbar,sig,time,VALUBusy,performance,LDSInsts,LDSBankConflict,L1MemoryBusy,L1MemoryStalled,L2WriteUnitStalled,L2CacheHit
"_Z9_logplossiiPfS_",0,0,0,4,120221,57600,16,0,0,3,2,0,0x0,0.000015,0.730777,94.354286,0,0.000000,4.447151,0.637577,0.000000,86.666667
"_Z9_logplossiiPfS_",1,0,0,6,120221,57600,16,0,0,3,2,0,0x0,0.000020,0.536781,66.048000,0,0.000000,3.164675,0.415422,0.000000,73.111782
"_Z9_logplossiiPfS_",2,0,0,7,120221,57600,16,0,0,3,2,0,0x0,0.000015,0.735012,94.354286,0,0.000000,3.990370,0.574162,0.000000,86.619718
"_Z9_logplossiiPfS_",3,0,0,8,120221,57600,16,0,0,3,2,0,0x0,0.000018,0.588576,73.386667,0,0.000000,3.780538,0.542514,0.000000,73.976608
"_Z9_logplossiiPfS_",4,0,0,9,120221,57600,16,0,0,3,2,0,0x0,0.000018,0.592132,73.386667,0,0.000000,3.395750,0.514898,0.000000,73.111782
"_Z9_logplossiiPfS_",5,0,0,10,120221,57600,16,0,0,3,2,0,0x0,0.000018,0.592173,73.386667,0,0.000000,3.991589,0.544971,0.000000,74.127907
"_Z9_logplossiiPfS_",6,0,0,11,120221,57600,16,0,0,3,2,0,0x0,0.000019,0.577948,73.386667,0,0.000000,1.779073,0.281435,0.000000,72.948328
"_Z9_logplossiiPfS_",7,0,0,12,120221,57600,16,0,0,3,2,0,0x0,0.000019,0.574215,73.386667,0,0.000000,3.074132,0.451050,0.000000,72.782875
"_Z9_logplossiiPfS_",8,0,0,13,120221,57600,16,0,0,3,2,0,0x0,0.000019,0.581631,73.386667,0,0.000000,4.049498,0.524310,0.000000,73.590504
"_Z9_logplossiiPfS_",9,0,0,14,120221,57600,16,0,0,3,2,0,0x0,0.000015,0.729881,94.354286,0,0.000000,4.179360,0.564864,0.000000,86.572438
"_Z9_logplossiiPfS_",10,0,0,15,120221,57600,16,0,0,3,2,0,0x0,0.000015,0.729695,94.354286,0,0.000000,4.173012,0.580584,0.000000,86.428571
