kernel-name,dispatch,gpu-id,queue-id,queue-index,tid,grd,wgr,lds,scr,vgpr,sgpr,fbar,sig,time,VALUBusy,performance,LDSInsts,LDSBankConflict,L1MemoryBusy,L1MemoryStalled,L2WriteUnitStalled,L2CacheHit
"_Z23softmax_gradient_kerneliPKfS0_Pf",0,0,0,6,108061,4096576,64,512,0,2,2,0,0x0,0.000169,19.276032,2438.438095,704099,0.000000,48.722401,4.149602,0.000000,99.870265
"_Z23softmax_gradient_kerneliPKfS0_Pf",1,0,0,8,108061,4096576,64,512,0,2,2,0,0x0,0.000174,18.681928,2367.963006,704099,0.000000,47.269948,4.093461,0.000000,99.761908
"_Z23softmax_gradient_kerneliPKfS0_Pf",2,0,0,9,108061,4096576,64,512,0,2,2,0,0x0,0.000168,19.312036,2438.438095,704099,0.000000,48.754363,4.144913,0.000000,99.868758
"_Z23softmax_gradient_kerneliPKfS0_Pf",3,0,0,10,108061,4096576,64,512,0,2,2,0,0x0,0.000172,18.912919,2395.658480,704099,0.000000,47.990148,4.146802,0.000000,99.727344
"_Z23softmax_gradient_kerneliPKfS0_Pf",4,0,0,11,108061,4096576,64,512,0,2,2,0,0x0,0.000171,18.955313,2395.658480,704099,0.000000,47.619985,4.163660,0.000000,99.721335
"_Z23softmax_gradient_kerneliPKfS0_Pf",5,0,0,12,108061,4096576,64,512,0,2,2,0,0x0,0.000173,18.794540,2381.730233,704099,0.000000,47.312668,4.152287,0.000000,99.728846
"_Z23softmax_gradient_kerneliPKfS0_Pf",6,0,0,13,108061,4096576,64,512,0,2,2,0,0x0,0.000172,18.910856,2395.658480,704099,0.000000,47.757833,4.127532,0.000000,99.728846
"_Z23softmax_gradient_kerneliPKfS0_Pf",7,0,0,14,108061,4096576,64,512,0,2,2,0,0x0,0.000173,18.836473,2381.730233,704099,0.000000,47.359281,4.099345,0.000000,99.724339
"_Z23softmax_gradient_kerneliPKfS0_Pf",8,0,0,15,108061,4096576,64,512,0,2,2,0,0x0,0.000168,19.306731,2438.438095,704099,0.000000,48.597489,4.155932,0.000000,99.868758
"_Z23softmax_gradient_kerneliPKfS0_Pf",9,0,0,16,108061,4096576,64,512,0,2,2,0,0x0,0.000167,19.464543,2467.816867,704099,0.000000,49.346252,4.173060,0.000000,99.870265
"_Z23softmax_gradient_kerneliPKfS0_Pf",10,0,0,17,108061,4096576,64,512,0,2,2,0,0x0,0.000168,19.375638,2453.039521,704099,0.000000,48.939892,4.161171,0.000000,99.870265
