kernel-name,dispatch,gpu-id,queue-id,queue-index,tid,grd,wgr,lds,scr,vgpr,sgpr,fbar,sig,time,VALUBusy,performance,LDSInsts,LDSBankConflict,L1MemoryBusy,L1MemoryStalled,L2WriteUnitStalled,L2CacheHit
"_Z9cg_init_kiiiPKdPdS1_dd",0,0,0,6,78668,61440,128,0,0,4,2,0,0x0,0.000009,0.331870,31.630222,0,0.000000,0.935471,0.128857,0.000000,80.676329
"_Z9cg_init_kiiiPKdPdS1_dd",1,0,0,8,78668,61440,128,0,0,4,2,0,0x0,0.000016,0.198647,18.978133,0,0.000000,0.621242,0.146293,0.000000,64.980545
"_Z9cg_init_kiiiPKdPdS1_dd",2,0,0,9,78668,61440,128,0,0,4,2,0,0x0,0.000010,0.315925,31.630222,0,0.000000,0.845919,0.105142,0.000000,80.676329
"_Z9cg_init_kiiiPKdPdS1_dd",3,0,0,10,78668,61440,128,0,0,4,2,0,0x0,0.000014,0.215639,20.333714,0,0.000000,0.674382,0.158806,0.000000,64.980545
"_Z9cg_init_kiiiPKdPdS1_dd",4,0,0,11,78668,61440,128,0,0,4,2,0,0x0,0.000014,0.216913,20.333714,0,0.000000,0.678367,0.159744,0.000000,64.980545
"_Z9cg_init_kiiiPKdPdS1_dd",5,0,0,12,78668,61440,128,0,0,4,2,0,0x0,0.000013,0.239780,23.722667,0,0.000000,0.749879,0.176584,0.000000,64.980545
"_Z9cg_init_kiiiPKdPdS1_dd",6,0,0,13,78668,61440,128,0,0,4,2,0,0x0,0.000015,0.210600,20.333714,0,0.000000,0.658622,0.155095,0.000000,64.980545
"_Z9cg_init_kiiiPKdPdS1_dd",7,0,0,14,78668,61440,128,0,0,4,2,0,0x0,0.000015,0.205884,18.978133,0,0.000000,0.643875,0.151622,0.000000,64.980545
"_Z9cg_init_kiiiPKdPdS1_dd",8,0,0,15,78668,61440,128,0,0,4,2,0,0x0,0.000014,0.228641,21.897846,0,0.000000,0.715044,0.168381,0.000000,64.980545
"_Z9cg_init_kiiiPKdPdS1_dd",9,0,0,16,78668,61440,128,0,0,4,2,0,0x0,0.000010,0.296219,28.467200,0,0.000000,0.793153,0.098584,0.000000,80.676329
"_Z9cg_init_kiiiPKdPdS1_dd",10,0,0,17,78668,61440,128,0,0,4,2,0,0x0,0.000011,0.281103,25.879273,0,0.000000,0.752679,0.093553,0.000000,80.676329
