kernel-name,dispatch,gpu-id,queue-id,queue-index,tid,grd,wgr,lds,scr,vgpr,sgpr,fbar,sig,time,VALUBusy,performance,LDSInsts,LDSBankConflict,L1MemoryBusy,L1MemoryStalled,L2WriteUnitStalled,L2CacheHit
"_Z9cg_init_kiiiPKdPdS1_dd",0,0,0,6,79642,1537536,32,0,0,4,2,0,0x0,0.000126,0.841883,101.437440,0,0.000000,0.078356,0.008209,0.000000,87.538941
"_Z9cg_init_kiiiPKdPdS1_dd",1,0,0,8,79642,1537536,32,0,0,4,2,0,0x0,0.000130,0.810659,97.536000,0,0.000000,0.209942,0.143953,0.000000,74.734043
"_Z9cg_init_kiiiPKdPdS1_dd",2,0,0,9,79642,1537536,32,0,0,4,2,0,0x0,0.000126,0.841648,101.437440,0,0.000000,0.078334,0.008206,0.000000,87.538941
"_Z9cg_init_kiiiPKdPdS1_dd",3,0,0,10,79642,1537536,32,0,0,4,2,0,0x0,0.000128,0.824563,99.060000,0,0.000000,0.211107,0.143986,0.000000,75.133690
"_Z9cg_init_kiiiPKdPdS1_dd",4,0,0,11,79642,1537536,32,0,0,4,2,0,0x0,0.000128,0.824848,99.060000,0,0.000000,0.218735,0.151591,0.000000,74.933333
"_Z9cg_init_kiiiPKdPdS1_dd",5,0,0,12,79642,1537536,32,0,0,4,2,0,0x0,0.000129,0.822567,99.060000,0,0.000000,0.217158,0.150200,0.000000,74.933333
"_Z9cg_init_kiiiPKdPdS1_dd",6,0,0,13,79642,1537536,32,0,0,4,2,0,0x0,0.000129,0.822235,99.060000,0,0.000000,0.219986,0.153055,0.000000,74.933333
"_Z9cg_init_kiiiPKdPdS1_dd",7,0,0,14,79642,1537536,32,0,0,4,2,0,0x0,0.000129,0.822687,99.060000,0,0.000000,0.221079,0.154111,0.000000,75.335121
"_Z9cg_init_kiiiPKdPdS1_dd",8,0,0,15,79642,1537536,32,0,0,4,2,0,0x0,0.000126,0.841205,101.437440,0,0.000000,0.078293,0.008202,0.000000,87.538941
"_Z9cg_init_kiiiPKdPdS1_dd",9,0,0,16,79642,1537536,32,0,0,4,2,0,0x0,0.000126,0.841008,101.437440,0,0.000000,0.078274,0.008200,0.000000,87.538941
"_Z9cg_init_kiiiPKdPdS1_dd",10,0,0,17,79642,1537536,32,0,0,4,2,0,0x0,0.000126,0.841313,101.437440,0,0.000000,0.078303,0.008203,0.000000,87.538941
