kernel-name,dispatch,gpu-id,queue-id,queue-index,tid,grd,wgr,lds,scr,vgpr,sgpr,fbar,sig,time,VALUBusy,performance,LDSInsts,LDSBankConflict,L1MemoryBusy,L1MemoryStalled,L2WriteUnitStalled,L2CacheHit
"_Z20AccuracyDivideKerneliPf",0,0,0,2,126051,3010560,128,0,0,1,0,0,0x0,0.000066,11.165016,1204.224000,0,0.000000,23.514654,4.286806,0.000000,99.987297
"_Z20AccuracyDivideKerneliPf",1,0,0,4,126051,3010560,128,0,0,1,0,0,0x0,0.000068,10.775744,1151.096471,0,0.000000,22.549114,4.293346,0.000000,99.833358
"_Z20AccuracyDivideKerneliPf",2,0,0,5,126051,3010560,128,0,0,1,0,0,0x0,0.000068,10.827932,1168.277015,0,0.000000,25.413413,4.594505,0.000000,99.985196
"_Z20AccuracyDivideKerneliPf",3,0,0,6,126051,3010560,128,0,0,1,0,0,0x0,0.000067,10.906258,1168.277015,0,0.000000,24.920707,4.629827,0.000000,99.833354
"_Z20AccuracyDivideKerneliPf",4,0,0,7,126051,3010560,128,0,0,1,0,0,0x0,0.000068,10.820360,1168.277015,0,0.000000,22.658579,4.468689,0.000000,99.832829
"_Z20AccuracyDivideKerneliPf",5,0,0,8,126051,3010560,128,0,0,1,0,0,0x0,0.000069,10.581249,1134.413913,0,0.000000,22.166637,4.199658,0.000000,99.832829
"_Z20AccuracyDivideKerneliPf",6,0,0,9,126051,3010560,128,0,0,1,0,0,0x0,0.000069,10.700247,1151.096471,0,0.000000,22.437081,4.504158,0.000000,99.832829
"_Z20AccuracyDivideKerneliPf",7,0,0,10,126051,3010560,128,0,0,1,0,0,0x0,0.000071,10.331649,1102.458592,0,0.000000,21.614979,4.009005,0.000000,99.828774
"_Z20AccuracyDivideKerneliPf",8,0,0,11,126051,3010560,128,0,0,1,0,0,0x0,0.000070,10.458632,1118.208000,0,0.000000,24.085092,4.510508,0.000000,99.833182
"_Z20AccuracyDivideKerneliPf",9,0,0,12,126051,3010560,128,0,0,1,0,0,0x0,0.000068,10.866652,1168.277015,0,0.000000,22.993920,4.287292,0.000000,99.987336
"_Z20AccuracyDivideKerneliPf",10,0,0,13,126051,3010560,128,0,0,1,0,0,0x0,0.000071,10.376593,1118.208000,0,0.000000,23.643366,4.436743,0.000000,99.987304
