kernel-name,dispatch,gpu-id,queue-id,queue-index,tid,grd,wgr,lds,scr,vgpr,sgpr,fbar,sig,time,VALUBusy,performance,LDSInsts,LDSBankConflict,L1MemoryBusy,L1MemoryStalled,L2WriteUnitStalled,L2CacheHit
"exp_float",0,0,0,4,44557,61440,32,0,0,5,3,0,0x0,0.000358,76.874913,9431.659563,0,0.000000,66.119681,11.725421,0.000000,99.476651
"exp_float",1,0,0,6,44557,61440,32,0,0,5,3,0,0x0,0.000362,75.993429,9327.153640,0,0.000000,64.982170,11.633237,0.000000,99.466283
"exp_float",2,0,0,7,44557,61440,32,0,0,5,3,0,0x0,0.000357,76.958265,9431.659563,0,0.000000,65.996773,11.706000,0.000000,99.477103
"exp_float",3,0,0,8,44557,61440,32,0,0,5,3,0,0x0,0.000363,75.869487,9301.388022,0,0.000000,65.318106,12.071312,0.000000,99.428329
"exp_float",4,0,0,9,44557,61440,32,0,0,5,3,0,0x0,0.000360,76.345705,9353.062400,0,0.000000,65.121450,11.484704,0.000000,99.468369
"exp_float",5,0,0,10,44557,61440,32,0,0,5,3,0,0x0,0.000360,76.427647,9379.115499,0,0.000000,64.380416,11.464206,0.000000,99.463932
"exp_float",6,0,0,11,44557,61440,32,0,0,5,3,0,0x0,0.000361,76.289851,9353.062400,0,0.000000,64.960604,11.440676,0.000000,99.463991
"exp_float",7,0,0,12,44557,61440,32,0,0,5,3,0,0x0,0.000359,76.646756,9405.314145,0,0.000000,65.376630,11.471120,0.000000,99.473838
"exp_float",8,0,0,13,44557,61440,32,0,0,5,3,0,0x0,0.000358,76.722925,9405.314145,0,0.000000,65.649201,11.530552,0.000000,99.473880
"exp_float",9,0,0,14,44557,61440,32,0,0,5,3,0,0x0,0.000358,76.786649,9405.314145,0,0.000000,65.927773,11.606348,0.000000,99.476318
"exp_float",10,0,0,15,44557,61440,32,0,0,5,3,0,0x0,0.000359,76.563544,9379.115499,0,0.000000,65.256895,11.542266,0.000000,99.473904
