kernel-name,dispatch,gpu-id,queue-id,queue-index,tid,grd,wgr,lds,scr,vgpr,sgpr,fbar,sig,time,VALUBusy,performance,LDSInsts,LDSBankConflict,L1MemoryBusy,L1MemoryStalled,L2WriteUnitStalled,L2CacheHit
"sub_strided_float",0,0,0,6,28018,253952,256,0,0,1,2,0,0x0,0.001112,83.059278,9751.081439,0,0.000000,77.149573,13.845044,0.001686,99.218041
"sub_strided_float",1,0,0,8,28018,253952,256,0,0,1,2,0,0x0,0.001118,82.622510,9698.750054,0,0.000000,79.337295,13.752369,0.001677,99.214705
"sub_strided_float",2,0,0,9,28018,253952,256,0,0,1,2,0,0x0,0.001118,82.607689,9698.750054,0,0.000000,77.361324,13.891205,0.093326,99.205831
"sub_strided_float",3,0,0,10,28018,253952,256,0,0,1,2,0,0x0,0.001122,82.372735,9672.794434,0,0.000000,79.063027,13.663470,0.150458,99.206564
"sub_strided_float",4,0,0,11,28018,253952,256,0,0,1,2,0,0x0,0.001119,82.588719,9698.750054,0,0.000000,77.275061,13.813762,0.034081,99.205603
"sub_strided_float",5,0,0,12,28018,253952,256,0,0,1,2,0,0x0,0.001121,82.433555,9681.430857,0,0.000000,78.285412,13.521623,0.091457,99.218784
"sub_strided_float",6,0,0,13,28018,253952,256,0,0,1,2,0,0x0,0.001117,82.689619,9707.432910,0,0.000000,77.427465,13.780587,0.314380,99.218617
"sub_strided_float",7,0,0,14,28018,253952,256,0,0,1,2,0,0x0,0.001118,82.621171,9698.750054,0,0.000000,78.729331,13.634016,0.104520,99.218862
"sub_strided_float",8,0,0,15,28018,253952,256,0,0,1,2,0,0x0,0.001119,82.589042,9698.750054,0,0.000000,78.097064,13.942404,0.084366,99.218637
"sub_strided_float",9,0,0,16,28018,253952,256,0,0,1,2,0,0x0,0.001120,82.502429,9690.082717,0,0.000000,77.309423,13.718359,0.097114,99.218648
"sub_strided_float",10,0,0,17,28018,253952,256,0,0,1,2,0,0x0,0.001118,82.612305,9698.750054,0,0.000000,77.800966,13.607627,0.085507,99.218810
