kernel-name,dispatch,gpu-id,queue-id,queue-index,tid,grd,wgr,lds,scr,vgpr,sgpr,fbar,sig,time,VALUBusy,performance,LDSInsts,LDSBankConflict,L1MemoryBusy,L1MemoryStalled,L2WriteUnitStalled,L2CacheHit
"_Z12Find3DMinMaxPiPfS0_S0_iii",0,0,0,8,58672,1040384,16,7680,0,6,4,0,0x0,0.001377,23.647656,3101.422140,25135104,0.000000,0.029472,0.006616,0.000000,91.382576
"_Z12Find3DMinMaxPiPfS0_S0_iii",1,0,0,10,58672,1040384,16,7680,0,6,4,0,0x0,0.001381,23.581535,3092.432510,25135104,0.000000,0.026062,0.014067,0.000000,87.093863
"_Z12Find3DMinMaxPiPfS0_S0_iii",2,0,0,11,58672,1040384,16,7680,0,6,4,0,0x0,0.001376,23.665703,3103.677719,25135104,0.000000,0.028097,0.024633,0.000000,80.016584
"_Z12Find3DMinMaxPiPfS0_S0_iii",3,0,0,12,58672,1040384,16,7680,0,6,4,0,0x0,0.001379,23.607320,3094.675028,25135104,0.000000,0.025535,0.014025,0.000000,83.333333
"_Z12Find3DMinMaxPiPfS0_S0_iii",4,0,0,13,58672,1040384,16,7680,0,6,4,0,0x0,0.001379,23.619137,3096.920801,25135104,0.000000,0.026829,0.016004,0.000000,83.549784
"_Z12Find3DMinMaxPiPfS0_S0_iii",5,0,0,14,58672,1040384,16,7680,0,6,4,0,0x0,0.001378,23.633098,3099.169836,25135104,0.000000,0.030565,0.006862,0.000000,91.382576
"_Z12Find3DMinMaxPiPfS0_S0_iii",6,0,0,15,58672,1040384,16,7680,0,6,4,0,0x0,0.001376,23.668037,3103.677719,25135104,0.000000,0.026714,0.005997,0.000000,91.382576
"_Z12Find3DMinMaxPiPfS0_S0_iii",7,0,0,16,58672,1040384,16,7680,0,6,4,0,0x0,0.001376,23.659889,3101.422140,25135104,0.000000,0.033381,0.007494,0.000000,91.382576
"_Z12Find3DMinMaxPiPfS0_S0_iii",8,0,0,17,58672,1040384,16,7680,0,6,4,0,0x0,0.001376,23.666983,3103.677719,25135104,0.000000,0.028939,0.006497,0.000000,91.382576
"_Z12Find3DMinMaxPiPfS0_S0_iii",9,0,0,18,58672,1040384,16,7680,0,6,4,0,0x0,0.001376,23.665940,3103.677719,25135104,0.000000,0.030607,0.006871,0.000000,91.382576
"_Z12Find3DMinMaxPiPfS0_S0_iii",10,0,0,19,58672,1040384,16,7680,0,6,4,0,0x0,0.001376,23.666628,3103.677719,25135104,0.000000,0.028939,0.006496,0.000000,91.382576
