kernel-name,dispatch,gpu-id,queue-id,queue-index,tid,grd,wgr,lds,scr,vgpr,sgpr,fbar,sig,time,VALUBusy,performance,LDSInsts,LDSBankConflict,L1MemoryBusy,L1MemoryStalled,L2WriteUnitStalled,L2CacheHit
"_Z14sgemm_kernel_APKfS0_Pfiiiff",0,0,0,6,92265,92160,192,0,0,5,2,0,0x0,0.000012,3.841910,430.080000,0,0.000000,9.463372,2.689603,0.000000,99.261655
"_Z14sgemm_kernel_APKfS0_Pfiiiff",1,0,0,8,92265,92160,192,0,0,5,2,0,0x0,0.000016,2.945646,344.064000,0,0.000000,7.548985,2.055569,0.000000,98.830473
"_Z14sgemm_kernel_APKfS0_Pfiiiff",2,0,0,9,92265,92160,192,0,0,5,2,0,0x0,0.000012,4.005963,469.178182,0,0.000000,9.645224,2.944346,0.000000,99.265691
"_Z14sgemm_kernel_APKfS0_Pfiiiff",3,0,0,10,92265,92160,192,0,0,5,2,0,0x0,0.000013,3.462183,396.996923,0,0.000000,9.469944,2.702703,0.000000,98.824030
"_Z14sgemm_kernel_APKfS0_Pfiiiff",4,0,0,11,92265,92160,192,0,0,5,2,0,0x0,0.000013,3.461569,396.996923,0,0.000000,10.621098,2.887662,0.000000,98.817549
"_Z14sgemm_kernel_APKfS0_Pfiiiff",5,0,0,12,92265,92160,192,0,0,5,2,0,0x0,0.000014,3.316773,368.640000,0,0.000000,9.443899,2.577435,0.000000,98.828643
"_Z14sgemm_kernel_APKfS0_Pfiiiff",6,0,0,13,92265,92160,192,0,0,5,2,0,0x0,0.000015,3.071829,344.064000,0,0.000000,8.738888,2.325822,0.000000,98.843900
"_Z14sgemm_kernel_APKfS0_Pfiiiff",7,0,0,14,92265,92160,192,0,0,5,2,0,0x0,0.000014,3.257699,368.640000,0,0.000000,8.975259,2.362257,0.000000,98.833504
"_Z14sgemm_kernel_APKfS0_Pfiiiff",8,0,0,15,92265,92160,192,0,0,5,2,0,0x0,0.000014,3.216076,368.640000,0,0.000000,9.769617,2.346051,0.000000,98.840485
"_Z14sgemm_kernel_APKfS0_Pfiiiff",9,0,0,16,92265,92160,192,0,0,5,2,0,0x0,0.000012,3.728880,430.080000,0,0.000000,9.009834,2.784607,0.000000,99.263005
"_Z14sgemm_kernel_APKfS0_Pfiiiff",10,0,0,17,92265,92160,192,0,0,5,2,0,0x0,0.000012,3.778988,430.080000,0,0.000000,8.774093,2.751360,0.000000,99.262052
