kernel-name,dispatch,gpu-id,queue-id,queue-index,tid,grd,wgr,lds,scr,vgpr,sgpr,fbar,sig,time,VALUBusy,performance,LDSInsts,LDSBankConflict,L1MemoryBusy,L1MemoryStalled,L2WriteUnitStalled,L2CacheHit
"_Z51cunn_TemporalMaxPooling_updateGradInputKernelAtomicPfS_S_iiiii",0,0,0,6,5909,2849280,32,0,0,3,2,0,0x0,0.000228,1.020531,128.269474,0,0.000000,2.809233,2.816214,0.000000,99.446588
"_Z51cunn_TemporalMaxPooling_updateGradInputKernelAtomicPfS_S_iiiii",1,0,0,8,5909,2849280,32,0,0,3,2,0,0x0,0.000234,0.996077,125.516910,0,0.000000,2.715129,2.213416,0.000000,99.074355
"_Z51cunn_TemporalMaxPooling_updateGradInputKernelAtomicPfS_S_iiiii",2,0,0,9,5909,2849280,32,0,0,3,2,0,0x0,0.000228,1.020411,128.269474,0,0.000000,3.472340,3.249985,0.000000,99.446588
"_Z51cunn_TemporalMaxPooling_updateGradInputKernelAtomicPfS_S_iiiii",3,0,0,10,5909,2849280,32,0,0,3,2,0,0x0,0.000232,1.005611,126.603636,0,0.000000,3.014069,2.536421,0.000000,99.072685
"_Z51cunn_TemporalMaxPooling_updateGradInputKernelAtomicPfS_S_iiiii",4,0,0,11,5909,2849280,32,0,0,3,2,0,0x0,0.000232,1.005584,126.603636,0,0.000000,2.805452,2.276222,0.000000,99.066004
"_Z51cunn_TemporalMaxPooling_updateGradInputKernelAtomicPfS_S_iiiii",5,0,0,12,5909,2849280,32,0,0,3,2,0,0x0,0.000232,1.003014,126.057931,0,0.000000,3.069787,2.560342,0.000000,99.077696
"_Z51cunn_TemporalMaxPooling_updateGradInputKernelAtomicPfS_S_iiiii",6,0,0,13,5909,2849280,32,0,0,3,2,0,0x0,0.000232,1.003605,126.057931,0,0.000000,2.820056,2.261376,0.000000,99.077696
"_Z51cunn_TemporalMaxPooling_updateGradInputKernelAtomicPfS_S_iiiii",7,0,0,14,5909,2849280,32,0,0,3,2,0,0x0,0.000232,1.003586,126.057931,0,0.000000,2.918141,2.399588,0.000000,99.069344
"_Z51cunn_TemporalMaxPooling_updateGradInputKernelAtomicPfS_S_iiiii",8,0,0,15,5909,2849280,32,0,0,3,2,0,0x0,0.000228,1.020160,128.269474,0,0.000000,3.524306,3.257942,0.000000,99.446588
"_Z51cunn_TemporalMaxPooling_updateGradInputKernelAtomicPfS_S_iiiii",9,0,0,16,5909,2849280,32,0,0,3,2,0,0x0,0.000228,1.020054,128.269474,0,0.000000,3.453952,3.232632,0.000000,99.446588
"_Z51cunn_TemporalMaxPooling_updateGradInputKernelAtomicPfS_S_iiiii",10,0,0,17,5909,2849280,32,0,0,3,2,0,0x0,0.000228,1.020266,128.269474,0,0.000000,3.516940,3.383231,0.000000,99.446588
