kernel-name,dispatch,gpu-id,queue-id,queue-index,tid,grd,wgr,lds,scr,vgpr,sgpr,fbar,sig,time,VALUBusy,performance,LDSInsts,LDSBankConflict,L1MemoryBusy,L1MemoryStalled,L2WriteUnitStalled,L2CacheHit
"_Z11calc_outputPhS_Pii",0,0,0,6,94320,1040384,16,0,0,1,1,0,0x0,0.000170,15.475948,1785.426071,470379,0.000000,38.839584,9.560092,1.141712,98.383447
"_Z11calc_outputPhS_Pii",1,0,0,8,94320,1040384,16,0,0,1,1,0,0x0,0.000178,15.019853,1740.703819,488262,0.000000,37.421498,8.092786,1.230722,98.381674
"_Z11calc_outputPhS_Pii",2,0,0,9,94320,1040384,16,0,0,1,1,0,0x0,0.000171,15.385632,1777.179696,471831,0.000000,38.509060,9.449852,1.115608,98.385514
"_Z11calc_outputPhS_Pii",3,0,0,10,94320,1040384,16,0,0,1,1,0,0x0,0.000176,15.099900,1746.264000,485292,0.000000,37.838345,8.413373,1.208123,98.380721
"_Z11calc_outputPhS_Pii",4,0,0,11,94320,1040384,16,0,0,1,1,0,0x0,0.000177,15.083282,1746.330909,485337,0.000000,37.909085,8.600866,1.072255,98.379258
"_Z11calc_outputPhS_Pii",5,0,0,12,94320,1040384,16,0,0,1,1,0,0x0,0.000177,15.056835,1738.767186,486931,0.000000,37.365785,8.057405,1.058548,98.382772
"_Z11calc_outputPhS_Pii",6,0,0,13,94320,1040384,16,0,0,1,1,0,0x0,0.000177,15.046388,1739.736226,487593,0.000000,37.421848,8.471516,1.071396,98.380803
"_Z11calc_outputPhS_Pii",7,0,0,14,94320,1040384,16,0,0,1,1,0,0x0,0.000176,15.097794,1745.225455,484579,0.000000,37.795324,8.751790,1.091626,98.379230
"_Z11calc_outputPhS_Pii",8,0,0,15,94320,1040384,16,0,0,1,1,0,0x0,0.000178,15.028998,1741.351051,488713,0.000000,37.326379,8.734098,1.083321,98.382410
"_Z11calc_outputPhS_Pii",9,0,0,16,94320,1040384,16,0,0,1,1,0,0x0,0.000171,15.433022,1784.315482,469633,0.000000,38.782477,8.719052,1.084261,98.385723
"_Z11calc_outputPhS_Pii",10,0,0,17,94320,1040384,16,0,0,1,1,0,0x0,0.000171,15.423432,1785.404235,470366,0.000000,38.674308,8.944514,1.108631,98.386447
