kernel-name,dispatch,gpu-id,queue-id,queue-index,tid,grd,wgr,lds,scr,vgpr,sgpr,fbar,sig,time,VALUBusy,performance,LDSInsts,LDSBankConflict,L1MemoryBusy,L1MemoryStalled,L2WriteUnitStalled,L2CacheHit
"_Z11calc_outputPhS_Pii",0,0,0,6,94266,1032256,64,0,0,1,1,0,0x0,0.000048,14.735561,1744.411234,142850,0.000000,30.886583,4.872906,4.171080,87.457419
"_Z11calc_outputPhS_Pii",1,0,0,8,94266,1032256,64,0,0,1,1,0,0x0,0.000054,13.567466,1615.661887,157060,0.000000,28.566920,4.549350,3.613537,87.393800
"_Z11calc_outputPhS_Pii",2,0,0,9,94266,1032256,64,0,0,1,1,0,0x0,0.000049,14.503475,1708.706667,142968,0.000000,30.401137,4.844395,4.116868,87.457419
"_Z11calc_outputPhS_Pii",3,0,0,10,94266,1032256,64,0,0,1,1,0,0x0,0.000053,13.693787,1606.006340,155055,0.000000,29.631621,4.646899,3.819530,87.392248
"_Z11calc_outputPhS_Pii",4,0,0,11,94266,1032256,64,0,0,1,1,0,0x0,0.000054,13.580854,1615.060528,156955,0.000000,28.809535,4.437209,3.537011,87.392831
"_Z11calc_outputPhS_Pii",5,0,0,12,94266,1032256,64,0,0,1,1,0,0x0,0.000053,13.679998,1607.911849,155464,0.000000,29.061455,4.567818,3.565355,87.389922
"_Z11calc_outputPhS_Pii",6,0,0,13,94266,1032256,64,0,0,1,1,0,0x0,0.000054,13.598893,1613.379623,156606,0.000000,29.295685,4.541228,3.742706,87.387789
"_Z11calc_outputPhS_Pii",7,0,0,14,94266,1032256,64,0,0,1,1,0,0x0,0.000053,13.701973,1605.689962,155006,0.000000,29.268551,4.570822,3.775449,87.390552
"_Z11calc_outputPhS_Pii",8,0,0,15,94266,1032256,64,0,0,1,1,0,0x0,0.000054,13.548901,1587.311407,157414,0.000000,28.818887,4.444920,3.478281,87.390506
"_Z11calc_outputPhS_Pii",9,0,0,16,94266,1032256,64,0,0,1,1,0,0x0,0.000048,14.651394,1733.553021,140845,0.000000,30.918765,4.902018,3.804220,87.457419
"_Z11calc_outputPhS_Pii",10,0,0,17,94266,1032256,64,0,0,1,1,0,0x0,0.000048,14.642065,1732.335660,140636,0.000000,30.875144,4.904178,4.052499,87.457419
