kernel-name,dispatch,gpu-id,queue-id,queue-index,tid,grd,wgr,lds,scr,vgpr,sgpr,fbar,sig,time,VALUBusy,performance,LDSInsts,LDSBankConflict,L1MemoryBusy,L1MemoryStalled,L2WriteUnitStalled,L2CacheHit
"_Z10clearLabelPbj",0,0,0,2,129276,3010560,256,0,0,0,1,0,0x0,0.000050,1.825859,240.916480,0,0.000000,0.134105,0.020488,0.000000,82.558140
"_Z10clearLabelPbj",1,0,0,4,129276,3010560,256,0,0,0,1,0,0x0,0.000055,1.678620,223.070815,0,0.000000,0.184650,0.165529,0.000000,57.723577
"_Z10clearLabelPbj",2,0,0,5,129276,3010560,256,0,0,0,1,0,0x0,0.000050,1.829676,240.916480,0,0.000000,0.159271,0.045417,0.000000,82.558140
"_Z10clearLabelPbj",3,0,0,6,129276,3010560,256,0,0,0,1,0,0x0,0.000052,1.757992,231.650462,0,0.000000,0.191289,0.173057,0.000000,57.723577
"_Z10clearLabelPbj",4,0,0,7,129276,3010560,256,0,0,0,1,0,0x0,0.000053,1.724975,227.279698,0,0.000000,0.245472,0.227582,0.000000,57.723577
"_Z10clearLabelPbj",5,0,0,8,129276,3010560,256,0,0,0,1,0,0x0,0.000053,1.719287,227.279698,0,0.000000,0.212508,0.192924,0.000000,57.723577
"_Z10clearLabelPbj",6,0,0,9,129276,3010560,256,0,0,0,1,0,0x0,0.000053,1.730415,227.279698,0,0.000000,0.195349,0.177403,0.000000,57.723577
"_Z10clearLabelPbj",7,0,0,10,129276,3010560,256,0,0,0,1,0,0x0,0.000054,1.704085,227.279698,0,0.000000,0.318117,0.192667,0.000000,57.723577
"_Z10clearLabelPbj",8,0,0,11,129276,3010560,256,0,0,0,1,0,0x0,0.000050,1.846031,245.833143,0,0.000000,0.161950,0.027619,0.000000,82.558140
"_Z10clearLabelPbj",9,0,0,12,129276,3010560,256,0,0,0,1,0,0x0,0.000050,1.834515,240.916480,0,0.000000,0.160004,0.045849,0.000000,82.558140
"_Z10clearLabelPbj",10,0,0,13,129276,3010560,256,0,0,0,1,0,0x0,0.000051,1.807034,240.916480,0,0.000000,0.154843,0.023656,0.000000,82.558140
