kernel-name,dispatch,gpu-id,queue-id,queue-index,tid,grd,wgr,lds,scr,vgpr,sgpr,fbar,sig,time,VALUBusy,performance,LDSInsts,LDSBankConflict,L1MemoryBusy,L1MemoryStalled,L2WriteUnitStalled,L2CacheHit
"_Z10clearLabelPbj",0,0,0,2,128618,1170432,192,0,0,0,1,0,0x0,0.000027,1.342556,180.155077,0,0.000000,0.039916,0.006457,0.000000,81.481481
"_Z10clearLabelPbj",1,0,0,4,128618,1170432,192,0,0,0,1,0,0x0,0.000028,1.280212,173.482667,0,0.000000,0.395741,0.331930,0.000000,55.932203
"_Z10clearLabelPbj",2,0,0,5,128618,1170432,192,0,0,0,1,0,0x0,0.000024,1.484221,195.168000,0,0.000000,0.099289,0.058405,0.000000,81.481481
"_Z10clearLabelPbj",3,0,0,6,128618,1170432,192,0,0,0,1,0,0x0,0.000026,1.381882,187.361280,0,0.000000,0.395751,0.358895,0.000000,55.696203
"_Z10clearLabelPbj",4,0,0,7,128618,1170432,192,0,0,0,1,0,0x0,0.000026,1.359216,180.155077,0,0.000000,0.425512,0.354197,0.000000,55.932203
"_Z10clearLabelPbj",5,0,0,8,128618,1170432,192,0,0,0,1,0,0x0,0.000027,1.326977,180.155077,0,0.000000,0.438047,0.371905,0.000000,55.932203
"_Z10clearLabelPbj",6,0,0,9,128618,1170432,192,0,0,0,1,0,0x0,0.000027,1.334659,180.155077,0,0.000000,0.389230,0.355967,0.000000,55.932203
"_Z10clearLabelPbj",7,0,0,10,128618,1170432,192,0,0,0,1,0,0x0,0.000027,1.312358,173.482667,0,0.000000,0.126810,0.354036,0.000000,55.932203
"_Z10clearLabelPbj",8,0,0,11,128618,1170432,192,0,0,0,1,0,0x0,0.000024,1.507941,203.653565,0,0.000000,0.140435,0.065272,0.000000,81.481481
"_Z10clearLabelPbj",9,0,0,12,128618,1170432,192,0,0,0,1,0,0x0,0.000025,1.401528,187.361280,0,0.000000,0.088242,0.053313,0.000000,81.481481
"_Z10clearLabelPbj",10,0,0,13,128618,1170432,192,0,0,0,1,0,0x0,0.000024,1.494618,203.653565,0,0.000000,0.091489,0.054240,0.000000,81.481481
