kernel-name,dispatch,gpu-id,queue-id,queue-index,tid,grd,wgr,lds,scr,vgpr,sgpr,fbar,sig,time,VALUBusy,performance,LDSInsts,LDSBankConflict,L1MemoryBusy,L1MemoryStalled,L2WriteUnitStalled,L2CacheHit
"_Z19maximum_kernel_samePKfmmS0_mmmPfmf",0,0,0,6,103383,4129024,256,128,0,4,3,0,0x0,0.000082,37.667428,3853.068488,480060,0.000000,20.760034,2.630040,0.000000,99.793752
"_Z19maximum_kernel_samePKfmmS0_mmmPfmf",1,0,0,8,103383,4129024,256,128,0,4,3,0,0x0,0.000080,38.830237,3999.387544,480060,0.000000,21.527707,2.694560,0.000000,99.787699
"_Z19maximum_kernel_samePKfmmS0_mmmPfmf",2,0,0,9,103383,4129024,256,128,0,4,3,0,0x0,0.000068,45.373388,4646.347294,480060,0.000000,25.011208,3.000622,0.000000,99.878574
"_Z19maximum_kernel_samePKfmmS0_mmmPfmf",3,0,0,10,103383,4129024,256,128,0,4,3,0,0x0,0.000071,43.843812,4513.594514,480060,0.000000,24.277239,3.065212,0.000000,99.795265
"_Z19maximum_kernel_samePKfmmS0_mmmPfmf",4,0,0,11,103383,4129024,256,128,0,4,3,0,0x0,0.000071,43.835758,4513.594514,480060,0.000000,24.586969,3.079946,0.000000,99.792239
"_Z19maximum_kernel_samePKfmmS0_mmmPfmf",5,0,0,12,103383,4129024,256,128,0,4,3,0,0x0,0.000072,42.880718,4388.216889,480060,0.000000,23.638073,3.022180,0.000000,99.793752
"_Z19maximum_kernel_samePKfmmS0_mmmPfmf",6,0,0,13,103383,4129024,256,128,0,4,3,0,0x0,0.000071,43.881321,4513.594514,480060,0.000000,24.310902,3.046854,0.000000,99.795265
"_Z19maximum_kernel_samePKfmmS0_mmmPfmf",7,0,0,14,103383,4129024,256,128,0,4,3,0,0x0,0.000071,43.872794,4513.594514,480060,0.000000,24.116622,3.029231,0.000000,99.795265
"_Z19maximum_kernel_samePKfmmS0_mmmPfmf",8,0,0,15,103383,4129024,256,128,0,4,3,0,0x0,0.000072,43.175821,4450.022761,480060,0.000000,23.977859,3.019189,0.000000,99.795265
"_Z19maximum_kernel_samePKfmmS0_mmmPfmf",9,0,0,16,103383,4129024,256,128,0,4,3,0,0x0,0.000068,45.412689,4646.347294,480060,0.000000,25.134386,3.032280,0.000000,99.878574
"_Z19maximum_kernel_samePKfmmS0_mmmPfmf",10,0,0,17,103383,4129024,256,128,0,4,3,0,0x0,0.000068,45.434310,4646.347294,480060,0.000000,25.064133,3.035099,0.000000,99.878574
