kernel-name,dispatch,gpu-id,queue-id,queue-index,tid,grd,wgr,lds,scr,vgpr,sgpr,fbar,sig,time,VALUBusy,performance,LDSInsts,LDSBankConflict,L1MemoryBusy,L1MemoryStalled,L2WriteUnitStalled,L2CacheHit
"_Z23calculateGaussianKernelPffi",0,0,0,2,8702,2822400,16,16,0,2,1,0,0x0,0.000448,41.186088,4142.045638,882000,0.000000,20.036163,4.503089,0.000000,99.976811
"_Z23calculateGaussianKernelPffi",1,0,0,4,8702,2822400,16,16,0,2,1,0,0x0,0.000452,40.821860,4105.309091,882000,0.000000,19.847312,4.479565,0.000000,99.943460
"_Z23calculateGaussianKernelPffi",2,0,0,5,8702,2822400,16,16,0,2,1,0,0x0,0.000448,41.185628,4142.045638,882000,0.000000,20.030109,4.501538,0.000000,99.976811
"_Z23calculateGaussianKernelPffi",3,0,0,6,8702,2822400,16,16,0,2,1,0,0x0,0.000450,40.947402,4114.432000,882000,0.000000,19.918659,4.506531,0.000000,99.942895
"_Z23calculateGaussianKernelPffi",4,0,0,7,8702,2822400,16,16,0,2,1,0,0x0,0.000451,40.833051,4105.309091,882000,0.000000,19.843407,4.490346,0.000000,99.943460
"_Z23calculateGaussianKernelPffi",5,0,0,8,8702,2822400,16,16,0,2,1,0,0x0,0.000453,40.665155,4087.184106,882000,0.000000,19.977987,4.760134,0.000000,99.778730
"_Z23calculateGaussianKernelPffi",6,0,0,9,8702,2822400,16,16,0,2,1,0,0x0,0.000450,40.916157,4114.432000,882000,0.000000,19.887678,4.472640,0.000000,99.976246
"_Z23calculateGaussianKernelPffi",7,0,0,10,8702,2822400,16,16,0,2,1,0,0x0,0.000448,41.164071,4142.045638,882000,0.000000,20.017566,4.500787,0.000000,99.976811
"_Z23calculateGaussianKernelPffi",8,0,0,11,8702,2822400,16,16,0,2,1,0,0x0,0.000448,41.163037,4142.045638,882000,0.000000,20.016121,4.499522,0.000000,99.976811
"_Z23calculateGaussianKernelPffi",9,0,0,12,8702,2822400,16,16,0,2,1,0,0x0,0.000448,41.170392,4142.045638,882000,0.000000,20.018860,4.501478,0.000000,99.976811
"_Z23calculateGaussianKernelPffi",10,0,0,13,8702,2822400,16,16,0,2,1,0,0x0,0.000448,41.168380,4142.045638,882000,0.000000,20.021162,4.501362,0.000000,99.976811
