kernel-name,dispatch,gpu-id,queue-id,queue-index,tid,grd,wgr,lds,scr,vgpr,sgpr,fbar,sig,time,VALUBusy,performance,LDSInsts,LDSBankConflict,L1MemoryBusy,L1MemoryStalled,L2WriteUnitStalled,L2CacheHit
"_Z23calculateGaussianKernelPffi",0,0,0,2,9105,4112768,16,16,0,2,1,0,0x0,0.000650,41.295041,4150.732012,1285240,0.000000,20.107174,4.519130,0.000000,99.984075
"_Z23calculateGaussianKernelPffi",1,0,0,4,9105,4112768,16,16,0,2,1,0,0x0,0.000654,41.068485,4125.345272,1285240,0.000000,20.036448,4.523842,0.000000,99.952628
"_Z23calculateGaussianKernelPffi",2,0,0,5,9105,4112768,16,16,0,2,1,0,0x0,0.000651,41.240948,4144.356080,1285240,0.000000,20.268902,4.769220,0.000000,99.851047
"_Z23calculateGaussianKernelPffi",3,0,0,6,9105,4112768,16,16,0,2,1,0,0x0,0.000654,41.054792,4125.345272,1285240,0.000000,20.195204,4.771480,0.000000,99.842914
"_Z23calculateGaussianKernelPffi",4,0,0,7,9105,4112768,16,16,0,2,1,0,0x0,0.000655,41.030059,4125.345272,1285240,0.000000,20.207670,4.785170,0.000000,99.842139
"_Z23calculateGaussianKernelPffi",5,0,0,8,9105,4112768,16,16,0,2,1,0,0x0,0.000653,41.112685,4131.662799,1285240,0.000000,20.010322,4.498169,0.000000,99.983687
"_Z23calculateGaussianKernelPffi",6,0,0,9,9105,4112768,16,16,0,2,1,0,0x0,0.000654,41.053655,4125.345272,1285240,0.000000,19.993174,4.505395,0.000000,99.953016
"_Z23calculateGaussianKernelPffi",7,0,0,10,9105,4112768,16,16,0,2,1,0,0x0,0.000651,41.271365,4150.732012,1285240,0.000000,20.089620,4.514474,0.000000,99.984075
"_Z23calculateGaussianKernelPffi",8,0,0,11,9105,4112768,16,16,0,2,1,0,0x0,0.000651,41.265897,4150.732012,1285240,0.000000,20.094232,4.515917,0.000000,99.984075
"_Z23calculateGaussianKernelPffi",9,0,0,12,9105,4112768,16,16,0,2,1,0,0x0,0.000650,41.327963,4157.127593,1285240,0.000000,20.132845,4.525233,0.000000,99.984075
"_Z23calculateGaussianKernelPffi",10,0,0,13,9105,4112768,16,16,0,2,1,0,0x0,0.000650,41.329234,4157.127593,1285240,0.000000,20.128969,4.526527,0.000000,99.984075
