kernel-name,dispatch,gpu-id,queue-id,queue-index,tid,grd,wgr,lds,scr,vgpr,sgpr,fbar,sig,time,VALUBusy,performance,LDSInsts,LDSBankConflict,L1MemoryBusy,L1MemoryStalled,L2WriteUnitStalled,L2CacheHit
"_Z20devFillAffectedIndexiiPi",0,0,0,2,85145,253952,128,0,0,1,2,0,0x0,0.000012,0.669819,94.208000,0,0.000000,0.142263,0.028979,0.000000,83.771930
"_Z20devFillAffectedIndexiiPi",1,0,0,4,85145,253952,128,0,0,1,2,0,0x0,0.000016,0.500808,69.085867,0,0.000000,0.611606,0.545619,0.000000,68.131868
"_Z20devFillAffectedIndexiiPi",2,0,0,5,85145,253952,128,0,0,1,2,0,0x0,0.000011,0.698604,94.208000,0,0.000000,0.207452,0.115404,0.000000,83.771930
"_Z20devFillAffectedIndexiiPi",3,0,0,6,85145,253952,128,0,0,1,2,0,0x0,0.000015,0.516789,69.085867,0,0.000000,0.659580,0.591487,0.000000,68.131868
"_Z20devFillAffectedIndexiiPi",4,0,0,7,85145,253952,128,0,0,1,2,0,0x0,0.000015,0.535015,74.020571,0,0.000000,0.685998,0.615504,0.000000,68.458781
"_Z20devFillAffectedIndexiiPi",5,0,0,8,85145,253952,128,0,0,1,2,0,0x0,0.000015,0.518624,69.085867,0,0.000000,0.641523,0.573189,0.000000,68.705036
"_Z20devFillAffectedIndexiiPi",6,0,0,9,85145,253952,128,0,0,1,2,0,0x0,0.000015,0.524335,69.085867,0,0.000000,0.698082,0.628996,0.000000,68.131868
"_Z20devFillAffectedIndexiiPi",7,0,0,10,85145,253952,128,0,0,1,2,0,0x0,0.000015,0.531548,74.020571,0,0.000000,0.694096,0.624059,0.000000,68.131868
"_Z20devFillAffectedIndexiiPi",8,0,0,11,85145,253952,128,0,0,1,2,0,0x0,0.000012,0.684683,94.208000,0,0.000000,0.350083,0.144073,0.000000,83.027523
"_Z20devFillAffectedIndexiiPi",9,0,0,12,85145,253952,128,0,0,1,2,0,0x0,0.000012,0.661661,86.357333,0,0.000000,0.140530,0.028626,0.000000,83.771930
"_Z20devFillAffectedIndexiiPi",10,0,0,13,85145,253952,128,0,0,1,2,0,0x0,0.000013,0.634388,86.357333,0,0.000000,0.193373,0.109786,0.000000,83.771930
