kernel-name,dispatch,gpu-id,queue-id,queue-index,tid,grd,wgr,lds,scr,vgpr,sgpr,fbar,sig,time,VALUBusy,performance,LDSInsts,LDSBankConflict,L1MemoryBusy,L1MemoryStalled,L2WriteUnitStalled,L2CacheHit
"_Z20devFillAffectedIndexiiPi",0,0,0,2,84954,246016,64,0,0,1,2,0,0x0,0.000016,0.568014,76.185600,0,0.000000,0.472218,0.108217,0.000000,90.159574
"_Z20devFillAffectedIndexiiPi",1,0,0,4,84954,246016,64,0,0,1,2,0,0x0,0.000021,0.434299,57.139200,0,0.000000,0.814629,0.574678,0.000000,78.472222
"_Z20devFillAffectedIndexiiPi",2,0,0,5,84954,246016,64,0,0,1,2,0,0x0,0.000015,0.596166,76.185600,0,0.000000,0.480134,0.113580,0.000000,90.159574
"_Z20devFillAffectedIndexiiPi",3,0,0,6,84954,246016,64,0,0,1,2,0,0x0,0.000019,0.483159,63.488000,0,0.000000,0.888703,0.621757,0.000000,78.654292
"_Z20devFillAffectedIndexiiPi",4,0,0,7,84954,246016,64,0,0,1,2,0,0x0,0.000019,0.486776,63.488000,0,0.000000,0.842242,0.633157,0.000000,78.472222
"_Z20devFillAffectedIndexiiPi",5,0,0,8,84954,246016,64,0,0,1,2,0,0x0,0.000019,0.476744,63.488000,0,0.000000,0.869472,0.630842,0.000000,78.837209
"_Z20devFillAffectedIndexiiPi",6,0,0,9,84954,246016,64,0,0,1,2,0,0x0,0.000019,0.469243,60.146526,0,0.000000,0.941127,0.624167,0.000000,79.205607
"_Z20devFillAffectedIndexiiPi",7,0,0,10,84954,246016,64,0,0,1,2,0,0x0,0.000019,0.470037,60.146526,0,0.000000,0.826305,0.619525,0.000000,78.290993
"_Z20devFillAffectedIndexiiPi",8,0,0,11,84954,246016,64,0,0,1,2,0,0x0,0.000015,0.587504,76.185600,0,0.000000,0.473157,0.111930,0.000000,90.159574
"_Z20devFillAffectedIndexiiPi",9,0,0,12,84954,246016,64,0,0,1,2,0,0x0,0.000015,0.590025,76.185600,0,0.000000,0.475188,0.112410,0.000000,90.159574
"_Z20devFillAffectedIndexiiPi",10,0,0,13,84954,246016,64,0,0,1,2,0,0x0,0.000015,0.585383,76.185600,0,0.000000,0.475505,0.111526,0.000000,90.159574
