kernel-name,dispatch,gpu-id,queue-id,queue-index,tid,grd,wgr,lds,scr,vgpr,sgpr,fbar,sig,time,VALUBusy,performance,LDSInsts,LDSBankConflict,L1MemoryBusy,L1MemoryStalled,L2WriteUnitStalled,L2CacheHit
"_Z10multMatrizPfS_S_i",0,0,0,6,10872,1655808,192,0,0,12,5,0,0x0,0.000037,1.369559,180.262054,0,0.000000,0.046125,0.004613,0.000000,80.000000
"_Z10multMatrizPfS_S_i",1,0,0,8,10872,1655808,192,0,0,12,5,0,0x0,0.000042,1.219577,162.675512,0,0.000000,0.041074,0.219187,0.000000,59.459459
"_Z10multMatrizPfS_S_i",2,0,0,9,10872,1655808,192,0,0,12,5,0,0x0,0.000034,1.481048,196.167529,0,0.000000,0.049880,0.041718,0.000000,80.000000
"_Z10multMatrizPfS_S_i",3,0,0,10,10872,1655808,192,0,0,12,5,0,0x0,0.000036,1.419190,190.562743,0,0.000000,0.047797,0.255062,0.000000,59.459459
"_Z10multMatrizPfS_S_i",4,0,0,11,10872,1655808,192,0,0,12,5,0,0x0,0.000033,1.550042,208.428000,0,0.000000,0.052204,0.273359,0.000000,59.459459
"_Z10multMatrizPfS_S_i",5,0,0,12,10872,1655808,192,0,0,12,5,0,0x0,0.000033,1.538535,202.112000,0,0.000000,0.051816,0.276511,0.000000,59.459459
"_Z10multMatrizPfS_S_i",6,0,0,13,10872,1655808,192,0,0,12,5,0,0x0,0.000035,1.472713,196.167529,0,0.000000,0.049600,0.273700,0.000000,59.459459
"_Z10multMatrizPfS_S_i",7,0,0,14,10872,1655808,192,0,0,12,5,0,0x0,0.000033,1.540073,202.112000,0,0.000000,0.051868,0.282917,0.000000,59.459459
"_Z10multMatrizPfS_S_i",8,0,0,15,10872,1655808,192,0,0,12,5,0,0x0,0.000033,1.553345,208.428000,0,0.000000,0.052315,0.005232,0.000000,80.000000
"_Z10multMatrizPfS_S_i",9,0,0,16,10872,1655808,192,0,0,12,5,0,0x0,0.000033,1.524602,202.112000,0,0.000000,0.051347,0.041078,0.000000,80.000000
"_Z10multMatrizPfS_S_i",10,0,0,17,10872,1655808,192,0,0,12,5,0,0x0,0.000033,1.530546,202.112000,0,0.000000,0.051547,0.005155,0.000000,80.000000
