kernel-name,dispatch,gpu-id,queue-id,queue-index,tid,grd,wgr,lds,scr,vgpr,sgpr,fbar,sig,time,VALUBusy,performance,LDSInsts,LDSBankConflict,L1MemoryBusy,L1MemoryStalled,L2WriteUnitStalled,L2CacheHit
"_Z3sumPiii",0,0,0,2,88891,57600,16,0,0,0,0,0,0x0,0.000014,0.492298,65.828571,0,0.000000,11.825004,2.843296,0.000000,99.864719
"_Z3sumPiii",1,0,0,4,88891,57600,16,0,0,0,0,0,0x0,0.000018,0.380608,51.200000,0,0.000000,10.971649,5.108600,0.000000,97.003942
"_Z3sumPiii",2,0,0,5,88891,57600,16,0,0,0,0,0,0x0,0.000014,0.493291,65.828571,0,0.000000,11.734850,2.760239,0.000000,99.864719
"_Z3sumPiii",3,0,0,6,88891,57600,16,0,0,0,0,0,0x0,0.000016,0.435153,57.600000,0,0.000000,12.904692,5.942250,0.000000,97.003942
"_Z3sumPiii",4,0,0,7,88891,57600,16,0,0,0,0,0,0x0,0.000016,0.435287,57.600000,0,0.000000,13.052815,6.132714,0.000000,97.003942
"_Z3sumPiii",5,0,0,8,88891,57600,16,0,0,0,0,0,0x0,0.000016,0.436774,57.600000,0,0.000000,12.923671,5.815895,0.000000,97.003942
"_Z3sumPiii",6,0,0,9,88891,57600,16,0,0,0,0,0,0x0,0.000016,0.429045,57.600000,0,0.000000,12.941917,6.271691,0.000000,97.003942
"_Z3sumPiii",7,0,0,10,88891,57600,16,0,0,0,0,0,0x0,0.000016,0.427415,57.600000,0,0.000000,13.205235,6.562251,0.000000,97.003942
"_Z3sumPiii",8,0,0,11,88891,57600,16,0,0,0,0,0,0x0,0.000014,0.489003,65.828571,0,0.000000,11.529601,2.717769,0.000000,99.864719
"_Z3sumPiii",9,0,0,12,88891,57600,16,0,0,0,0,0,0x0,0.000014,0.485165,65.828571,0,0.000000,11.472529,2.698594,0.000000,99.864719
"_Z3sumPiii",10,0,0,13,88891,57600,16,0,0,0,0,0,0x0,0.000014,0.490538,65.828571,0,0.000000,11.620302,2.728482,0.000000,99.864719
