kernel-name,dispatch,gpu-id,queue-id,queue-index,tid,grd,wgr,lds,scr,vgpr,sgpr,fbar,sig,time,VALUBusy,performance,LDSInsts,LDSBankConflict,L1MemoryBusy,L1MemoryStalled,L2WriteUnitStalled,L2CacheHit
"_Z12square_arrayPfi",0,0,0,2,65646,1032256,16,0,0,0,1,0,0x0,0.000167,3.393020,395.595114,0,0.000000,32.092102,4.370038,0.000000,99.928005
"_Z12square_arrayPfi",1,0,0,4,65646,1032256,16,0,0,0,1,0,0x0,0.000173,3.283603,384.095256,0,0.000000,31.358058,4.247663,0.000000,99.875429
"_Z12square_arrayPfi",2,0,0,5,65646,1032256,16,0,0,0,1,0,0x0,0.000167,3.392766,395.595114,0,0.000000,32.485070,4.383828,0.000000,99.928005
"_Z12square_arrayPfi",3,0,0,6,65646,1032256,16,0,0,0,1,0,0x0,0.000170,3.326195,388.614024,0,0.000000,31.821448,4.311558,0.000000,99.874657
"_Z12square_arrayPfi",4,0,0,7,65646,1032256,16,0,0,0,1,0,0x0,0.000170,3.326292,388.614024,0,0.000000,31.682236,4.303252,0.000000,99.876975
"_Z12square_arrayPfi",5,0,0,8,65646,1032256,16,0,0,0,1,0,0x0,0.000171,3.319999,388.614024,0,0.000000,31.610312,4.284224,0.000000,99.876202
"_Z12square_arrayPfi",6,0,0,9,65646,1032256,16,0,0,0,1,0,0x0,0.000171,3.324842,388.614024,0,0.000000,31.662006,4.298810,0.000000,99.875429
"_Z12square_arrayPfi",7,0,0,10,65646,1032256,16,0,0,0,1,0,0x0,0.000171,3.319052,388.614024,0,0.000000,31.626077,4.285746,0.000000,99.874657
"_Z12square_arrayPfi",8,0,0,11,65646,1032256,16,0,0,0,1,0,0x0,0.000167,3.390193,395.595114,0,0.000000,32.299934,4.380783,0.000000,99.928005
"_Z12square_arrayPfi",9,0,0,12,65646,1032256,16,0,0,0,1,0,0x0,0.000167,3.390193,395.595114,0,0.000000,32.212961,4.379195,0.000000,99.928005
"_Z12square_arrayPfi",10,0,0,13,65646,1032256,16,0,0,0,1,0,0x0,0.000167,3.390155,395.595114,0,0.000000,32.303402,4.371952,0.000000,99.928005
