kernel-name,dispatch,gpu-id,queue-id,queue-index,tid,grd,wgr,lds,scr,vgpr,sgpr,fbar,sig,time,VALUBusy,performance,LDSInsts,LDSBankConflict,L1MemoryBusy,L1MemoryStalled,L2WriteUnitStalled,L2CacheHit
"_Z16kernelBackprop3aPfiiiS_i",0,0,0,4,5851,614656,16,0,0,2,2,0,0x0,0.000102,6.247704,723.124706,0,0.000000,43.886841,8.464103,0.000000,99.968493
"_Z16kernelBackprop3aPfiiiS_i",1,0,0,6,5851,614656,16,0,0,2,2,0,0x0,0.000107,5.974420,695.836981,0,0.000000,42.087337,8.592556,0.000000,99.873056
"_Z16kernelBackprop3aPfiiiS_i",2,0,0,7,5851,614656,16,0,0,2,2,0,0x0,0.000102,6.248431,723.124706,0,0.000000,44.054216,8.402782,0.000000,99.968504
"_Z16kernelBackprop3aPfiiiS_i",3,0,0,8,5851,614656,16,0,0,2,2,0,0x0,0.000104,6.158602,716.104078,0,0.000000,43.885154,8.814148,0.000000,99.873085
"_Z16kernelBackprop3aPfiiiS_i",4,0,0,9,5851,614656,16,0,0,2,2,0,0x0,0.000104,6.134537,716.104078,0,0.000000,43.958044,8.866275,0.000000,99.873030
"_Z16kernelBackprop3aPfiiiS_i",5,0,0,10,5851,614656,16,0,0,2,2,0,0x0,0.000103,6.175823,716.104078,0,0.000000,44.736245,8.945161,0.000000,99.873080
"_Z16kernelBackprop3aPfiiiS_i",6,0,0,11,5851,614656,16,0,0,2,2,0,0x0,0.000105,6.051697,702.464000,0,0.000000,42.669377,8.780201,0.000000,99.873152
"_Z16kernelBackprop3aPfiiiS_i",7,0,0,12,5851,614656,16,0,0,2,2,0,0x0,0.000104,6.156819,716.104078,0,0.000000,43.727336,8.946446,0.000000,99.873032
"_Z16kernelBackprop3aPfiiiS_i",8,0,0,13,5851,614656,16,0,0,2,2,0,0x0,0.000103,6.190509,716.104078,0,0.000000,43.485686,8.311847,0.000000,99.968500
"_Z16kernelBackprop3aPfiiiS_i",9,0,0,14,5851,614656,16,0,0,2,2,0,0x0,0.000102,6.242124,723.124706,0,0.000000,43.190354,8.336800,0.000000,99.968485
"_Z16kernelBackprop3aPfiiiS_i",10,0,0,15,5851,614656,16,0,0,2,2,0,0x0,0.000102,6.235068,723.124706,0,0.000000,43.818244,8.380230,0.000000,99.968476
