kernel-name,dispatch,gpu-id,queue-id,queue-index,tid,grd,wgr,lds,scr,vgpr,sgpr,fbar,sig,time,VALUBusy,performance,LDSInsts,LDSBankConflict,L1MemoryBusy,L1MemoryStalled,L2WriteUnitStalled,L2CacheHit
"_Z17conflictDetectionPiS_S_iiS_",0,0,0,8,45435,285696,192,0,0,3,1,0,0x0,0.000011,5.069891,623.336727,0,0.000000,14.363992,0.000000,0.000000,96.733583
"_Z17conflictDetectionPiS_S_iiS_",1,0,0,10,45435,285696,192,0,0,3,1,0,0x0,0.000017,3.314993,403.335529,0,0.000000,9.324389,0.000000,0.000000,94.194577
"_Z17conflictDetectionPiS_S_iiS_",2,0,0,11,45435,285696,192,0,0,3,1,0,0x0,0.000011,5.159611,685.670400,0,0.000000,12.767441,0.000000,0.000000,96.783920
"_Z17conflictDetectionPiS_S_iiS_",3,0,0,12,45435,285696,192,0,0,3,1,0,0x0,0.000015,3.773879,457.113600,0,0.000000,9.759853,0.000000,0.000000,93.641823
"_Z17conflictDetectionPiS_S_iiS_",4,0,0,13,45435,285696,192,0,0,3,1,0,0x0,0.000014,3.995197,489.764571,0,0.000000,11.118699,0.000000,0.000000,93.551873
"_Z17conflictDetectionPiS_S_iiS_",5,0,0,14,45435,285696,192,0,0,3,1,0,0x0,0.000014,4.150835,527.438769,0,0.000000,12.009613,0.000000,0.000000,94.090202
"_Z17conflictDetectionPiS_S_iiS_",6,0,0,15,45435,285696,192,0,0,3,1,0,0x0,0.000015,3.907900,489.764571,0,0.000000,12.664311,0.000000,0.000000,93.140655
"_Z17conflictDetectionPiS_S_iiS_",7,0,0,16,45435,285696,192,0,0,3,1,0,0x0,0.000015,3.898994,489.764571,0,0.000000,11.405659,0.000000,0.000000,93.852459
"_Z17conflictDetectionPiS_S_iiS_",8,0,0,17,45435,285696,192,0,0,3,1,0,0x0,0.000012,4.900027,623.336727,0,0.000000,12.430424,0.000000,0.000000,96.912190
"_Z17conflictDetectionPiS_S_iiS_",9,0,0,18,45435,285696,192,0,0,3,1,0,0x0,0.000011,4.953023,623.336727,0,0.000000,12.447424,0.000000,0.000000,96.776360
"_Z17conflictDetectionPiS_S_iiS_",10,0,0,19,45435,285696,192,0,0,3,1,0,0x0,0.000010,5.649885,685.670400,0,0.000000,14.499346,0.000000,0.000000,96.405841
