kernel-name,dispatch,gpu-id,queue-id,queue-index,tid,grd,wgr,lds,scr,vgpr,sgpr,fbar,sig,time,VALUBusy,performance,LDSInsts,LDSBankConflict,L1MemoryBusy,L1MemoryStalled,L2WriteUnitStalled,L2CacheHit
"_Z7upscalePfS_liiii",0,0,0,4,126028,1655808,192,0,0,2,1,0,0x0,0.000034,10.435589,1003.915636,0,0.000000,0.041473,0.005069,0.000000,82.470120
"_Z7upscalePfS_liiii",1,0,0,6,126028,1655808,192,0,0,2,1,0,0x0,0.000041,8.677317,828.230400,0,0.000000,0.034485,0.225305,0.000000,68.543046
"_Z7upscalePfS_liiii",2,0,0,7,126028,1655808,192,0,0,2,1,0,0x0,0.000034,10.531877,1003.915636,0,0.000000,0.041856,0.037205,0.000000,82.470120
"_Z7upscalePfS_liiii",3,0,0,8,126028,1655808,192,0,0,2,1,0,0x0,0.000035,10.083919,946.549029,0,0.000000,0.040076,0.258710,0.000000,68.543046
"_Z7upscalePfS_liiii",4,0,0,9,126028,1655808,192,0,0,2,1,0,0x0,0.000037,9.651078,920.256000,0,0.000000,0.038355,0.247179,0.000000,68.543046
"_Z7upscalePfS_liiii",5,0,0,10,126028,1655808,192,0,0,2,1,0,0x0,0.000035,10.148995,974.388706,0,0.000000,0.040334,0.272480,0.000000,68.543046
"_Z7upscalePfS_liiii",6,0,0,11,126028,1655808,192,0,0,2,1,0,0x0,0.000038,9.326737,895.384216,0,0.000000,0.037066,0.239284,0.000000,68.543046
"_Z7upscalePfS_liiii",7,0,0,12,126028,1655808,192,0,0,2,1,0,0x0,0.000037,9.618940,920.256000,0,0.000000,0.038228,0.240834,0.000000,68.543046
"_Z7upscalePfS_liiii",8,0,0,13,126028,1655808,192,0,0,2,1,0,0x0,0.000036,9.892220,946.549029,0,0.000000,0.039314,0.258597,0.000000,68.543046
"_Z7upscalePfS_liiii",9,0,0,14,126028,1655808,192,0,0,2,1,0,0x0,0.000033,10.859962,1035.288000,0,0.000000,0.043160,0.040282,0.000000,82.470120
"_Z7upscalePfS_liiii",10,0,0,15,126028,1655808,192,0,0,2,1,0,0x0,0.000033,10.681702,1003.915636,0,0.000000,0.042451,0.036791,0.000000,82.470120
