kernel-name,dispatch,gpu-id,queue-id,queue-index,tid,grd,wgr,lds,scr,vgpr,sgpr,fbar,sig,time,VALUBusy,performance,LDSInsts,LDSBankConflict,L1MemoryBusy,L1MemoryStalled,L2WriteUnitStalled,L2CacheHit
"_Z12MemsetKernelfiiPf",0,0,0,2,97100,246016,64,0,0,0,2,0,0x0,0.000016,3.010060,338.272000,0,0.000000,10.032369,2.989288,8.939925,50.174644
"_Z12MemsetKernelfiiPf",1,0,0,4,97100,246016,64,0,0,0,2,0,0x0,0.000021,2.328075,270.617600,0,0.000000,12.792480,8.353179,4.703501,49.690913
"_Z12MemsetKernelfiiPf",2,0,0,5,97100,246016,64,0,0,0,2,0,0x0,0.000016,3.027336,338.272000,0,0.000000,9.915963,3.080706,0.000000,50.174644
"_Z12MemsetKernelfiiPf",3,0,0,6,97100,246016,64,0,0,0,2,0,0x0,0.000019,2.602605,300.686222,0,0.000000,16.064648,11.132760,5.595524,49.686139
"_Z12MemsetKernelfiiPf",4,0,0,7,97100,246016,64,0,0,0,2,0,0x0,0.000019,2.602415,300.686222,0,0.000000,14.908410,9.973356,5.428809,49.679775
"_Z12MemsetKernelfiiPf",5,0,0,8,97100,246016,64,0,0,0,2,0,0x0,0.000019,2.582788,300.686222,0,0.000000,13.446857,8.425045,18.871042,49.749872
"_Z12MemsetKernelfiiPf",6,0,0,9,97100,246016,64,0,0,0,2,0,0x0,0.000019,2.557046,284.860632,0,0.000000,14.646911,9.775783,10.172374,49.743491
"_Z12MemsetKernelfiiPf",7,0,0,10,97100,246016,64,0,0,0,2,0,0x0,0.000019,2.564092,284.860632,0,0.000000,13.697013,9.155657,9.736747,49.737112
"_Z12MemsetKernelfiiPf",8,0,0,11,97100,246016,64,0,0,0,2,0,0x0,0.000019,2.553876,284.860632,0,0.000000,13.695531,8.989351,9.962762,49.716392
"_Z12MemsetKernelfiiPf",9,0,0,12,97100,246016,64,0,0,0,2,0,0x0,0.000016,3.008988,338.272000,0,0.000000,9.992691,3.039163,4.231746,50.174644
"_Z12MemsetKernelfiiPf",10,0,0,13,97100,246016,64,0,0,0,2,0,0x0,0.000016,3.003663,338.272000,0,0.000000,10.250403,3.177087,19.471542,50.174644
