kernel-name,dispatch,gpu-id,queue-id,queue-index,tid,grd,wgr,lds,scr,vgpr,sgpr,fbar,sig,time,VALUBusy,performance,LDSInsts,LDSBankConflict,L1MemoryBusy,L1MemoryStalled,L2WriteUnitStalled,L2CacheHit
"_Z10device_addPiS_S_",0,0,0,6,74216,2849280,32,0,0,0,1,0,0x0,0.000228,0.761140,99.974737,0,0.000000,19.832522,4.456602,0.000000,99.648383
"_Z10device_addPiS_S_",1,0,0,8,74216,2849280,32,0,0,0,1,0,0x0,0.000232,0.748352,98.251034,0,0.000000,19.611059,4.627007,0.000000,99.450592
"_Z10device_addPiS_S_",2,0,0,9,74216,2849280,32,0,0,0,1,0,0x0,0.000229,0.760065,99.974737,0,0.000000,19.816533,4.453586,0.000000,99.647288
"_Z10device_addPiS_S_",3,0,0,10,74216,2849280,32,0,0,0,1,0,0x0,0.000230,0.754539,99.105391,0,0.000000,19.762154,4.649807,0.000000,99.449501
"_Z10device_addPiS_S_",4,0,0,11,74216,2849280,32,0,0,0,1,0,0x0,0.000230,0.754629,99.105391,0,0.000000,19.765122,4.649209,0.000000,99.449501
"_Z10device_addPiS_S_",5,0,0,12,74216,2849280,32,0,0,0,1,0,0x0,0.000231,0.753644,99.105391,0,0.000000,19.790171,4.712816,0.000000,99.449501
"_Z10device_addPiS_S_",6,0,0,13,74216,2849280,32,0,0,0,1,0,0x0,0.000231,0.753646,99.105391,0,0.000000,19.758197,4.692583,0.000000,99.449501
"_Z10device_addPiS_S_",7,0,0,14,74216,2849280,32,0,0,0,1,0,0x0,0.000231,0.753557,99.105391,0,0.000000,19.750629,4.678889,0.000000,99.449501
"_Z10device_addPiS_S_",8,0,0,15,74216,2849280,32,0,0,0,1,0,0x0,0.000229,0.759822,99.974737,0,0.000000,19.796616,4.447726,0.000000,99.647288
"_Z10device_addPiS_S_",9,0,0,16,74216,2849280,32,0,0,0,1,0,0x0,0.000229,0.760992,99.974737,0,0.000000,19.828807,4.456010,0.000000,99.648383
"_Z10device_addPiS_S_",10,0,0,17,74216,2849280,32,0,0,0,1,0,0x0,0.000229,0.761076,99.974737,0,0.000000,19.826669,4.455882,0.000000,99.648383
