kernel-name,dispatch,gpu-id,queue-id,queue-index,tid,grd,wgr,lds,scr,vgpr,sgpr,fbar,sig,time,VALUBusy,performance,LDSInsts,LDSBankConflict,L1MemoryBusy,L1MemoryStalled,L2WriteUnitStalled,L2CacheHit
"_Z5kSqrtPfS_j",0,0,0,4,65640,1517824,256,0,0,3,1,0,0x0,0.000029,8.374832,798.336000,0,0.000000,0.492015,0.043940,0.000000,94.243421
"_Z5kSqrtPfS_j",1,0,0,6,65640,1517824,256,0,0,3,1,0,0x0,0.000035,6.907606,657.453176,0,0.000000,0.775391,0.391051,0.000000,86.686838
"_Z5kSqrtPfS_j",2,0,0,7,65640,1517824,256,0,0,3,1,0,0x0,0.000029,8.394139,798.336000,0,0.000000,0.496411,0.042953,0.000000,94.243421
"_Z5kSqrtPfS_j",3,0,0,8,65640,1517824,256,0,0,3,1,0,0x0,0.000032,7.597986,721.077677,0,0.000000,0.861254,0.439486,0.000000,86.555891
"_Z5kSqrtPfS_j",4,0,0,9,65640,1517824,256,0,0,3,1,0,0x0,0.000033,7.319322,698.544000,0,0.000000,0.823030,0.427160,0.000000,86.425339
"_Z5kSqrtPfS_j",5,0,0,10,65640,1517824,256,0,0,3,1,0,0x0,0.000032,7.528478,698.544000,0,0.000000,0.807537,0.411571,0.000000,86.425339
"_Z5kSqrtPfS_j",6,0,0,11,65640,1517824,256,0,0,3,1,0,0x0,0.000034,7.118453,677.376000,0,0.000000,1.015308,0.617392,0.000000,86.818182
"_Z5kSqrtPfS_j",7,0,0,12,65640,1517824,256,0,0,3,1,0,0x0,0.000034,7.180831,677.376000,0,0.000000,0.958157,0.611639,0.000000,86.555891
"_Z5kSqrtPfS_j",8,0,0,13,65640,1517824,256,0,0,3,1,0,0x0,0.000033,7.415368,698.544000,0,0.000000,0.745451,0.402986,0.000000,86.425339
"_Z5kSqrtPfS_j",9,0,0,14,65640,1517824,256,0,0,3,1,0,0x0,0.000029,8.443167,798.336000,0,0.000000,0.549078,0.048126,0.000000,94.233937
"_Z5kSqrtPfS_j",10,0,0,15,65640,1517824,256,0,0,3,1,0,0x0,0.000029,8.218963,770.807172,0,0.000000,0.537692,0.050043,0.000000,94.243421
