kernel-name,dispatch,gpu-id,queue-id,queue-index,tid,grd,wgr,lds,scr,vgpr,sgpr,fbar,sig,time,VALUBusy,performance,LDSInsts,LDSBankConflict,L1MemoryBusy,L1MemoryStalled,L2WriteUnitStalled,L2CacheHit
"_Z13kDotProduct_rPfS_S_j",0,0,0,6,87303,2849280,32,2048,0,2,2,0,0x0,0.000231,21.076300,2615.276052,2315093,0.000000,95.939972,26.124536,0.000000,99.833520
"_Z13kDotProduct_rPfS_S_j",1,0,0,8,87303,2849280,32,2048,0,2,2,0,0x0,0.000235,20.719144,2570.760715,2315093,0.000000,94.139029,25.632776,0.000000,99.733223
"_Z13kDotProduct_rPfS_S_j",2,0,0,9,87303,2849280,32,2048,0,2,2,0,0x0,0.000230,21.196585,2638.116891,2315093,0.000000,96.528386,26.283629,0.000000,99.833520
"_Z13kDotProduct_rPfS_S_j",3,0,0,10,87303,2849280,32,2048,0,2,2,0,0x0,0.000233,20.934849,2604.003310,2315093,0.000000,95.149527,25.994208,0.000000,99.733223
"_Z13kDotProduct_rPfS_S_j",4,0,0,11,87303,2849280,32,2048,0,2,2,0,0x0,0.000232,20.955343,2604.003310,2315093,0.000000,95.406786,26.044462,0.000000,99.733229
"_Z13kDotProduct_rPfS_S_j",5,0,0,12,87303,2849280,32,2048,0,2,2,0,0x0,0.000233,20.881105,2592.827330,2315093,0.000000,94.769525,25.819814,0.000000,99.734342
"_Z13kDotProduct_rPfS_S_j",6,0,0,13,87303,2849280,32,2048,0,2,2,0,0x0,0.000233,20.869863,2592.827330,2315093,0.000000,94.715962,25.883586,0.000000,99.734336
"_Z13kDotProduct_rPfS_S_j",7,0,0,14,87303,2849280,32,2048,0,2,2,0,0x0,0.000233,20.902951,2604.003310,2315093,0.000000,94.974837,25.705253,0.000000,99.733229
"_Z13kDotProduct_rPfS_S_j",8,0,0,15,87303,2849280,32,2048,0,2,2,0,0x0,0.000230,21.148547,2626.646817,2315093,0.000000,95.703836,26.148340,0.000000,99.833520
"_Z13kDotProduct_rPfS_S_j",9,0,0,16,87303,2849280,32,2048,0,2,2,0,0x0,0.000231,21.054602,2615.276052,2315093,0.000000,95.762776,25.870264,0.000000,99.833520
"_Z13kDotProduct_rPfS_S_j",10,0,0,17,87303,2849280,32,2048,0,2,2,0,0x0,0.000231,21.093416,2626.646817,2315093,0.000000,95.522430,26.012769,0.000000,99.833520
