kernel-name,dispatch,gpu-id,queue-id,queue-index,tid,grd,wgr,lds,scr,vgpr,sgpr,fbar,sig,time,VALUBusy,performance,LDSInsts,LDSBankConflict,L1MemoryBusy,L1MemoryStalled,L2WriteUnitStalled,L2CacheHit
"_Z24ForwardWarpKernel_PSF1x1PKfS0_S0_iiiifPf",0,0,0,8,59936,246016,16,0,0,1,2,0,0x0,0.000044,1.370979,183.120372,0,0.000000,0.014619,0.000000,0.000000,84.403670
"_Z24ForwardWarpKernel_PSF1x1PKfS0_S0_iiiifPf",1,0,0,10,59936,246016,16,0,0,1,2,0,0x0,0.000048,1.256335,167.535660,0,0.000000,0.013397,0.000000,0.000000,68.656716
"_Z24ForwardWarpKernel_PSF1x1PKfS0_S0_iiiifPf",2,0,0,11,59936,246016,16,0,0,1,2,0,0x0,0.000044,1.370412,183.120372,0,0.000000,0.014613,0.000000,0.000000,84.403670
"_Z24ForwardWarpKernel_PSF1x1PKfS0_S0_iiiifPf",3,0,0,12,59936,246016,16,0,0,1,2,0,0x0,0.000046,1.317662,174.981689,0,0.000000,0.014051,0.000000,0.000000,68.656716
"_Z24ForwardWarpKernel_PSF1x1PKfS0_S0_iiiifPf",4,0,0,13,59936,246016,16,0,0,1,2,0,0x0,0.000046,1.317265,174.981689,0,0.000000,0.014046,0.000000,0.000000,68.656716
"_Z24ForwardWarpKernel_PSF1x1PKfS0_S0_iiiifPf",5,0,0,14,59936,246016,16,0,0,1,2,0,0x0,0.000046,1.312660,174.981689,0,0.000000,0.013997,0.000000,0.000000,68.656716
"_Z24ForwardWarpKernel_PSF1x1PKfS0_S0_iiiifPf",6,0,0,15,59936,246016,16,0,0,1,2,0,0x0,0.000046,1.307802,174.981689,0,0.000000,0.013946,0.000000,0.000000,68.656716
"_Z24ForwardWarpKernel_PSF1x1PKfS0_S0_iiiifPf",7,0,0,16,59936,246016,16,0,0,1,2,0,0x0,0.000046,1.304288,171.177739,0,0.000000,0.013908,0.000000,0.000000,68.656716
"_Z24ForwardWarpKernel_PSF1x1PKfS0_S0_iiiifPf",8,0,0,17,59936,246016,16,0,0,1,2,0,0x0,0.000044,1.367157,183.120372,0,0.000000,0.014579,0.000000,0.000000,84.403670
"_Z24ForwardWarpKernel_PSF1x1PKfS0_S0_iiiifPf",9,0,0,18,59936,246016,16,0,0,1,2,0,0x0,0.000044,1.365060,178.958545,0,0.000000,0.014556,0.000000,0.000000,84.403670
"_Z24ForwardWarpKernel_PSF1x1PKfS0_S0_iiiifPf",10,0,0,19,59936,246016,16,0,0,1,2,0,0x0,0.000044,1.364537,178.958545,0,0.000000,0.014551,0.000000,0.000000,84.403670
