kernel-name,dispatch,gpu-id,queue-id,queue-index,tid,grd,wgr,lds,scr,vgpr,sgpr,fbar,sig,time,VALUBusy,performance,LDSInsts,LDSBankConflict,L1MemoryBusy,L1MemoryStalled,L2WriteUnitStalled,L2CacheHit
"_Z9rotate_3DPfmmmS_",0,0,0,4,70506,61440,64,0,0,2,2,0,0x0,0.000010,0.397812,41.984000,0,0.000000,0.707041,0.183668,0.000000,85.217391
"_Z9rotate_3DPfmmmS_",1,0,0,6,70506,61440,64,0,0,2,2,0,0x0,0.000014,0.277809,29.065846,0,0.000000,0.535755,0.128263,0.000000,69.750890
"_Z9rotate_3DPfmmmS_",2,0,0,7,70506,61440,64,0,0,2,2,0,0x0,0.000009,0.408871,41.984000,0,0.000000,0.795189,0.126963,0.000000,85.217391
"_Z9rotate_3DPfmmmS_",3,0,0,8,70506,61440,64,0,0,2,2,0,0x0,0.000011,0.335347,34.350545,0,0.000000,0.646717,0.154828,0.000000,69.750890
"_Z9rotate_3DPfmmmS_",4,0,0,9,70506,61440,64,0,0,2,2,0,0x0,0.000011,0.347400,34.350545,0,0.000000,0.675637,0.160393,0.000000,69.750890
"_Z9rotate_3DPfmmmS_",5,0,0,10,70506,61440,64,0,0,2,2,0,0x0,0.000012,0.331873,34.350545,0,0.000000,0.595270,0.153224,0.000000,69.750890
"_Z9rotate_3DPfmmmS_",6,0,0,11,70506,61440,64,0,0,2,2,0,0x0,0.000012,0.316509,31.488000,0,0.000000,0.540555,0.146131,0.000000,69.750890
"_Z9rotate_3DPfmmmS_",7,0,0,12,70506,61440,64,0,0,2,2,0,0x0,0.000012,0.321785,34.350545,0,0.000000,0.575861,0.148567,0.000000,69.750890
"_Z9rotate_3DPfmmmS_",8,0,0,13,70506,61440,64,0,0,2,2,0,0x0,0.000012,0.316378,31.488000,0,0.000000,0.551965,0.146070,0.000000,69.750890
"_Z9rotate_3DPfmmmS_",9,0,0,14,70506,61440,64,0,0,2,2,0,0x0,0.000010,0.391099,41.984000,0,0.000000,0.760626,0.121445,0.000000,85.217391
"_Z9rotate_3DPfmmmS_",10,0,0,15,70506,61440,64,0,0,2,2,0,0x0,0.000009,0.402841,41.984000,0,0.000000,0.783462,0.125091,0.000000,85.217391
