kernel-name,dispatch,gpu-id,queue-id,queue-index,tid,grd,wgr,lds,scr,vgpr,sgpr,fbar,sig,time,VALUBusy,performance,LDSInsts,LDSBankConflict,L1MemoryBusy,L1MemoryStalled,L2WriteUnitStalled,L2CacheHit
"bias_add",0,0,0,6,94199,1032256,64,0,0,1,1,0,0x0,0.000046,11.476463,1207.640178,0,0.000000,0.547723,0.037422,0.000000,92.897196
"bias_add",1,0,0,8,94199,1032256,64,0,0,1,1,0,0x0,0.000051,10.304600,1065.564863,0,0.000000,0.784123,0.325929,0.000000,84.380306
"bias_add",2,0,0,9,94199,1032256,64,0,0,1,1,0,0x0,0.000047,11.235055,1181.387130,0,0.000000,0.536202,0.036635,0.000000,92.897196
"bias_add",3,0,0,10,94199,1032256,64,0,0,1,1,0,0x0,0.000048,10.883461,1132.162667,0,0.000000,0.734288,0.296167,0.000000,83.811130
"bias_add",4,0,0,11,94199,1032256,64,0,0,1,1,0,0x0,0.000049,10.775828,1132.162667,0,0.000000,0.965322,0.438260,0.000000,83.529412
"bias_add",5,0,0,12,94199,1032256,64,0,0,1,1,0,0x0,0.000049,10.658570,1109.057306,0,0.000000,0.857188,0.383254,0.000000,83.670034
"bias_add",6,0,0,13,94199,1032256,64,0,0,1,1,0,0x0,0.000050,10.468191,1086.876160,0,0.000000,0.940557,0.475088,0.000000,83.529412
"bias_add",7,0,0,14,94199,1032256,64,0,0,1,1,0,0x0,0.000050,10.522000,1086.876160,0,0.000000,0.773218,0.352143,0.000000,83.952703
"bias_add",8,0,0,15,94199,1032256,64,0,0,1,1,0,0x0,0.000050,10.525940,1086.876160,0,0.000000,0.711727,0.290494,0.000000,84.380306
"bias_add",9,0,0,16,94199,1032256,64,0,0,1,1,0,0x0,0.000046,11.439414,1181.387130,0,0.000000,0.545955,0.037301,0.000000,92.897196
"bias_add",10,0,0,17,94199,1032256,64,0,0,1,1,0,0x0,0.000046,11.345845,1181.387130,0,0.000000,0.544180,0.036996,0.000000,92.897196
