kernel-name,dispatch,gpu-id,queue-id,queue-index,tid,grd,wgr,lds,scr,vgpr,sgpr,fbar,sig,time,VALUBusy,performance,LDSInsts,LDSBankConflict,L1MemoryBusy,L1MemoryStalled,L2WriteUnitStalled,L2CacheHit
"_Z5cuAddPfS_i",0,0,0,4,71913,253952,64,0,0,0,1,0,0x0,0.000016,2.990594,372.462933,0,0.000000,21.060777,2.593657,0.000000,99.072674
"_Z5cuAddPfS_i",1,0,0,6,71913,253952,64,0,0,0,1,0,0x0,0.000020,2.379049,294.049684,0,0.000000,15.411057,1.963355,0.000000,98.280344
"_Z5cuAddPfS_i",2,0,0,7,71913,253952,64,0,0,0,1,0,0x0,0.000016,2.989873,372.462933,0,0.000000,20.728179,2.570929,0.000000,99.075470
"_Z5cuAddPfS_i",3,0,0,8,71913,253952,64,0,0,0,1,0,0x0,0.000017,2.670399,328.643765,0,0.000000,18.547432,2.236101,0.000000,98.279484
"_Z5cuAddPfS_i",4,0,0,9,71913,253952,64,0,0,0,1,0,0x0,0.000017,2.676837,328.643765,0,0.000000,18.316003,2.309851,0.000000,98.291879
"_Z5cuAddPfS_i",5,0,0,10,71913,253952,64,0,0,0,1,0,0x0,0.000018,2.643454,328.643765,0,0.000000,16.963048,2.216202,0.000000,98.328328
"_Z5cuAddPfS_i",6,0,0,11,71913,253952,64,0,0,0,1,0,0x0,0.000018,2.631486,328.643765,0,0.000000,15.956036,2.049659,0.000000,98.341542
"_Z5cuAddPfS_i",7,0,0,12,71913,253952,64,0,0,0,1,0,0x0,0.000018,2.624061,328.643765,0,0.000000,17.596903,2.153211,0.000000,98.333501
"_Z5cuAddPfS_i",8,0,0,13,71913,253952,64,0,0,0,1,0,0x0,0.000018,2.631021,328.643765,0,0.000000,17.008805,2.121791,0.000000,98.321102
"_Z5cuAddPfS_i",9,0,0,14,71913,253952,64,0,0,0,1,0,0x0,0.000016,2.965207,372.462933,0,0.000000,18.597306,2.340481,0.000000,99.072768
"_Z5cuAddPfS_i",10,0,0,15,71913,253952,64,0,0,0,1,0,0x0,0.000016,2.954961,372.462933,0,0.000000,18.614465,2.385019,0.000000,99.072861
