kernel-name,dispatch,gpu-id,queue-id,queue-index,tid,grd,wgr,lds,scr,vgpr,sgpr,fbar,sig,time,VALUBusy,performance,LDSInsts,LDSBankConflict,L1MemoryBusy,L1MemoryStalled,L2WriteUnitStalled,L2CacheHit
"_Z19ComputeOrientationsPfPiS_iii",0,0,0,6,17204,1517824,16,2688,0,11,2,0,0x0,0.000443,81.299455,10415.767404,4079152,0.000000,20.668682,4.756642,0.000000,99.887602
"_Z19ComputeOrientationsPfPiS_iii",1,0,0,8,17204,1517824,16,2688,0,11,2,0,0x0,0.000448,80.466678,10322.561432,4079152,0.000000,20.393189,4.823645,0.000000,99.806439
"_Z19ComputeOrientationsPfPiS_iii",2,0,0,9,17204,1517824,16,2688,0,11,2,0,0x0,0.000442,81.513231,10439.332489,4079152,0.000000,20.626863,4.761657,0.000000,99.887602
"_Z19ComputeOrientationsPfPiS_iii",3,0,0,10,17204,1517824,16,2688,0,11,2,0,0x0,0.000446,80.859600,10368.954966,4079152,0.000000,20.571197,4.858803,0.000000,99.806439
"_Z19ComputeOrientationsPfPiS_iii",4,0,0,11,17204,1517824,16,2688,0,11,2,0,0x0,0.000449,80.292102,10299.520000,4079152,0.000000,20.595978,5.105052,0.000000,99.667168
"_Z19ComputeOrientationsPfPiS_iii",5,0,0,12,17204,1517824,16,2688,0,11,2,0,0x0,0.000445,81.021397,10392.308468,4079152,0.000000,20.557838,4.741428,0.000000,99.887085
"_Z19ComputeOrientationsPfPiS_iii",6,0,0,13,17204,1517824,16,2688,0,11,2,0,0x0,0.000446,80.734719,10345.706188,4079152,0.000000,20.550488,4.838592,0.000000,99.806439
"_Z19ComputeOrientationsPfPiS_iii",7,0,0,14,17204,1517824,16,2688,0,11,2,0,0x0,0.000443,81.373001,10439.332489,4079152,0.000000,20.541983,4.745069,0.000000,99.887602
"_Z19ComputeOrientationsPfPiS_iii",8,0,0,15,17204,1517824,16,2688,0,11,2,0,0x0,0.000443,81.377135,10439.332489,4079152,0.000000,20.448643,4.754483,0.000000,99.887602
"_Z19ComputeOrientationsPfPiS_iii",9,0,0,16,17204,1517824,16,2688,0,11,2,0,0x0,0.000443,81.311838,10415.767404,4079152,0.000000,20.557744,4.757014,0.000000,99.887602
"_Z19ComputeOrientationsPfPiS_iii",10,0,0,17,17204,1517824,16,2688,0,11,2,0,0x0,0.000443,81.360715,10439.332489,4079152,0.000000,20.787580,4.773138,0.000000,99.887602
