kernel-name,dispatch,gpu-id,queue-id,queue-index,tid,grd,wgr,lds,scr,vgpr,sgpr,fbar,sig,time,VALUBusy,performance,LDSInsts,LDSBankConflict,L1MemoryBusy,L1MemoryStalled,L2WriteUnitStalled,L2CacheHit
"_Z28yoloswag420blazeit360noscopePfiS_ff",0,0,0,4,4347,61440,256,0,0,1,1,0,0x0,0.000011,1.903448,201.076364,0,0.000000,3.587586,0.391724,0.000000,95.625000
"_Z28yoloswag420blazeit360noscopePfiS_ff",1,0,0,6,4347,61440,256,0,0,1,1,0,0x0,0.000015,1.417536,147.456000,0,0.000000,2.500205,0.495111,0.000000,91.555851
"_Z28yoloswag420blazeit360noscopePfiS_ff",2,0,0,7,4347,61440,256,0,0,1,1,0,0x0,0.000011,1.980937,221.184000,0,0.000000,3.109210,0.357430,0.000000,95.625000
"_Z28yoloswag420blazeit360noscopePfiS_ff",3,0,0,8,4347,61440,256,0,0,1,1,0,0x0,0.000013,1.681532,184.320000,0,0.000000,3.165667,0.611688,0.000000,91.495017
"_Z28yoloswag420blazeit360noscopePfiS_ff",4,0,0,9,4347,61440,256,0,0,1,1,0,0x0,0.000013,1.648273,170.141538,0,0.000000,2.774593,0.554202,0.000000,91.616766
"_Z28yoloswag420blazeit360noscopePfiS_ff",5,0,0,10,4347,61440,256,0,0,1,1,0,0x0,0.000013,1.620860,170.141538,0,0.000000,2.834156,0.556730,0.000000,91.555851
"_Z28yoloswag420blazeit360noscopePfiS_ff",6,0,0,11,4347,61440,256,0,0,1,1,0,0x0,0.000014,1.520025,157.988571,0,0.000000,2.759175,0.500066,0.000000,91.434263
"_Z28yoloswag420blazeit360noscopePfiS_ff",7,0,0,12,4347,61440,256,0,0,1,1,0,0x0,0.000014,1.537707,157.988571,0,0.000000,2.542788,0.515912,0.000000,91.555851
"_Z28yoloswag420blazeit360noscopePfiS_ff",8,0,0,13,4347,61440,256,0,0,1,1,0,0x0,0.000014,1.533265,157.988571,0,0.000000,2.767655,0.523310,0.000000,91.555851
"_Z28yoloswag420blazeit360noscopePfiS_ff",9,0,0,14,4347,61440,256,0,0,1,1,0,0x0,0.000012,1.846203,201.076364,0,0.000000,3.020817,0.321079,0.000000,95.625000
"_Z28yoloswag420blazeit360noscopePfiS_ff",10,0,0,15,4347,61440,256,0,0,1,1,0,0x0,0.000012,1.848875,201.076364,0,0.000000,3.145766,0.346999,0.000000,95.625000
