kernel-name,dispatch,gpu-id,queue-id,queue-index,tid,grd,wgr,lds,scr,vgpr,sgpr,fbar,sig,time,VALUBusy,performance,LDSInsts,LDSBankConflict,L1MemoryBusy,L1MemoryStalled,L2WriteUnitStalled,L2CacheHit
"_Z13kDotProduct_rPfS_S_j",0,0,0,6,72911,702464,128,2048,0,2,2,0,0x0,0.000024,25.406865,3238.377739,285390,0.000000,61.555855,23.104438,0.000000,99.187489
"_Z13kDotProduct_rPfS_S_j",1,0,0,8,72911,702464,128,2048,0,2,2,0,0x0,0.000028,21.748226,2758.618074,285390,0.000000,53.412152,20.665905,0.000000,98.541793
"_Z13kDotProduct_rPfS_S_j",2,0,0,9,72911,702464,128,2048,0,2,2,0,0x0,0.000023,25.560993,3238.377739,285390,0.000000,61.447691,23.888490,0.000000,99.187489
"_Z13kDotProduct_rPfS_S_j",3,0,0,10,72911,702464,128,2048,0,2,2,0,0x0,0.000025,23.967975,2979.307520,285390,0.000000,59.183673,23.277282,0.000000,98.387516
"_Z13kDotProduct_rPfS_S_j",4,0,0,11,72911,702464,128,2048,0,2,2,0,0x0,0.000025,23.636561,2979.307520,285390,0.000000,57.789588,23.120264,0.000000,98.541287
"_Z13kDotProduct_rPfS_S_j",5,0,0,12,72911,702464,128,2048,0,2,2,0,0x0,0.000024,24.509755,3103.445333,285390,0.000000,59.737601,23.069956,0.000000,98.541793
"_Z13kDotProduct_rPfS_S_j",6,0,0,13,72911,702464,128,2048,0,2,2,0,0x0,0.000027,22.477407,2864.718769,285390,0.000000,56.743098,21.560014,0.000000,98.405131
"_Z13kDotProduct_rPfS_S_j",7,0,0,14,72911,702464,128,2048,0,2,2,0,0x0,0.000025,23.569871,2979.307520,285390,0.000000,59.799676,22.456390,0.000000,98.524177
"_Z13kDotProduct_rPfS_S_j",8,0,0,15,72911,702464,128,2048,0,2,2,0,0x0,0.000027,22.542281,2864.718769,285390,0.000000,55.520684,20.907150,0.000000,98.541287
"_Z13kDotProduct_rPfS_S_j",9,0,0,16,72911,702464,128,2048,0,2,2,0,0x0,0.000024,24.999593,3103.445333,285390,0.000000,60.708988,23.655928,0.000000,99.187489
"_Z13kDotProduct_rPfS_S_j",10,0,0,17,72911,702464,128,2048,0,2,2,0,0x0,0.000025,24.160259,3103.445333,285390,0.000000,58.744310,21.867691,0.000000,99.187489
