kernel-name,dispatch,gpu-id,queue-id,queue-index,tid,grd,wgr,lds,scr,vgpr,sgpr,fbar,sig,time,VALUBusy,performance,LDSInsts,LDSBankConflict,L1MemoryBusy,L1MemoryStalled,L2WriteUnitStalled,L2CacheHit
"_Z13kDotProduct_rPfS_S_j",0,0,0,6,72335,253952,32,2048,0,2,2,0,0x0,0.000027,16.182739,2071.630769,206352,0.000000,68.690892,19.698346,0.000000,99.108840
"_Z13kDotProduct_rPfS_S_j",1,0,0,8,72335,253952,32,2048,0,2,2,0,0x0,0.000031,13.833081,1737.496774,206352,0.000000,58.756621,17.108538,0.000000,98.361622
"_Z13kDotProduct_rPfS_S_j",2,0,0,9,72335,253952,32,2048,0,2,2,0,0x0,0.000028,15.584481,1994.903704,206352,0.000000,66.375791,18.497353,0.000000,99.109052
"_Z13kDotProduct_rPfS_S_j",3,0,0,10,72335,253952,32,2048,0,2,2,0,0x0,0.000029,14.978332,1923.657143,206352,0.000000,63.105838,18.183239,0.000000,98.373217
"_Z13kDotProduct_rPfS_S_j",4,0,0,11,72335,253952,32,2048,0,2,2,0,0x0,0.000028,15.249912,1923.657143,206352,0.000000,64.630345,19.102862,0.000000,98.512572
"_Z13kDotProduct_rPfS_S_j",5,0,0,12,72335,253952,32,2048,0,2,2,0,0x0,0.000028,15.373764,1923.657143,206352,0.000000,64.133417,19.166722,0.000000,98.430493
"_Z13kDotProduct_rPfS_S_j",6,0,0,13,72335,253952,32,2048,0,2,2,0,0x0,0.000031,14.142848,1795.413333,206352,0.000000,59.037702,17.241256,0.000000,98.349640
"_Z13kDotProduct_rPfS_S_j",7,0,0,14,72335,253952,32,2048,0,2,2,0,0x0,0.000029,15.037989,1923.657143,206352,0.000000,62.774904,18.082493,0.000000,98.511518
"_Z13kDotProduct_rPfS_S_j",8,0,0,15,72335,253952,32,2048,0,2,2,0,0x0,0.000030,14.480980,1857.324138,206352,0.000000,61.500261,17.164669,0.000000,99.109264
"_Z13kDotProduct_rPfS_S_j",9,0,0,16,72335,253952,32,2048,0,2,2,0,0x0,0.000027,15.947959,1994.903704,206352,0.000000,66.397893,18.970089,0.000000,99.109052
"_Z13kDotProduct_rPfS_S_j",10,0,0,17,72335,253952,32,2048,0,2,2,0,0x0,0.000028,15.546816,1994.903704,206352,0.000000,66.052007,18.901893,0.000000,99.109052
