kernel-name,dispatch,gpu-id,queue-id,queue-index,tid,grd,wgr,lds,scr,vgpr,sgpr,fbar,sig,time,VALUBusy,performance,LDSInsts,LDSBankConflict,L1MemoryBusy,L1MemoryStalled,L2WriteUnitStalled,L2CacheHit
"_Z13kDotProduct_rPfS_S_j",0,0,0,6,72244,246016,256,2048,0,2,2,0,0x0,0.000013,16.624252,2189.013333,100068,0.000000,40.243573,15.255838,0.000000,98.944954
"_Z13kDotProduct_rPfS_S_j",1,0,0,8,72244,246016,256,2048,0,2,2,0,0x0,0.000017,12.468954,1641.760000,100068,0.000000,28.114766,11.600802,0.000000,97.576444
"_Z13kDotProduct_rPfS_S_j",2,0,0,9,72244,246016,256,2048,0,2,2,0,0x0,0.000013,16.897813,2189.013333,100068,0.000000,39.767627,15.085519,0.000000,98.945438
"_Z13kDotProduct_rPfS_S_j",3,0,0,10,72244,246016,256,2048,0,2,2,0,0x0,0.000014,15.102449,1876.297143,100068,0.000000,34.833764,14.066539,0.000000,97.624972
"_Z13kDotProduct_rPfS_S_j",4,0,0,11,72244,246016,256,2048,0,2,2,0,0x0,0.000015,14.291024,1876.297143,100068,0.000000,32.155660,13.246457,0.000000,97.558770
"_Z13kDotProduct_rPfS_S_j",5,0,0,12,72244,246016,256,2048,0,2,2,0,0x0,0.000014,15.128745,2020.627692,100068,0.000000,33.287200,14.352203,0.000000,97.448634
"_Z13kDotProduct_rPfS_S_j",6,0,0,13,72244,246016,256,2048,0,2,2,0,0x0,0.000015,13.938333,1751.210667,100068,0.000000,31.643838,13.412101,0.000000,97.425474
"_Z13kDotProduct_rPfS_S_j",7,0,0,14,72244,246016,256,2048,0,2,2,0,0x0,0.000015,14.530004,1876.297143,100068,0.000000,32.537947,13.733814,0.000000,97.623897
"_Z13kDotProduct_rPfS_S_j",8,0,0,15,72244,246016,256,2048,0,2,2,0,0x0,0.000015,14.096038,1751.210667,100068,0.000000,31.150166,13.131240,0.000000,97.492659
"_Z13kDotProduct_rPfS_S_j",9,0,0,16,72244,246016,256,2048,0,2,2,0,0x0,0.000013,15.966300,2020.627692,100068,0.000000,37.361006,14.325763,0.000000,98.944954
"_Z13kDotProduct_rPfS_S_j",10,0,0,17,72244,246016,256,2048,0,2,2,0,0x0,0.000013,16.083761,2020.627692,100068,0.000000,36.181119,14.395557,0.000000,98.945438
