kernel-name,dispatch,gpu-id,queue-id,queue-index,tid,grd,wgr,lds,scr,vgpr,sgpr,fbar,sig,time,VALUBusy,performance,LDSInsts,LDSBankConflict,L1MemoryBusy,L1MemoryStalled,L2WriteUnitStalled,L2CacheHit
"_Z12applyChangesPfS_if",0,0,0,4,58745,4145152,32,0,0,0,1,0,0x0,0.000330,5.361955,602.931200,0,0.000000,43.604105,4.482093,0.000000,99.929122
"_Z12applyChangesPfS_if",1,0,0,6,58745,4145152,32,0,0,0,1,0,0x0,0.000336,5.272344,593.932227,0,0.000000,42.882355,4.415792,0.000000,99.919822
"_Z12applyChangesPfS_if",2,0,0,7,58745,4145152,32,0,0,0,1,0,0x0,0.000330,5.359946,602.931200,0,0.000000,43.679657,4.488832,0.000000,99.929122
"_Z12applyChangesPfS_if",3,0,0,8,58745,4145152,32,0,0,0,1,0,0x0,0.000336,5.277666,593.932227,0,0.000000,42.798340,4.885045,0.000000,99.888091
"_Z12applyChangesPfS_if",4,0,0,9,58745,4145152,32,0,0,0,1,0,0x0,0.000334,5.308296,597.499387,0,0.000000,43.134584,4.441454,0.000000,99.929033
"_Z12applyChangesPfS_if",5,0,0,10,58745,4145152,32,0,0,0,1,0,0x0,0.000334,5.299063,595.710467,0,0.000000,43.041894,4.430177,0.000000,99.920627
"_Z12applyChangesPfS_if",6,0,0,11,58745,4145152,32,0,0,0,1,0,0x0,0.000334,5.300749,595.710467,0,0.000000,43.029205,4.435608,0.000000,99.920538
"_Z12applyChangesPfS_if",7,0,0,12,58745,4145152,32,0,0,0,1,0,0x0,0.000331,5.357362,602.931200,0,0.000000,43.438526,4.479200,0.000000,99.929122
"_Z12applyChangesPfS_if",8,0,0,13,58745,4145152,32,0,0,0,1,0,0x0,0.000331,5.358061,602.931200,0,0.000000,43.565590,4.482668,0.000000,99.929122
"_Z12applyChangesPfS_if",9,0,0,14,58745,4145152,32,0,0,0,1,0,0x0,0.000330,5.359906,602.931200,0,0.000000,43.527530,4.478915,0.000000,99.929122
"_Z12applyChangesPfS_if",10,0,0,15,58745,4145152,32,0,0,0,1,0,0x0,0.000331,5.357393,602.931200,0,0.000000,43.521726,4.481211,0.000000,99.929122
