kernel-name,dispatch,gpu-id,queue-id,queue-index,tid,grd,wgr,lds,scr,vgpr,sgpr,fbar,sig,time,VALUBusy,performance,LDSInsts,LDSBankConflict,L1MemoryBusy,L1MemoryStalled,L2WriteUnitStalled,L2CacheHit
"_Z10tileMatMulPfS_S_iiiiii",0,0,0,6,122932,1537536,32,8192,0,6,2,0,0x0,0.000221,12.583685,1598.626327,1249248,60.780698,0.183080,0.000778,0.000000,95.859213
"_Z10tileMatMulPfS_S_iiiiii",1,0,0,8,122932,1537536,32,8192,0,6,2,0,0x0,0.000228,12.211895,1549.329480,1249248,58.984907,0.180761,0.039559,0.000000,74.878444
"_Z10tileMatMulPfS_S_iiiiii",2,0,0,9,122932,1537536,32,8192,0,6,2,0,0x0,0.000221,12.591526,1598.626327,1249248,60.818573,0.185602,0.005311,0.000000,95.867769
"_Z10tileMatMulPfS_S_iiiiii",3,0,0,10,122932,1537536,32,8192,0,6,2,0,0x0,0.000226,12.312351,1563.101298,1249248,59.470123,0.183148,0.041061,0.000000,74.959612
"_Z10tileMatMulPfS_S_iiiiii",4,0,0,11,122932,1537536,32,8192,0,6,2,0,0x0,0.000225,12.321838,1563.101298,1249248,59.515949,0.178508,0.039984,0.000000,74.837662
"_Z10tileMatMulPfS_S_iiiiii",5,0,0,12,122932,1537536,32,8192,0,6,2,0,0x0,0.000226,12.277360,1556.184920,1249248,59.301112,0.183664,0.042602,0.000000,74.959612
"_Z10tileMatMulPfS_S_iiiiii",6,0,0,13,122932,1537536,32,8192,0,6,2,0,0x0,0.000226,12.279225,1556.184920,1249248,59.310121,0.178098,0.041434,0.000000,74.959612
"_Z10tileMatMulPfS_S_iiiiii",7,0,0,14,122932,1537536,32,8192,0,6,2,0,0x0,0.000226,12.268076,1556.184920,1249248,59.256270,0.183870,0.042776,0.000000,74.919094
"_Z10tileMatMulPfS_S_iiiiii",8,0,0,15,122932,1537536,32,8192,0,6,2,0,0x0,0.000221,12.562241,1591.392724,1249248,60.677125,0.180790,0.000777,0.000000,95.867769
"_Z10tileMatMulPfS_S_iiiiii",9,0,0,16,122932,1537536,32,8192,0,6,2,0,0x0,0.000221,12.569772,1591.392724,1249248,60.713498,0.180050,0.006504,0.000000,95.867769
"_Z10tileMatMulPfS_S_iiiiii",10,0,0,17,122932,1537536,32,8192,0,6,2,0,0x0,0.000221,12.561531,1591.392724,1249248,60.673695,0.184241,0.005934,0.000000,95.859213
