kernel-name,dispatch,gpu-id,queue-id,queue-index,tid,grd,wgr,lds,scr,vgpr,sgpr,fbar,sig,time,VALUBusy,performance,LDSInsts,LDSBankConflict,L1MemoryBusy,L1MemoryStalled,L2WriteUnitStalled,L2CacheHit
"_Z10tileMatMulPfS_S_iiiiii",0,0,0,6,123386,4112768,16,8192,0,6,2,0,0x0,0.000744,19.920609,2523.320258,6683248,42.494078,0.104123,0.000231,0.000000,95.867769
"_Z10tileMatMulPfS_S_iiiiii",1,0,0,8,123386,4112768,16,8192,0,6,2,0,0x0,0.000751,19.744239,2503.133696,6683248,42.117851,0.106738,0.012005,0.000000,74.959612
"_Z10tileMatMulPfS_S_iiiiii",2,0,0,9,123386,4112768,16,8192,0,6,2,0,0x0,0.000746,19.863016,2516.555324,6683248,42.371223,0.107275,0.001695,0.000000,81.978799
"_Z10tileMatMulPfS_S_iiiiii",3,0,0,10,123386,4112768,16,8192,0,6,2,0,0x0,0.000750,19.767633,2503.133696,6683248,42.167756,0.104052,0.012353,0.000000,73.417722
"_Z10tileMatMulPfS_S_iiiiii",4,0,0,11,123386,4112768,16,8192,0,6,2,0,0x0,0.000748,19.831418,2513.186442,6683248,42.303820,0.104388,0.012664,0.000000,72.049689
"_Z10tileMatMulPfS_S_iiiiii",5,0,0,12,123386,4112768,16,8192,0,6,2,0,0x0,0.000751,19.745833,2503.133696,6683248,42.121252,0.103147,0.012984,0.000000,71.937984
"_Z10tileMatMulPfS_S_iiiiii",6,0,0,13,123386,4112768,16,8192,0,6,2,0,0x0,0.000745,19.902259,2519.933251,6683248,42.454935,0.104929,0.012521,0.000000,84.981685
"_Z10tileMatMulPfS_S_iiiiii",7,0,0,14,123386,4112768,16,8192,0,6,2,0,0x0,0.000745,19.911196,2523.320258,6683248,42.473998,0.106612,0.001804,0.000000,95.867769
"_Z10tileMatMulPfS_S_iiiiii",8,0,0,15,123386,4112768,16,8192,0,6,2,0,0x0,0.000744,19.925913,2523.320258,6683248,42.505392,0.105914,0.001806,0.000000,95.867769
"_Z10tileMatMulPfS_S_iiiiii",9,0,0,16,123386,4112768,16,8192,0,6,2,0,0x0,0.000744,19.915893,2523.320258,6683248,42.484018,0.107582,0.001742,0.000000,95.867769
"_Z10tileMatMulPfS_S_iiiiii",10,0,0,17,123386,4112768,16,8192,0,6,2,0,0x0,0.000744,19.927720,2523.320258,6683248,42.509248,0.106785,0.001869,0.000000,95.867769
