kernel-name,dispatch,gpu-id,queue-id,queue-index,tid,grd,wgr,lds,scr,vgpr,sgpr,fbar,sig,time,VALUBusy,performance,LDSInsts,LDSBankConflict,L1MemoryBusy,L1MemoryStalled,L2WriteUnitStalled,L2CacheHit
"_Z6concatPfS_S_S_S_iiiii",0,0,0,10,113421,246016,256,0,0,2,2,0,0x0,0.000011,1.827726,233.318400,0,0.000000,3.906916,0.376485,0.000000,95.264317
"_Z6concatPfS_S_S_S_iiiii",1,0,0,12,113421,246016,256,0,0,2,2,0,0x0,0.000015,1.339211,155.545600,0,0.000000,2.432753,0.491339,0.000000,90.030519
"_Z6concatPfS_S_S_S_iiiii",2,0,0,13,113421,246016,256,0,0,2,2,0,0x0,0.000011,1.791883,212.107636,0,0.000000,2.605995,0.406708,0.000000,95.264317
"_Z6concatPfS_S_S_S_iiiii",3,0,0,14,113421,246016,256,0,0,2,2,0,0x0,0.000013,1.588664,194.432000,0,0.000000,2.184490,0.419857,0.000000,88.946820
"_Z6concatPfS_S_S_S_iiiii",4,0,0,15,113421,246016,256,0,0,2,2,0,0x0,0.000013,1.592913,194.432000,0,0.000000,2.303006,0.752811,0.000000,88.970588
"_Z6concatPfS_S_S_S_iiiii",5,0,0,16,113421,246016,256,0,0,2,2,0,0x0,0.000014,1.488729,179.475692,0,0.000000,2.659230,0.534623,0.000000,90.030519
"_Z6concatPfS_S_S_S_iiiii",6,0,0,17,113421,246016,256,0,0,2,2,0,0x0,0.000014,1.468406,179.475692,0,0.000000,2.206319,0.416610,0.000000,89.743590
"_Z6concatPfS_S_S_S_iiiii",7,0,0,18,113421,246016,256,0,0,2,2,0,0x0,0.000014,1.481324,179.475692,0,0.000000,2.358143,0.436395,0.000000,89.446721
"_Z6concatPfS_S_S_S_iiiii",8,0,0,19,113421,246016,256,0,0,2,2,0,0x0,0.000014,1.480029,179.475692,0,0.000000,2.428558,0.457871,0.000000,89.630390
"_Z6concatPfS_S_S_S_iiiii",9,0,0,20,113421,246016,256,0,0,2,2,0,0x0,0.000012,1.721761,212.107636,0,0.000000,3.553266,0.604925,0.000000,95.366379
"_Z6concatPfS_S_S_S_iiiii",10,0,0,21,113421,246016,256,0,0,2,2,0,0x0,0.000012,1.741998,212.107636,0,0.000000,2.941017,0.364242,0.000000,95.425532
