kernel-name,dispatch,gpu-id,queue-id,queue-index,tid,grd,wgr,lds,scr,vgpr,sgpr,fbar,sig,time,VALUBusy,performance,LDSInsts,LDSBankConflict,L1MemoryBusy,L1MemoryStalled,L2WriteUnitStalled,L2CacheHit
"_Z10clearLabelPbj",0,0,0,2,1906,285696,192,0,0,0,1,0,0x0,0.000012,0.744790,103.994182,0,0.000000,0.090672,0.014667,0.000000,80.392157
"_Z10clearLabelPbj",1,0,0,4,1906,285696,192,0,0,0,1,0,0x0,0.000016,0.556870,76.262400,0,0.000000,0.645039,0.584224,0.000000,54.185022
"_Z10clearLabelPbj",2,0,0,5,1906,285696,192,0,0,0,1,0,0x0,0.000012,0.752131,103.994182,0,0.000000,0.195249,0.118496,0.000000,80.392157
"_Z10clearLabelPbj",3,0,0,6,1906,285696,192,0,0,0,1,0,0x0,0.000014,0.628191,87.995077,0,0.000000,0.696163,0.632057,0.000000,54.185022
"_Z10clearLabelPbj",4,0,0,7,1906,285696,192,0,0,0,1,0,0x0,0.000015,0.574464,76.262400,0,0.000000,0.670561,0.607825,0.000000,54.185022
"_Z10clearLabelPbj",5,0,0,8,1906,285696,192,0,0,0,1,0,0x0,0.000015,0.565209,76.262400,0,0.000000,0.718449,0.660771,0.000000,53.947368
"_Z10clearLabelPbj",6,0,0,9,1906,285696,192,0,0,0,1,0,0x0,0.000015,0.578390,76.262400,0,0.000000,0.665824,0.606801,0.000000,54.185022
"_Z10clearLabelPbj",7,0,0,10,1906,285696,192,0,0,0,1,0,0x0,0.000015,0.586159,81.709714,0,0.000000,0.681065,0.614952,0.000000,54.185022
"_Z10clearLabelPbj",8,0,0,11,1906,285696,192,0,0,0,1,0,0x0,0.000015,0.583172,81.709714,0,0.000000,0.816454,0.697432,0.000000,54.185022
"_Z10clearLabelPbj",9,0,0,12,1906,285696,192,0,0,0,1,0,0x0,0.000012,0.718427,95.328000,0,0.000000,0.180069,0.106755,0.000000,80.392157
"_Z10clearLabelPbj",10,0,0,13,1906,285696,192,0,0,0,1,0,0x0,0.000012,0.717947,95.328000,0,0.000000,0.177378,0.104113,0.000000,80.392157
