kernel-name,dispatch,gpu-id,queue-id,queue-index,tid,grd,wgr,lds,scr,vgpr,sgpr,fbar,sig,time,VALUBusy,performance,LDSInsts,LDSBankConflict,L1MemoryBusy,L1MemoryStalled,L2WriteUnitStalled,L2CacheHit
"_Z10device_addPiS_S_",0,0,0,6,80577,1576960,128,0,0,0,0,0,0x0,0.000036,1.323433,175.217778,0,0.000000,36.428792,5.197913,0.000000,99.971838
"_Z10device_addPiS_S_",1,0,0,8,80577,1576960,128,0,0,0,0,0,0x0,0.000041,1.165572,153.849756,0,0.000000,33.594956,5.363901,0.000000,99.067097
"_Z10device_addPiS_S_",2,0,0,9,80577,1576960,128,0,0,0,0,0,0x0,0.000036,1.321956,175.217778,0,0.000000,36.195426,4.844885,0.000000,99.971838
"_Z10device_addPiS_S_",3,0,0,10,80577,1576960,128,0,0,0,0,0,0x0,0.000039,1.237604,165.995789,0,0.000000,35.370558,5.766109,0.000000,99.059199
"_Z10device_addPiS_S_",4,0,0,11,80577,1576960,128,0,0,0,0,0,0x0,0.000039,1.231035,161.739487,0,0.000000,35.348287,5.993701,0.000000,99.059199
"_Z10device_addPiS_S_",5,0,0,12,80577,1576960,128,0,0,0,0,0,0x0,0.000039,1.223873,161.739487,0,0.000000,34.994437,5.929031,0.000000,99.078947
"_Z10device_addPiS_S_",6,0,0,13,80577,1576960,128,0,0,0,0,0,0x0,0.000039,1.227131,161.739487,0,0.000000,35.134984,5.711736,0.000000,99.098704
"_Z10device_addPiS_S_",7,0,0,14,80577,1576960,128,0,0,0,0,0,0x0,0.000039,1.219068,161.739487,0,0.000000,35.527920,6.240996,0.000000,99.059199
"_Z10device_addPiS_S_",8,0,0,15,80577,1576960,128,0,0,0,0,0,0x0,0.000036,1.322547,175.217778,0,0.000000,36.262689,5.502740,0.000000,99.971838
"_Z10device_addPiS_S_",9,0,0,16,80577,1576960,128,0,0,0,0,0,0x0,0.000036,1.321684,175.217778,0,0.000000,36.097856,5.519319,0.000000,99.971838
"_Z10device_addPiS_S_",10,0,0,17,80577,1576960,128,0,0,0,0,0,0x0,0.000036,1.323980,175.217778,0,0.000000,36.146790,5.471302,0.000000,99.971838
