kernel-name,dispatch,gpu-id,queue-id,queue-index,tid,grd,wgr,lds,scr,vgpr,sgpr,fbar,sig,time,VALUBusy,performance,LDSInsts,LDSBankConflict,L1MemoryBusy,L1MemoryStalled,L2WriteUnitStalled,L2CacheHit
"_Z10device_addPiS_S_",0,0,0,6,77736,285696,192,0,0,0,0,0,0x0,0.000010,0.865976,114.278400,0,0.000000,14.030976,2.355826,0.000000,99.850427
"_Z10device_addPiS_S_",1,0,0,8,77736,285696,192,0,0,0,0,0,0x0,0.000015,0.567488,76.185600,0,0.000000,14.368237,3.085591,0.000000,96.271117
"_Z10device_addPiS_S_",2,0,0,9,77736,285696,192,0,0,0,0,0,0x0,0.000010,0.858673,114.278400,0,0.000000,13.113997,2.220547,0.000000,99.850427
"_Z10device_addPiS_S_",3,0,0,10,77736,285696,192,0,0,0,0,0,0x0,0.000013,0.674304,95.232000,0,0.000000,17.470273,2.194509,0.000000,96.330653
"_Z10device_addPiS_S_",4,0,0,11,77736,285696,192,0,0,0,0,0,0x0,0.000013,0.684427,95.232000,0,0.000000,17.125405,2.383230,0.000000,96.350515
"_Z10device_addPiS_S_",5,0,0,12,77736,285696,192,0,0,0,0,0,0x0,0.000013,0.675250,95.232000,0,0.000000,18.752118,3.071301,0.000000,96.271117
"_Z10device_addPiS_S_",6,0,0,13,77736,285696,192,0,0,0,0,0,0x0,0.000013,0.658392,87.906462,0,0.000000,17.968897,2.647725,0.000000,96.271117
"_Z10device_addPiS_S_",7,0,0,14,77736,285696,192,0,0,0,0,0,0x0,0.000013,0.647002,87.906462,0,0.000000,16.954223,3.054126,0.000000,96.310800
"_Z10device_addPiS_S_",8,0,0,15,77736,285696,192,0,0,0,0,0,0x0,0.000013,0.649653,87.906462,0,0.000000,17.811903,2.971173,0.000000,96.310800
"_Z10device_addPiS_S_",9,0,0,16,77736,285696,192,0,0,0,0,0,0x0,0.000010,0.870026,114.278400,0,0.000000,13.419920,2.228078,0.000000,99.850427
"_Z10device_addPiS_S_",10,0,0,17,77736,285696,192,0,0,0,0,0,0x0,0.000010,0.858462,114.278400,0,0.000000,12.940000,2.115385,0.000000,99.850427
