kernel-name,dispatch,gpu-id,queue-id,queue-index,tid,grd,wgr,lds,scr,vgpr,sgpr,fbar,sig,time,VALUBusy,performance,LDSInsts,LDSBankConflict,L1MemoryBusy,L1MemoryStalled,L2WriteUnitStalled,L2CacheHit
"_Z20AccuracyDivideKerneliPf",0,0,0,2,12328,2903040,192,0,0,1,0,0,0x0,0.000050,14.296881,1540.388571,0,0.000000,22.265438,4.403792,0.000000,99.986814
"_Z20AccuracyDivideKerneliPf",1,0,0,4,12328,2903040,192,0,0,1,0,0,0x0,0.000054,13.005035,1397.760000,0,0.000000,20.350757,4.070954,0.000000,99.826667
"_Z20AccuracyDivideKerneliPf",2,0,0,5,12328,2903040,192,0,0,1,0,0,0x0,0.000050,14.286074,1540.388571,0,0.000000,22.440097,4.363615,0.000000,99.986814
"_Z20AccuracyDivideKerneliPf",3,0,0,6,12328,2903040,192,0,0,1,0,0,0x0,0.000052,13.716857,1479.981176,0,0.000000,21.448011,4.244787,0.000000,99.826667
"_Z20AccuracyDivideKerneliPf",4,0,0,7,12328,2903040,192,0,0,1,0,0,0x0,0.000052,13.513836,1451.520000,0,0.000000,21.126689,4.191792,0.000000,99.826667
"_Z20AccuracyDivideKerneliPf",5,0,0,8,12328,2903040,192,0,0,1,0,0,0x0,0.000052,13.681772,1479.981176,0,0.000000,21.529789,4.293350,0.000000,99.826667
"_Z20AccuracyDivideKerneliPf",6,0,0,9,12328,2903040,192,0,0,1,0,0,0x0,0.000053,13.436178,1451.520000,0,0.000000,21.164943,4.122087,0.000000,99.826667
"_Z20AccuracyDivideKerneliPf",7,0,0,10,12328,2903040,192,0,0,1,0,0,0x0,0.000052,13.589953,1451.520000,0,0.000000,21.319388,4.199523,0.000000,99.826667
"_Z20AccuracyDivideKerneliPf",8,0,0,11,12328,2903040,192,0,0,1,0,0,0x0,0.000051,14.010897,1509.580800,0,0.000000,22.069943,4.206358,0.000000,99.986814
"_Z20AccuracyDivideKerneliPf",9,0,0,12,12328,2903040,192,0,0,1,0,0,0x0,0.000050,14.254289,1540.388571,0,0.000000,22.535667,4.321539,0.000000,99.986814
"_Z20AccuracyDivideKerneliPf",10,0,0,13,12328,2903040,192,0,0,1,0,0,0x0,0.000050,14.244621,1540.388571,0,0.000000,22.538595,4.374819,0.000000,99.986814
