kernel-name,dispatch,gpu-id,queue-id,queue-index,tid,grd,wgr,lds,scr,vgpr,sgpr,fbar,sig,time,VALUBusy,performance,LDSInsts,LDSBankConflict,L1MemoryBusy,L1MemoryStalled,L2WriteUnitStalled,L2CacheHit
"_Z20AccuracyDivideKerneliPf",0,0,0,2,11342,1040384,128,0,0,1,0,0,0x0,0.000026,9.818560,1081.999360,0,0.000000,20.319635,3.916310,0.000000,99.963415
"_Z20AccuracyDivideKerneliPf",1,0,0,4,11342,1040384,128,0,0,1,0,0,0x0,0.000030,8.339147,901.666133,0,0.000000,16.813210,3.457032,0.000000,99.520427
"_Z20AccuracyDivideKerneliPf",2,0,0,5,11342,1040384,128,0,0,1,0,0,0x0,0.000026,9.813344,1081.999360,0,0.000000,20.362567,3.921474,0.000000,99.963415
"_Z20AccuracyDivideKerneliPf",3,0,0,6,11342,1040384,128,0,0,1,0,0,0x0,0.000027,9.242035,1001.851259,0,0.000000,18.636436,3.747186,0.000000,99.520427
"_Z20AccuracyDivideKerneliPf",4,0,0,7,11342,1040384,128,0,0,1,0,0,0x0,0.000028,9.014085,966.070857,0,0.000000,18.198958,3.679162,0.000000,99.520427
"_Z20AccuracyDivideKerneliPf",5,0,0,8,11342,1040384,128,0,0,1,0,0,0x0,0.000027,9.242876,1001.851259,0,0.000000,18.693852,3.828834,0.000000,99.520427
"_Z20AccuracyDivideKerneliPf",6,0,0,9,11342,1040384,128,0,0,1,0,0,0x0,0.000028,8.946418,966.070857,0,0.000000,18.076652,3.698323,0.000000,99.520427
"_Z20AccuracyDivideKerneliPf",7,0,0,10,11342,1040384,128,0,0,1,0,0,0x0,0.000028,9.150474,1001.851259,0,0.000000,18.509220,3.829960,0.000000,99.520427
"_Z20AccuracyDivideKerneliPf",8,0,0,11,11342,1040384,128,0,0,1,0,0,0x0,0.000027,9.449405,1040.384000,0,0.000000,19.515555,3.854515,0.000000,99.963415
"_Z20AccuracyDivideKerneliPf",9,0,0,12,11342,1040384,128,0,0,1,0,0,0x0,0.000026,9.757503,1040.384000,0,0.000000,20.098439,3.991597,0.000000,99.963415
"_Z20AccuracyDivideKerneliPf",10,0,0,13,11342,1040384,128,0,0,1,0,0,0x0,0.000026,9.755629,1040.384000,0,0.000000,20.174396,3.992630,0.000000,99.963415
