kernel-name,dispatch,gpu-id,queue-id,queue-index,tid,grd,wgr,lds,scr,vgpr,sgpr,fbar,sig,time,VALUBusy,performance,LDSInsts,LDSBankConflict,L1MemoryBusy,L1MemoryStalled,L2WriteUnitStalled,L2CacheHit
"_Z18reduction_kernel_2PfS_j",0,0,0,4,77757,4112768,16,0,0,0,1,0,0x0,0.000649,2.706861,355.001985,514096,0.000000,20.135663,4.523219,0.000000,99.938221
"_Z18reduction_kernel_2PfS_j",1,0,0,6,77757,4112768,16,0,0,0,1,0,0x0,0.000655,2.684050,352.287902,514096,0.000000,19.961013,4.505952,0.000000,99.912986
"_Z18reduction_kernel_2PfS_j",2,0,0,7,77757,4112768,16,0,0,0,1,0,0x0,0.000651,2.701806,354.455828,514096,0.000000,20.173276,4.683908,0.000000,99.826899
"_Z18reduction_kernel_2PfS_j",3,0,0,8,77757,4112768,16,0,0,0,1,0,0x0,0.000654,2.686072,352.287902,514096,0.000000,20.018981,4.675325,0.000000,99.826511
"_Z18reduction_kernel_2PfS_j",4,0,0,9,77757,4112768,16,0,0,0,1,0,0x0,0.000651,2.699136,353.911349,514096,0.000000,20.146091,4.771548,0.000000,99.807144
"_Z18reduction_kernel_2PfS_j",5,0,0,10,77757,4112768,16,0,0,0,1,0,0x0,0.000653,2.690986,352.827394,514096,0.000000,20.038164,4.501140,0.000000,99.937832
"_Z18reduction_kernel_2PfS_j",6,0,0,11,77757,4112768,16,0,0,0,1,0,0x0,0.000654,2.688033,352.827394,514096,0.000000,19.994844,4.505352,0.000000,99.914151
"_Z18reduction_kernel_2PfS_j",7,0,0,12,77757,4112768,16,0,0,0,1,0,0x0,0.000650,2.703954,354.455828,514096,0.000000,20.111421,4.518458,0.000000,99.938221
"_Z18reduction_kernel_2PfS_j",8,0,0,13,77757,4112768,16,0,0,0,1,0,0x0,0.000650,2.706035,355.001985,514096,0.000000,20.144819,4.526818,0.000000,99.938221
"_Z18reduction_kernel_2PfS_j",9,0,0,14,77757,4112768,16,0,0,0,1,0,0x0,0.000650,2.706426,355.001985,514096,0.000000,20.118523,4.517585,0.000000,99.938221
"_Z18reduction_kernel_2PfS_j",10,0,0,15,77757,4112768,16,0,0,0,1,0,0x0,0.000650,2.706077,355.001985,514096,0.000000,20.111071,4.516714,0.000000,99.938221
