kernel-name,dispatch,gpu-id,queue-id,queue-index,tid,grd,wgr,lds,scr,vgpr,sgpr,fbar,sig,time,VALUBusy,performance,LDSInsts,LDSBankConflict,L1MemoryBusy,L1MemoryStalled,L2WriteUnitStalled,L2CacheHit
"_Z21updateGradientsKernelP15HIP_vector_typeIfLj4EES1_j",0,0,0,4,10323,1576960,64,0,0,2,1,0,0x0,0.000068,4.941463,602.955294,0,0.000000,81.400983,16.349001,0.000000,98.638539
"_Z21updateGradientsKernelP15HIP_vector_typeIfLj4EES1_j",1,0,0,6,10323,1576960,64,0,0,2,1,0,0x0,0.000074,4.563349,561.656986,0,0.000000,75.516234,15.469458,0.000000,98.550600
"_Z21updateGradientsKernelP15HIP_vector_typeIfLj4EES1_j",2,0,0,7,10323,1576960,64,0,0,2,1,0,0x0,0.000068,4.932555,602.955294,0,0.000000,80.940343,16.303741,0.000000,98.638539
"_Z21updateGradientsKernelP15HIP_vector_typeIfLj4EES1_j",3,0,0,8,10323,1576960,64,0,0,2,1,0,0x0,0.000072,4.698970,577.478310,0,0.000000,77.751382,16.051035,0.000000,98.553616
"_Z21updateGradientsKernelP15HIP_vector_typeIfLj4EES1_j",4,0,0,9,10323,1576960,64,0,0,2,1,0,0x0,0.000072,4.705697,577.478310,0,0.000000,77.641607,15.977545,0.000000,98.554086
"_Z21updateGradientsKernelP15HIP_vector_typeIfLj4EES1_j",5,0,0,10,10323,1576960,64,0,0,2,1,0,0x0,0.000072,4.696840,577.478310,0,0.000000,77.664520,16.152033,0.000000,98.543077
"_Z21updateGradientsKernelP15HIP_vector_typeIfLj4EES1_j",6,0,0,11,10323,1576960,64,0,0,2,1,0,0x0,0.000072,4.663275,569.457778,0,0.000000,76.835678,15.784192,0.000000,98.554563
"_Z21updateGradientsKernelP15HIP_vector_typeIfLj4EES1_j",7,0,0,12,10323,1576960,64,0,0,2,1,0,0x0,0.000072,4.679876,577.478310,0,0.000000,77.003924,15.791541,0.000000,98.544560
"_Z21updateGradientsKernelP15HIP_vector_typeIfLj4EES1_j",8,0,0,13,10323,1576960,64,0,0,2,1,0,0x0,0.000068,4.933684,602.955294,0,0.000000,80.809664,16.236533,0.000000,98.638532
"_Z21updateGradientsKernelP15HIP_vector_typeIfLj4EES1_j",9,0,0,14,10323,1576960,64,0,0,2,1,0,0x0,0.000068,4.933097,602.955294,0,0.000000,80.505574,16.287685,0.000000,98.638539
"_Z21updateGradientsKernelP15HIP_vector_typeIfLj4EES1_j",10,0,0,15,10323,1576960,64,0,0,2,1,0,0x0,0.000068,4.923049,602.955294,0,0.000000,80.944193,16.221400,0.000000,98.638539
