kernel-name,dispatch,gpu-id,queue-id,queue-index,tid,grd,wgr,lds,scr,vgpr,sgpr,fbar,sig,time,VALUBusy,performance,LDSInsts,LDSBankConflict,L1MemoryBusy,L1MemoryStalled,L2WriteUnitStalled,L2CacheHit
"_Z51cunn_TemporalMaxPooling_updateGradInputKernelAtomicPfS_S_iiiii",0,0,0,6,97970,2822400,16,0,0,3,2,0,0x0,0.000447,0.902468,115.457718,0,0.000000,0.452562,0.247401,0.000000,98.984724
"_Z51cunn_TemporalMaxPooling_updateGradInputKernelAtomicPfS_S_iiiii",1,0,0,8,97970,2822400,16,0,0,3,2,0,0x0,0.000451,0.894007,114.433703,0,0.000000,0.666507,0.424298,0.000000,98.325315
"_Z51cunn_TemporalMaxPooling_updateGradInputKernelAtomicPfS_S_iiiii",2,0,0,9,97970,2822400,16,0,0,3,2,0,0x0,0.000447,0.902453,115.457718,0,0.000000,0.476591,0.275802,0.000000,98.984724
"_Z51cunn_TemporalMaxPooling_updateGradInputKernelAtomicPfS_S_iiiii",3,0,0,10,97970,2822400,16,0,0,3,2,0,0x0,0.000449,0.898761,114.943430,0,0.000000,0.597121,0.373875,0.000000,98.316218
"_Z51cunn_TemporalMaxPooling_updateGradInputKernelAtomicPfS_S_iiiii",4,0,0,11,97970,2822400,16,0,0,3,2,0,0x0,0.000451,0.894950,114.688000,0,0.000000,0.654321,0.389093,0.000000,98.001906
"_Z51cunn_TemporalMaxPooling_updateGradInputKernelAtomicPfS_S_iiiii",5,0,0,12,97970,2822400,16,0,0,3,2,0,0x0,0.000449,0.898090,114.943430,0,0.000000,0.564688,0.311393,0.000000,98.477173
"_Z51cunn_TemporalMaxPooling_updateGradInputKernelAtomicPfS_S_iiiii",6,0,0,13,97970,2822400,16,0,0,3,2,0,0x0,0.000449,0.898121,114.943430,0,0.000000,0.625069,0.357023,0.000000,98.334413
"_Z51cunn_TemporalMaxPooling_updateGradInputKernelAtomicPfS_S_iiiii",7,0,0,14,97970,2822400,16,0,0,3,2,0,0x0,0.000447,0.902034,115.457718,0,0.000000,0.492539,0.319571,0.000000,98.984724
"_Z51cunn_TemporalMaxPooling_updateGradInputKernelAtomicPfS_S_iiiii",8,0,0,15,97970,2822400,16,0,0,3,2,0,0x0,0.000447,0.902226,115.457718,0,0.000000,0.476576,0.291311,0.000000,98.984724
"_Z51cunn_TemporalMaxPooling_updateGradInputKernelAtomicPfS_S_iiiii",9,0,0,16,97970,2822400,16,0,0,3,2,0,0x0,0.000447,0.902112,115.457718,0,0.000000,0.485352,0.273882,0.000000,98.984724
"_Z51cunn_TemporalMaxPooling_updateGradInputKernelAtomicPfS_S_iiiii",10,0,0,17,97970,2822400,16,0,0,3,2,0,0x0,0.000447,0.902112,115.457718,0,0.000000,0.505853,0.338702,0.000000,98.984724
