kernel-name,dispatch,gpu-id,queue-id,queue-index,tid,grd,wgr,lds,scr,vgpr,sgpr,fbar,sig,time,VALUBusy,performance,LDSInsts,LDSBankConflict,L1MemoryBusy,L1MemoryStalled,L2WriteUnitStalled,L2CacheHit
"_Z19weighted_sum_kerneliPfS_S_S_",0,0,0,8,19219,1576960,64,0,0,1,1,0,0x0,0.000068,10.650658,1176.835821,0,0.000000,55.606119,4.139925,0.000000,93.731271
"_Z19weighted_sum_kerneliPfS_S_S_",1,0,0,10,19219,1576960,64,0,0,1,1,0,0x0,0.000072,10.037630,1110.535211,0,0.000000,52.712116,4.438718,0.000000,93.537143
"_Z19weighted_sum_kerneliPfS_S_S_",2,0,0,11,19219,1576960,64,0,0,1,1,0,0x0,0.000068,10.648694,1176.835821,0,0.000000,55.440054,4.155065,0.000000,93.731271
"_Z19weighted_sum_kerneliPfS_S_S_",3,0,0,12,19219,1576960,64,0,0,1,1,0,0x0,0.000070,10.375680,1142.724638,0,0.000000,54.768546,4.702743,0.000000,93.494638
"_Z19weighted_sum_kerneliPfS_S_S_",4,0,0,13,19219,1576960,64,0,0,1,1,0,0x0,0.000070,10.355215,1142.724638,0,0.000000,54.322294,4.613674,0.000000,93.518247
"_Z19weighted_sum_kerneliPfS_S_S_",5,0,0,14,19219,1576960,64,0,0,1,1,0,0x0,0.000070,10.344179,1142.724638,0,0.000000,52.154142,4.604727,0.000000,93.559829
"_Z19weighted_sum_kerneliPfS_S_S_",6,0,0,15,19219,1576960,64,0,0,1,1,0,0x0,0.000070,10.323469,1142.724638,0,0.000000,48.822186,4.696061,0.000000,93.549430
"_Z19weighted_sum_kerneliPfS_S_S_",7,0,0,16,19219,1576960,64,0,0,1,1,0,0x0,0.000070,10.320886,1142.724638,0,0.000000,48.604893,4.626080,0.000000,93.536199
"_Z19weighted_sum_kerneliPfS_S_S_",8,0,0,17,19219,1576960,64,0,0,1,1,0,0x0,0.000068,10.621959,1176.835821,0,0.000000,50.208301,4.134057,0.000000,93.731271
"_Z19weighted_sum_kerneliPfS_S_S_",9,0,0,18,19219,1576960,64,0,0,1,1,0,0x0,0.000068,10.621178,1176.835821,0,0.000000,50.266219,4.143409,0.000000,93.731271
"_Z19weighted_sum_kerneliPfS_S_S_",10,0,0,19,19219,1576960,64,0,0,1,1,0,0x0,0.000068,10.623132,1176.835821,0,0.000000,49.617153,4.133824,0.000000,93.731271
