kernel-name,dispatch,gpu-id,queue-id,queue-index,tid,grd,wgr,lds,scr,vgpr,sgpr,fbar,sig,time,VALUBusy,performance,LDSInsts,LDSBankConflict,L1MemoryBusy,L1MemoryStalled,L2WriteUnitStalled,L2CacheHit
"_Z9subsamplePfS_S_S_iiiiiii",0,0,0,8,84674,1040384,16,0,0,6,5,0,0x0,0.000168,13.143340,1127.856762,0,0.000000,0.372975,0.053507,0.000000,93.313070
"_Z9subsamplePfS_S_S_iiiiiii",1,0,0,10,84674,1040384,16,0,0,6,5,0,0x0,0.000173,12.837671,1101.627535,0,0.000000,0.357598,0.069744,0.000000,90.227774
"_Z9subsamplePfS_S_S_iiiiiii",2,0,0,11,84674,1040384,16,0,0,6,5,0,0x0,0.000168,13.157103,1127.856762,0,0.000000,0.372066,0.056812,0.000000,93.313070
"_Z9subsamplePfS_S_S_iiiiiii",3,0,0,12,84674,1040384,16,0,0,6,5,0,0x0,0.000170,13.013968,1114.587859,0,0.000000,0.336157,0.067121,0.000000,90.294118
"_Z9subsamplePfS_S_S_iiiiiii",4,0,0,13,84674,1040384,16,0,0,6,5,0,0x0,0.000170,13.016167,1114.587859,0,0.000000,0.347785,0.076959,0.000000,90.227774
"_Z9subsamplePfS_S_S_iiiiiii",5,0,0,14,84674,1040384,16,0,0,6,5,0,0x0,0.000170,12.996545,1114.587859,0,0.000000,0.351387,0.071341,0.000000,90.327326
"_Z9subsamplePfS_S_S_iiiiiii",6,0,0,15,84674,1040384,16,0,0,6,5,0,0x0,0.000170,12.990446,1114.587859,0,0.000000,0.385318,0.072316,0.000000,90.294118
"_Z9subsamplePfS_S_S_iiiiiii",7,0,0,16,84674,1040384,16,0,0,6,5,0,0x0,0.000170,12.994829,1114.587859,0,0.000000,0.356475,0.072157,0.000000,90.360559
"_Z9subsamplePfS_S_S_iiiiiii",8,0,0,17,84674,1040384,16,0,0,6,5,0,0x0,0.000168,13.148169,1127.856762,0,0.000000,0.366618,0.051393,0.000000,93.313070
"_Z9subsamplePfS_S_S_iiiiiii",9,0,0,18,84674,1040384,16,0,0,6,5,0,0x0,0.000169,13.135691,1127.856762,0,0.000000,0.351812,0.051159,0.000000,93.313070
"_Z9subsamplePfS_S_S_iiiiiii",10,0,0,19,84674,1040384,16,0,0,6,5,0,0x0,0.000169,13.131699,1127.856762,0,0.000000,0.344479,0.053645,0.000000,93.313070
