kernel-name,dispatch,gpu-id,queue-id,queue-index,tid,grd,wgr,lds,scr,vgpr,sgpr,fbar,sig,time,VALUBusy,performance,LDSInsts,LDSBankConflict,L1MemoryBusy,L1MemoryStalled,L2WriteUnitStalled,L2CacheHit
"_Z9subsamplePfS_S_S_iiiiiii",0,0,0,8,85101,2822400,64,0,0,6,5,0,0x0,0.000116,12.739556,1091.328000,0,0.000000,0.115327,0.018884,0.000000,92.549020
"_Z9subsamplePfS_S_S_iiiiiii",1,0,0,10,85101,2822400,64,0,0,6,5,0,0x0,0.000120,12.304196,1054.644706,0,0.000000,0.458570,0.401509,0.000000,78.470490
"_Z9subsamplePfS_S_S_iiiiiii",2,0,0,11,85101,2822400,64,0,0,6,5,0,0x0,0.000116,12.738731,1091.328000,0,0.000000,0.086186,0.014432,0.000000,92.549020
"_Z9subsamplePfS_S_S_iiiiiii",3,0,0,12,85101,2822400,64,0,0,6,5,0,0x0,0.000118,12.540497,1072.672821,0,0.000000,0.441751,0.387046,0.000000,78.535774
"_Z9subsamplePfS_S_S_iiiiiii",4,0,0,13,85101,2822400,64,0,0,6,5,0,0x0,0.000118,12.543828,1072.672821,0,0.000000,0.470555,0.413712,0.000000,78.666667
"_Z9subsamplePfS_S_S_iiiiiii",5,0,0,14,85101,2822400,64,0,0,6,5,0,0x0,0.000118,12.526659,1072.672821,0,0.000000,0.498958,0.440600,0.000000,78.797997
"_Z9subsamplePfS_S_S_iiiiiii",6,0,0,15,85101,2822400,64,0,0,6,5,0,0x0,0.000118,12.512387,1072.672821,0,0.000000,0.483551,0.423803,0.000000,79.061977
"_Z9subsamplePfS_S_S_iiiiiii",7,0,0,16,85101,2822400,64,0,0,6,5,0,0x0,0.000118,12.512122,1072.672821,0,0.000000,0.486058,0.426179,0.000000,78.535774
"_Z9subsamplePfS_S_S_iiiiiii",8,0,0,17,85101,2822400,64,0,0,6,5,0,0x0,0.000116,12.723218,1091.328000,0,0.000000,0.089179,0.014818,0.000000,92.549020
"_Z9subsamplePfS_S_S_iiiiiii",9,0,0,18,85101,2822400,64,0,0,6,5,0,0x0,0.000116,12.728842,1091.328000,0,0.000000,0.084367,0.013881,0.000000,92.549020
"_Z9subsamplePfS_S_S_iiiiiii",10,0,0,19,85101,2822400,64,0,0,6,5,0,0x0,0.000116,12.726029,1091.328000,0,0.000000,0.088660,0.016304,0.000000,92.549020
