kernel-name,dispatch,gpu-id,queue-id,queue-index,tid,grd,wgr,lds,scr,vgpr,sgpr,fbar,sig,time,VALUBusy,performance,LDSInsts,LDSBankConflict,L1MemoryBusy,L1MemoryStalled,L2WriteUnitStalled,L2CacheHit
"_Z8do_scalePhS_jjjjddddjjjj",0,0,0,4,54608,246016,256,0,0,4,2,0,0x0,0.000019,56.085857,1268.924632,0,0.000000,15.211400,1.672233,0.000000,98.959319
"_Z8do_scalePhS_jjjjddddjjjj",1,0,0,6,54608,246016,256,0,0,4,2,0,0x0,0.000024,45.529481,1048.242087,0,0.000000,14.232227,1.716106,0.000000,96.472216
"_Z8do_scalePhS_jjjjddddjjjj",2,0,0,7,54608,246016,256,0,0,4,2,0,0x0,0.000019,57.350308,1339.420444,0,0.000000,14.348352,1.423977,0.000000,98.959319
"_Z8do_scalePhS_jjjjddddjjjj",3,0,0,8,54608,246016,256,0,0,4,2,0,0x0,0.000021,51.838533,1205.478400,0,0.000000,14.989961,1.830292,0.000000,96.472216
"_Z8do_scalePhS_jjjjddddjjjj",4,0,0,9,54608,246016,256,0,0,4,2,0,0x0,0.000021,50.661903,1148.074667,0,0.000000,16.404786,1.909560,0.000000,96.472216
"_Z8do_scalePhS_jjjjddddjjjj",5,0,0,10,54608,246016,256,0,0,4,2,0,0x0,0.000021,51.840086,1205.478400,0,0.000000,16.978842,1.949473,0.000000,96.472216
"_Z8do_scalePhS_jjjjddddjjjj",6,0,0,11,54608,246016,256,0,0,4,2,0,0x0,0.000022,49.356578,1148.074667,0,0.000000,15.557680,1.692727,0.000000,96.472216
"_Z8do_scalePhS_jjjjddddjjjj",7,0,0,12,54608,246016,256,0,0,4,2,0,0x0,0.000021,51.050643,1148.074667,0,0.000000,15.261628,1.893962,0.000000,96.472216
"_Z8do_scalePhS_jjjjddddjjjj",8,0,0,13,54608,246016,256,0,0,4,2,0,0x0,0.000022,49.230156,1148.074667,0,0.000000,15.135043,1.881919,0.000000,96.472216
"_Z8do_scalePhS_jjjjddddjjjj",9,0,0,14,54608,246016,256,0,0,4,2,0,0x0,0.000019,56.546043,1268.924632,0,0.000000,16.517930,1.881272,0.000000,98.959319
"_Z8do_scalePhS_jjjjddddjjjj",10,0,0,15,54608,246016,256,0,0,4,2,0,0x0,0.000019,56.770594,1268.924632,0,0.000000,14.815392,1.563833,0.000000,98.959319
