kernel-name,dispatch,gpu-id,queue-id,queue-index,tid,grd,wgr,lds,scr,vgpr,sgpr,fbar,sig,time,VALUBusy,performance,LDSInsts,LDSBankConflict,L1MemoryBusy,L1MemoryStalled,L2WriteUnitStalled,L2CacheHit
"_Z3gaxiPKdS0_Pd",0,0,0,6,20037,627200,32,0,0,1,1,0,0x0,0.000054,0.712368,93.451852,0,0.000000,0.071911,0.006328,0.000000,84.579439
"_Z3gaxiPKdS0_Pd",1,0,0,8,20037,627200,32,0,0,1,1,0,0x0,0.000058,0.664293,87.006897,0,0.000000,0.089321,0.028164,0.000000,68.301887
"_Z3gaxiPKdS0_Pd",2,0,0,9,20037,627200,32,0,0,1,1,0,0x0,0.000054,0.712147,93.451852,0,0.000000,0.071889,0.006326,0.000000,84.579439
"_Z3gaxiPKdS0_Pd",3,0,0,10,20037,627200,32,0,0,1,1,0,0x0,0.000056,0.687766,90.114286,0,0.000000,0.091922,0.028604,0.000000,67.790262
"_Z3gaxiPKdS0_Pd",4,0,0,11,20037,627200,32,0,0,1,1,0,0x0,0.000056,0.687552,90.114286,0,0.000000,0.091616,0.028318,0.000000,67.790262
"_Z3gaxiPKdS0_Pd",5,0,0,12,20037,627200,32,0,0,1,1,0,0x0,0.000056,0.687499,90.114286,0,0.000000,0.092441,0.029148,0.000000,68.301887
"_Z3gaxiPKdS0_Pd",6,0,0,13,20037,627200,32,0,0,1,1,0,0x0,0.000056,0.685155,90.114286,0,0.000000,0.091573,0.028496,0.000000,68.301887
"_Z3gaxiPKdS0_Pd",7,0,0,14,20037,627200,32,0,0,1,1,0,0x0,0.000056,0.685064,90.114286,0,0.000000,0.091284,0.028215,0.000000,68.301887
"_Z3gaxiPKdS0_Pd",8,0,0,15,20037,627200,32,0,0,1,1,0,0x0,0.000054,0.710407,93.451852,0,0.000000,0.071713,0.006311,0.000000,84.579439
"_Z3gaxiPKdS0_Pd",9,0,0,16,20037,627200,32,0,0,1,1,0,0x0,0.000054,0.710390,93.451852,0,0.000000,0.071711,0.006311,0.000000,84.579439
"_Z3gaxiPKdS0_Pd",10,0,0,17,20037,627200,32,0,0,1,1,0,0x0,0.000054,0.711190,93.451852,0,0.000000,0.071792,0.006318,0.000000,84.579439
