kernel-name,dispatch,gpu-id,queue-id,queue-index,tid,grd,wgr,lds,scr,vgpr,sgpr,fbar,sig,time,VALUBusy,performance,LDSInsts,LDSBankConflict,L1MemoryBusy,L1MemoryStalled,L2WriteUnitStalled,L2CacheHit
"_Z23softmax_gradient_kerneliPKfS0_Pf",0,0,0,6,114804,57600,16,512,0,2,2,0,0x0,0.000018,8.824788,1138.447059,25200,0.000000,21.960351,1.982457,0.000000,98.801534
"_Z23softmax_gradient_kerneliPKfS0_Pf",1,0,0,8,114804,57600,16,512,0,2,2,0,0x0,0.000023,6.839662,879.709091,25200,0.000000,15.213066,1.576577,0.000000,97.482945
"_Z23softmax_gradient_kerneliPKfS0_Pf",2,0,0,9,114804,57600,16,512,0,2,2,0,0x0,0.000017,9.228876,1209.600000,25200,0.000000,21.782012,2.048997,0.000000,98.795761
"_Z23softmax_gradient_kerneliPKfS0_Pf",3,0,0,10,114804,57600,16,512,0,2,2,0,0x0,0.000019,8.119013,1018.610526,25200,0.000000,19.256003,2.002690,0.000000,97.590633
"_Z23softmax_gradient_kerneliPKfS0_Pf",4,0,0,11,114804,57600,16,512,0,2,2,0,0x0,0.000020,7.574367,967.680000,25200,0.000000,17.745440,1.840036,0.000000,97.505246
"_Z23softmax_gradient_kerneliPKfS0_Pf",5,0,0,12,114804,57600,16,512,0,2,2,0,0x0,0.000020,7.612106,967.680000,25200,0.000000,19.095620,1.785385,0.000000,97.556520
"_Z23softmax_gradient_kerneliPKfS0_Pf",6,0,0,13,114804,57600,16,512,0,2,2,0,0x0,0.000022,7.090675,921.600000,25200,0.000000,16.752614,1.615814,0.000000,97.458615
"_Z23softmax_gradient_kerneliPKfS0_Pf",7,0,0,14,114804,57600,16,512,0,2,2,0,0x0,0.000022,6.999236,879.709091,25200,0.000000,15.823930,1.621843,0.000000,97.502917
"_Z23softmax_gradient_kerneliPKfS0_Pf",8,0,0,15,114804,57600,16,512,0,2,2,0,0x0,0.000021,7.250623,921.600000,25200,0.000000,16.389336,1.678629,0.000000,97.500584
"_Z23softmax_gradient_kerneliPKfS0_Pf",9,0,0,16,114804,57600,16,512,0,2,2,0,0x0,0.000016,9.497314,1209.600000,25200,0.000000,23.488104,2.138335,0.000000,98.826291
"_Z23softmax_gradient_kerneliPKfS0_Pf",10,0,0,17,114804,57600,16,512,0,2,2,0,0x0,0.000017,9.146679,1209.600000,25200,0.000000,20.906168,2.070476,0.000000,98.817408
