kernel-name,dispatch,gpu-id,queue-id,queue-index,tid,grd,wgr,lds,scr,vgpr,sgpr,fbar,sig,time,VALUBusy,performance,LDSInsts,LDSBankConflict,L1MemoryBusy,L1MemoryStalled,L2WriteUnitStalled,L2CacheHit
"_Z18buildGlobalQuadRegiiiiiiiPfS_S_S_",0,0,0,8,63245,246016,256,0,176,33,13,6,0x0,0.001098,0.506037,34.121976,247,0.000000,1.373726,0.253697,0.000000,88.287863
"_Z18buildGlobalQuadRegiiiiiiiPfS_S_S_",1,0,0,10,63245,246016,256,0,176,33,13,6,0x0,0.000041,10.847727,649.038049,248,0.000000,10.242559,1.748075,0.000000,88.233587
"_Z18buildGlobalQuadRegiiiiiiiPfS_S_S_",2,0,0,11,63245,246016,256,0,176,33,13,6,0x0,0.000034,12.992611,768.594824,248,0.000000,11.597957,1.259016,0.000000,88.917837
"_Z18buildGlobalQuadRegiiiiiiiPfS_S_S_",3,0,0,12,63245,246016,256,0,176,33,13,6,0x0,0.000038,11.717997,701.214316,248,0.000000,8.082483,1.390772,0.000000,88.567798
"_Z18buildGlobalQuadRegiiiiiiiPfS_S_S_",4,0,0,13,63245,246016,256,0,176,33,13,6,0x0,0.000038,11.699505,704.882526,248,0.000000,8.857173,1.666233,0.000000,88.283844
"_Z18buildGlobalQuadRegiiiiiiiPfS_S_S_",5,0,0,14,63245,246016,256,0,176,33,13,6,0x0,0.000039,11.599299,700.301474,248,0.000000,10.871517,1.835987,0.000000,88.450718
"_Z18buildGlobalQuadRegiiiiiiiPfS_S_S_",6,0,0,15,63245,246016,256,0,176,33,13,6,0x0,0.000040,11.331920,687.038359,248,0.000000,10.558679,1.527391,0.000000,88.281213
"_Z18buildGlobalQuadRegiiiiiiiPfS_S_S_",7,0,0,16,63245,246016,256,0,176,33,13,6,0x0,0.000040,11.279351,682.784821,248,0.000000,10.233868,1.477596,0.000000,88.167388
"_Z18buildGlobalQuadRegiiiiiiiPfS_S_S_",8,0,0,17,63245,246016,256,0,176,33,13,6,0x0,0.000039,11.652102,703.723789,248,0.000000,8.175158,1.604720,0.000000,88.485309
"_Z18buildGlobalQuadRegiiiiiiiPfS_S_S_",9,0,0,18,63245,246016,256,0,176,33,13,6,0x0,0.000036,12.460916,753.572571,248,0.000000,11.857619,1.189561,0.000000,88.655069
"_Z18buildGlobalQuadRegiiiiiiiPfS_S_S_",10,0,0,19,63245,246016,256,0,176,33,13,6,0x0,0.000036,12.521389,760.714971,248,0.000000,10.780573,0.942433,0.000000,89.019311
