kernel-name,dispatch,gpu-id,queue-id,queue-index,tid,grd,wgr,lds,scr,vgpr,sgpr,fbar,sig,time,VALUBusy,performance,LDSInsts,LDSBankConflict,L1MemoryBusy,L1MemoryStalled,L2WriteUnitStalled,L2CacheHit
"_Z28yoloswag420blazeit360noscopePfiS_ff",0,0,0,4,33119,1040384,64,0,0,1,1,0,0x0,0.000048,7.685629,796.889872,0,0.000000,29.578224,3.834921,0.000000,93.695042
"_Z28yoloswag420blazeit360noscopePfiS_ff",1,0,0,6,33119,1040384,64,0,0,1,1,0,0x0,0.000051,7.181139,749.076480,0,0.000000,27.125639,3.610852,0.000000,93.509462
"_Z28yoloswag420blazeit360noscopePfiS_ff",2,0,0,7,33119,1040384,64,0,0,1,1,0,0x0,0.000047,7.814130,814.213565,0,0.000000,29.105361,3.901380,0.000000,93.695042
"_Z28yoloswag420blazeit360noscopePfiS_ff",3,0,0,8,33119,1040384,64,0,0,1,1,0,0x0,0.000049,7.411166,764.363755,0,0.000000,28.103315,3.690360,0.000000,93.515161
"_Z28yoloswag420blazeit360noscopePfiS_ff",4,0,0,9,33119,1040384,64,0,0,1,1,0,0x0,0.000049,7.412012,764.363755,0,0.000000,28.103352,3.729478,0.000000,93.512311
"_Z28yoloswag420blazeit360noscopePfiS_ff",5,0,0,10,33119,1040384,64,0,0,1,1,0,0x0,0.000049,7.394469,764.363755,0,0.000000,28.658946,3.684577,0.000000,93.520861
"_Z28yoloswag420blazeit360noscopePfiS_ff",6,0,0,11,33119,1040384,64,0,0,1,1,0,0x0,0.000050,7.363061,764.363755,0,0.000000,28.844118,3.688463,0.000000,93.512311
"_Z28yoloswag420blazeit360noscopePfiS_ff",7,0,0,12,33119,1040384,64,0,0,1,1,0,0x0,0.000050,7.358517,764.363755,0,0.000000,28.768374,3.665088,0.000000,93.512311
"_Z28yoloswag420blazeit360noscopePfiS_ff",8,0,0,13,33119,1040384,64,0,0,1,1,0,0x0,0.000050,7.363989,764.363755,0,0.000000,28.922125,3.689243,0.000000,93.515161
"_Z28yoloswag420blazeit360noscopePfiS_ff",9,0,0,14,33119,1040384,64,0,0,1,1,0,0x0,0.000047,7.813608,814.213565,0,0.000000,30.058047,3.848957,0.000000,93.695042
"_Z28yoloswag420blazeit360noscopePfiS_ff",10,0,0,15,33119,1040384,64,0,0,1,1,0,0x0,0.000047,7.791931,814.213565,0,0.000000,30.744582,3.844948,0.000000,93.695042
