kernel-name,dispatch,gpu-id,queue-id,queue-index,tid,grd,wgr,lds,scr,vgpr,sgpr,fbar,sig,time,VALUBusy,performance,LDSInsts,LDSBankConflict,L1MemoryBusy,L1MemoryStalled,L2WriteUnitStalled,L2CacheHit
"_Z28yoloswag420blazeit360noscopePfiS_ff",0,0,0,4,33325,1517824,16,0,0,1,1,0,0x0,0.000245,8.699516,895.764984,0,0.000000,34.450764,4.404972,0.000000,93.740525
"_Z28yoloswag420blazeit360noscopePfiS_ff",1,0,0,6,33325,1517824,16,0,0,1,1,0,0x0,0.000248,8.583580,881.317161,0,0.000000,34.040811,4.489657,0.000000,93.686769
"_Z28yoloswag420blazeit360noscopePfiS_ff",2,0,0,7,33325,1517824,16,0,0,1,1,0,0x0,0.000244,8.728672,895.764984,0,0.000000,34.536398,4.422808,0.000000,93.740525
"_Z28yoloswag420blazeit360noscopePfiS_ff",3,0,0,8,33325,1517824,16,0,0,1,1,0,0x0,0.000247,8.638236,888.482341,0,0.000000,34.241792,4.501522,0.000000,93.687262
"_Z28yoloswag420blazeit360noscopePfiS_ff",4,0,0,9,33325,1517824,16,0,0,1,1,0,0x0,0.000247,8.638433,888.482341,0,0.000000,34.266392,4.514357,0.000000,93.692191
"_Z28yoloswag420blazeit360noscopePfiS_ff",5,0,0,10,33325,1517824,16,0,0,1,1,0,0x0,0.000247,8.627066,888.482341,0,0.000000,35.477969,4.568454,0.000000,93.692684
"_Z28yoloswag420blazeit360noscopePfiS_ff",6,0,0,11,33325,1517824,16,0,0,1,1,0,0x0,0.000247,8.614945,884.885247,0,0.000000,35.354208,4.453817,0.000000,93.694656
"_Z28yoloswag420blazeit360noscopePfiS_ff",7,0,0,12,33325,1517824,16,0,0,1,1,0,0x0,0.000247,8.624120,884.885247,0,0.000000,35.523973,4.470639,0.000000,93.692191
"_Z28yoloswag420blazeit360noscopePfiS_ff",8,0,0,13,33325,1517824,16,0,0,1,1,0,0x0,0.000244,8.725701,895.764984,0,0.000000,35.926146,4.417399,0.000000,93.740525
"_Z28yoloswag420blazeit360noscopePfiS_ff",9,0,0,14,33325,1517824,16,0,0,1,1,0,0x0,0.000244,8.725232,895.764984,0,0.000000,35.883202,4.413259,0.000000,93.740525
"_Z28yoloswag420blazeit360noscopePfiS_ff",10,0,0,15,33325,1517824,16,0,0,1,1,0,0x0,0.000244,8.726036,895.764984,0,0.000000,35.914472,4.424928,0.000000,93.740525
