kernel-name,dispatch,gpu-id,queue-id,queue-index,tid,grd,wgr,lds,scr,vgpr,sgpr,fbar,sig,time,VALUBusy,performance,LDSInsts,LDSBankConflict,L1MemoryBusy,L1MemoryStalled,L2WriteUnitStalled,L2CacheHit
"log_float",0,0,0,4,82824,246016,256,0,0,2,2,0,0x0,0.001026,79.973520,9055.308925,0,0.000000,74.596947,14.933480,0.004876,99.191963
"log_float",1,0,0,6,82824,246016,256,0,0,2,2,0,0x0,0.001033,79.363703,8985.180685,0,0.000000,74.587229,14.974178,0.048383,99.189114
"log_float",2,0,0,7,82824,246016,256,0,0,2,2,0,0x0,0.001033,79.425477,8993.887256,0,0.000000,74.069694,14.954557,0.007263,99.176323
"log_float",3,0,0,8,82824,246016,256,0,0,2,2,0,0x0,0.001034,79.302552,8976.490956,0,0.000000,74.701145,14.890967,0.114218,99.191958
"log_float",4,0,0,9,82824,246016,256,0,0,2,2,0,0x0,0.001035,79.247429,8976.490956,0,0.000000,74.020282,14.879439,0.170302,99.175692
"log_float",5,0,0,10,82824,246016,256,0,0,2,2,0,0x0,0.001032,79.488889,9002.610716,0,0.000000,74.449497,14.850920,0.104794,99.189953
"log_float",6,0,0,11,82824,246016,256,0,0,2,2,0,0x0,0.001027,79.844570,9037.674438,0,0.000000,74.146334,14.869045,0.112565,99.192153
"log_float",7,0,0,12,82824,246016,256,0,0,2,2,0,0x0,0.001026,79.955588,9055.308925,0,0.000000,74.805236,14.964024,0.105410,99.192152
"log_float",8,0,0,13,82824,246016,256,0,0,2,2,0,0x0,0.001027,79.895078,9046.483088,0,0.000000,74.765854,14.946869,0.096197,99.192197
"log_float",9,0,0,14,82824,246016,256,0,0,2,2,0,0x0,0.001034,79.313001,8976.490956,0,0.000000,74.004572,14.718634,0.111815,99.192152
"log_float",10,0,0,15,82824,246016,256,0,0,2,2,0,0x0,0.001030,79.617513,9011.351115,0,0.000000,74.024398,14.826382,0.098897,99.191958
