kernel-name,dispatch,gpu-id,queue-id,queue-index,tid,grd,wgr,lds,scr,vgpr,sgpr,fbar,sig,time,VALUBusy,performance,LDSInsts,LDSBankConflict,L1MemoryBusy,L1MemoryStalled,L2WriteUnitStalled,L2CacheHit
"_Z17executeThirdLayerPfS_S_",0,0,0,6,31016,57600,64,0,0,1,3,0,0x0,0.000143,15.569582,2032.514685,0,0.000000,0.277119,0.063942,0.000000,92.968651
"_Z17executeThirdLayerPfS_S_",1,0,0,8,31016,57600,64,0,0,1,3,0,0x0,0.000151,14.808766,1937.664000,0,0.000000,0.276425,0.084026,0.000000,92.754174
"_Z17executeThirdLayerPfS_S_",2,0,0,9,31016,57600,64,0,0,1,3,0,0x0,0.000144,15.551422,2032.514685,0,0.000000,0.269724,0.062344,0.000000,92.972070
"_Z17executeThirdLayerPfS_S_",3,0,0,10,31016,57600,64,0,0,1,3,0,0x0,0.000148,15.092993,1977.208163,0,0.000000,0.273283,0.086272,0.000000,92.745599
"_Z17executeThirdLayerPfS_S_",4,0,0,11,31016,57600,64,0,0,1,3,0,0x0,0.000148,15.104413,1977.208163,0,0.000000,0.279619,0.084118,0.000000,92.758759
"_Z17executeThirdLayerPfS_S_",5,0,0,12,31016,57600,64,0,0,1,3,0,0x0,0.000149,15.035392,1963.848649,0,0.000000,0.281181,0.086890,0.000000,92.735007
"_Z17executeThirdLayerPfS_S_",6,0,0,13,31016,57600,64,0,0,1,3,0,0x0,0.000148,15.074846,1963.848649,0,0.000000,0.287931,0.089754,0.000000,92.720063
"_Z17executeThirdLayerPfS_S_",7,0,0,14,31016,57600,64,0,0,1,3,0,0x0,0.000149,14.994382,1963.848649,0,0.000000,0.287233,0.088646,0.000000,92.728082
"_Z17executeThirdLayerPfS_S_",8,0,0,15,31016,57600,64,0,0,1,3,0,0x0,0.000144,15.558870,2032.514685,0,0.000000,0.282916,0.065205,0.000000,92.952700
"_Z17executeThirdLayerPfS_S_",9,0,0,16,31016,57600,64,0,0,1,3,0,0x0,0.000145,15.412571,2018.400000,0,0.000000,0.265051,0.059739,0.000000,92.961206
"_Z17executeThirdLayerPfS_S_",10,0,0,17,31016,57600,64,0,0,1,3,0,0x0,0.000144,15.524463,2032.514685,0,0.000000,0.284897,0.066907,0.000000,92.947916
