kernel-name,dispatch,gpu-id,queue-id,queue-index,tid,grd,wgr,lds,scr,vgpr,sgpr,fbar,sig,time,VALUBusy,performance,LDSInsts,LDSBankConflict,L1MemoryBusy,L1MemoryStalled,L2WriteUnitStalled,L2CacheHit
"_Z5gaxpyPdS_S_ii",0,0,0,6,6885,1655808,192,0,0,2,1,0,0x0,0.051730,9.778594,177.525437,31874556,0.000000,0.000159,0.000010,0.000000,91.544118
"_Z5gaxpyPdS_S_ii",1,0,0,8,6885,1655808,192,0,0,2,1,0,0x0,0.051732,9.778093,177.515142,31874556,0.000000,0.000411,0.000188,0.000000,76.025237
"_Z5gaxpyPdS_S_ii",2,0,0,9,6885,1655808,192,0,0,2,1,0,0x0,0.051728,9.778901,177.528869,31874556,0.000000,0.000196,0.000051,0.000000,92.222222
"_Z5gaxpyPdS_S_ii",3,0,0,10,6885,1655808,192,0,0,2,1,0,0x0,0.051728,9.778935,177.532301,31874556,0.000000,0.000169,0.000029,0.000000,92.222222
"_Z5gaxpyPdS_S_ii",4,0,0,11,6885,1655808,192,0,0,2,1,0,0x0,0.051727,9.779180,177.535733,31874556,0.000000,0.000150,0.000013,0.000000,92.105263
"_Z5gaxpyPdS_S_ii",5,0,0,12,6885,1655808,192,0,0,2,1,0,0x0,0.051726,9.779212,177.535733,31874556,0.000000,0.000147,0.000010,0.000000,92.222222
"_Z5gaxpyPdS_S_ii",6,0,0,13,6885,1655808,192,0,0,2,1,0,0x0,0.051727,9.779194,177.535733,31874556,0.000000,0.000143,0.000008,0.000000,92.335766
"_Z5gaxpyPdS_S_ii",7,0,0,14,6885,1655808,192,0,0,2,1,0,0x0,0.051727,9.779191,177.535733,31874556,0.000000,0.000147,0.000010,0.000000,92.222222
"_Z5gaxpyPdS_S_ii",8,0,0,15,6885,1655808,192,0,0,2,1,0,0x0,0.051727,9.779188,177.535733,31874556,0.000000,0.000150,0.000013,0.000000,92.335766
"_Z5gaxpyPdS_S_ii",9,0,0,16,6885,1655808,192,0,0,2,1,0,0x0,0.051726,9.779215,177.535733,31874556,0.000000,0.000150,0.000013,0.000000,92.335766
"_Z5gaxpyPdS_S_ii",10,0,0,17,6885,1655808,192,0,0,2,1,0,0x0,0.072284,6.997996,127.043513,31874556,0.000000,0.000159,0.000014,0.000000,92.279412
