kernel-name,dispatch,gpu-id,queue-id,queue-index,tid,grd,wgr,lds,scr,vgpr,sgpr,fbar,sig,time,VALUBusy,performance,LDSInsts,LDSBankConflict,L1MemoryBusy,L1MemoryStalled,L2WriteUnitStalled,L2CacheHit
"add_strided_float",0,0,0,6,34059,61440,64,0,0,1,2,0,0x0,0.000169,63.919409,7518.829065,0,0.000000,68.578175,11.058277,0.000000,99.000354
"add_strided_float",1,0,0,8,34059,61440,64,0,0,1,2,0,0x0,0.000174,62.116403,7302.770759,0,0.000000,66.616249,10.581748,0.000000,98.973183
"add_strided_float",2,0,0,9,34059,61440,64,0,0,1,2,0,0x0,0.000169,64.103823,7563.584000,0,0.000000,68.938410,11.231478,0.000000,99.002926
"add_strided_float",3,0,0,10,34059,61440,64,0,0,1,2,0,0x0,0.000172,62.803404,7387.686698,0,0.000000,67.283350,10.740998,0.000000,98.979533
"add_strided_float",4,0,0,11,34059,61440,64,0,0,1,2,0,0x0,0.000173,62.782928,7387.686698,0,0.000000,67.141957,10.763398,0.000000,98.975854
"add_strided_float",5,0,0,12,34059,61440,64,0,0,1,2,0,0x0,0.000174,62.428766,7344.983306,0,0.000000,67.966881,10.830109,0.000000,98.976816
"add_strided_float",6,0,0,13,34059,61440,64,0,0,1,2,0,0x0,0.000173,62.521555,7344.983306,0,0.000000,67.005206,10.732478,0.000000,98.975999
"add_strided_float",7,0,0,14,34059,61440,64,0,0,1,2,0,0x0,0.000173,62.659897,7387.686698,0,0.000000,66.273899,10.539836,0.000000,98.970489
"add_strided_float",8,0,0,15,34059,61440,64,0,0,1,2,0,0x0,0.000170,63.841236,7518.829065,0,0.000000,68.323565,11.051016,0.000000,99.003139
"add_strided_float",9,0,0,16,34059,61440,64,0,0,1,2,0,0x0,0.000170,63.727615,7518.829065,0,0.000000,67.409083,10.762456,0.000000,98.994206
"add_strided_float",10,0,0,17,34059,61440,64,0,0,1,2,0,0x0,0.000170,63.598057,7474.600659,0,0.000000,67.935517,10.901216,0.000000,99.000439
