kernel-name,dispatch,gpu-id,queue-id,queue-index,tid,grd,wgr,lds,scr,vgpr,sgpr,fbar,sig,time,VALUBusy,performance,LDSInsts,LDSBankConflict,L1MemoryBusy,L1MemoryStalled,L2WriteUnitStalled,L2CacheHit
"_Z24ForwardWarpKernel_PSF2x2PKfS0_S0_iiiifPfS1_",0,0,0,10,120505,1170432,192,0,0,3,2,0,0x0,0.000026,2.743507,360.477538,0,0.000000,0.199007,0.013187,0.000000,78.151261
"_Z24ForwardWarpKernel_PSF2x2PKfS0_S0_iiiifPfS1_",1,0,0,12,120505,1170432,192,0,0,3,2,0,0x0,0.000030,2.385064,323.186759,0,0.000000,0.239708,0.078166,0.000000,63.917526
"_Z24ForwardWarpKernel_PSF2x2PKfS0_S0_iiiifPfS1_",2,0,0,13,120505,1170432,192,0,0,3,2,0,0x0,0.000026,2.754735,374.896640,0,0.000000,0.280473,0.093892,0.000000,78.151261
"_Z24ForwardWarpKernel_PSF2x2PKfS0_S0_iiiifPfS1_",3,0,0,14,120505,1170432,192,0,0,3,2,0,0x0,0.000026,2.721840,360.477538,0,0.000000,0.287828,0.103475,0.000000,63.917526
"_Z24ForwardWarpKernel_PSF2x2PKfS0_S0_iiiifPfS1_",4,0,0,15,120505,1170432,192,0,0,3,2,0,0x0,0.000027,2.615632,347.126519,0,0.000000,0.274311,0.097152,0.000000,63.917526
"_Z24ForwardWarpKernel_PSF2x2PKfS0_S0_iiiifPfS1_",5,0,0,16,120505,1170432,192,0,0,3,2,0,0x0,0.000027,2.696758,360.477538,0,0.000000,0.278105,0.095451,0.000000,63.917526
"_Z24ForwardWarpKernel_PSF2x2PKfS0_S0_iiiifPfS1_",6,0,0,17,120505,1170432,192,0,0,3,2,0,0x0,0.000027,2.683539,360.477538,0,0.000000,0.275569,0.093811,0.000000,63.917526
"_Z24ForwardWarpKernel_PSF2x2PKfS0_S0_iiiifPfS1_",7,0,0,18,120505,1170432,192,0,0,3,2,0,0x0,0.000028,2.555235,347.126519,0,0.000000,0.262394,0.089326,0.000000,63.917526
"_Z24ForwardWarpKernel_PSF2x2PKfS0_S0_iiiifPfS1_",8,0,0,19,120505,1170432,192,0,0,3,2,0,0x0,0.000029,2.508956,334.729143,0,0.000000,0.258738,0.088804,0.000000,63.917526
"_Z24ForwardWarpKernel_PSF2x2PKfS0_S0_iiiifPfS1_",9,0,0,20,120505,1170432,192,0,0,3,2,0,0x0,0.000025,2.821369,374.896640,0,0.000000,0.286024,0.094930,0.000000,78.151261
"_Z24ForwardWarpKernel_PSF2x2PKfS0_S0_iiiifPfS1_",10,0,0,21,120505,1170432,192,0,0,3,2,0,0x0,0.000026,2.766926,374.896640,0,0.000000,0.290177,0.102771,0.000000,78.151261
