kernel-name,dispatch,gpu-id,queue-id,queue-index,tid,grd,wgr,lds,scr,vgpr,sgpr,fbar,sig,time,VALUBusy,performance,LDSInsts,LDSBankConflict,L1MemoryBusy,L1MemoryStalled,L2WriteUnitStalled,L2CacheHit
"_Z24ForwardWarpKernel_PSF2x2PKfS0_S0_iiiifPfS1_",0,0,0,10,118965,246016,16,0,0,3,2,0,0x0,0.000044,1.373130,183.290047,0,0.000000,0.118443,0.007849,0.000000,78.151261
"_Z24ForwardWarpKernel_PSF2x2PKfS0_S0_iiiifPfS1_",1,0,0,12,118965,246016,16,0,0,3,2,0,0x0,0.000048,1.255083,167.690894,0,0.000000,0.130434,0.029348,0.000000,64.137931
"_Z24ForwardWarpKernel_PSF2x2PKfS0_S0_iiiifPfS1_",2,0,0,13,118965,246016,16,0,0,3,2,0,0x0,0.000044,1.372914,183.290047,0,0.000000,0.144820,0.034243,0.000000,78.151261
"_Z24ForwardWarpKernel_PSF2x2PKfS0_S0_iiiifPfS1_",3,0,0,14,118965,246016,16,0,0,3,2,0,0x0,0.000046,1.318093,175.143822,0,0.000000,0.135270,0.029109,0.000000,64.137931
"_Z24ForwardWarpKernel_PSF2x2PKfS0_S0_iiiifPfS1_",4,0,0,15,118965,246016,16,0,0,3,2,0,0x0,0.000046,1.318274,175.143822,0,0.000000,0.137344,0.031168,0.000000,64.137931
"_Z24ForwardWarpKernel_PSF2x2PKfS0_S0_iiiifPfS1_",5,0,0,16,118965,246016,16,0,0,3,2,0,0x0,0.000046,1.315552,175.143822,0,0.000000,0.137402,0.031445,0.000000,64.137931
"_Z24ForwardWarpKernel_PSF2x2PKfS0_S0_iiiifPfS1_",6,0,0,17,118965,246016,16,0,0,3,2,0,0x0,0.000046,1.308041,175.143822,0,0.000000,0.138657,0.033305,0.000000,64.137931
"_Z24ForwardWarpKernel_PSF2x2PKfS0_S0_iiiifPfS1_",7,0,0,18,118965,246016,16,0,0,3,2,0,0x0,0.000046,1.309661,175.143822,0,0.000000,0.134745,0.029263,0.000000,64.359862
"_Z24ForwardWarpKernel_PSF2x2PKfS0_S0_iiiifPfS1_",8,0,0,19,118965,246016,16,0,0,3,2,0,0x0,0.000044,1.370372,183.290047,0,0.000000,0.143128,0.032756,0.000000,78.151261
"_Z24ForwardWarpKernel_PSF2x2PKfS0_S0_iiiifPfS1_",9,0,0,20,118965,246016,16,0,0,3,2,0,0x0,0.000044,1.369768,183.290047,0,0.000000,0.143420,0.033097,0.000000,78.151261
"_Z24ForwardWarpKernel_PSF2x2PKfS0_S0_iiiifPfS1_",10,0,0,21,118965,246016,16,0,0,3,2,0,0x0,0.000044,1.370216,183.290047,0,0.000000,0.145603,0.035244,0.000000,78.151261
