kernel-name,dispatch,gpu-id,queue-id,queue-index,tid,grd,wgr,lds,scr,vgpr,sgpr,fbar,sig,time,VALUBusy,performance,LDSInsts,LDSBankConflict,L1MemoryBusy,L1MemoryStalled,L2WriteUnitStalled,L2CacheHit
"_Z9addKernelPiPKiS1_",0,0,0,6,50264,1032256,64,0,0,0,0,0,0x0,0.000046,0.684537,89.761391,0,0.000000,30.764556,3.922601,0.000000,99.957173
"_Z9addKernelPiPKiS1_",1,0,0,8,50264,1032256,64,0,0,0,0,0,0x0,0.000050,0.631286,84.265796,0,0.000000,28.809085,3.695423,0.000000,98.922257
"_Z9addKernelPiPKiS1_",2,0,0,9,50264,1032256,64,0,0,0,0,0,0x0,0.000046,0.686055,91.756089,0,0.000000,30.944425,3.952061,0.000000,99.957173
"_Z9addKernelPiPKiS1_",3,0,0,10,50264,1032256,64,0,0,0,0,0,0x0,0.000048,0.660695,87.851574,0,0.000000,30.232147,3.905267,0.000000,98.916268
"_Z9addKernelPiPKiS1_",4,0,0,11,50264,1032256,64,0,0,0,0,0,0x0,0.000048,0.658563,87.851574,0,0.000000,30.066963,3.865552,0.000000,98.922257
"_Z9addKernelPiPKiS1_",5,0,0,12,50264,1032256,64,0,0,0,0,0,0x0,0.000048,0.657687,87.851574,0,0.000000,29.588515,3.680663,0.000000,98.934238
"_Z9addKernelPiPKiS1_",6,0,0,13,50264,1032256,64,0,0,0,0,0,0x0,0.000048,0.654646,86.021333,0,0.000000,29.791020,3.856844,0.000000,98.922257
"_Z9addKernelPiPKiS1_",7,0,0,14,50264,1032256,64,0,0,0,0,0,0x0,0.000048,0.652189,86.021333,0,0.000000,29.632972,3.662837,0.000000,98.934238
"_Z9addKernelPiPKiS1_",8,0,0,15,50264,1032256,64,0,0,0,0,0,0x0,0.000046,0.684630,89.761391,0,0.000000,30.639016,3.922794,0.000000,99.957173
"_Z9addKernelPiPKiS1_",9,0,0,16,50264,1032256,64,0,0,0,0,0,0x0,0.000046,0.683238,89.761391,0,0.000000,30.745822,3.922273,0.000000,99.957173
"_Z9addKernelPiPKiS1_",10,0,0,17,50264,1032256,64,0,0,0,0,0,0x0,0.000046,0.682193,89.761391,0,0.000000,30.490363,3.895634,0.000000,99.957173
