kernel-name,dispatch,gpu-id,queue-id,queue-index,tid,grd,wgr,lds,scr,vgpr,sgpr,fbar,sig,time,VALUBusy,performance,LDSInsts,LDSBankConflict,L1MemoryBusy,L1MemoryStalled,L2WriteUnitStalled,L2CacheHit
"_Z10set_kernelPiii",0,0,0,2,29436,61440,128,0,0,0,1,0,0x0,0.000009,0.206622,27.648000,0,0.000000,0.251171,0.137465,0.000000,79.729730
"_Z10set_kernelPiii",1,0,0,4,29436,61440,128,0,0,0,1,0,0x0,0.000013,0.141609,19.140923,0,0.000000,0.738578,0.660649,0.000000,53.153153
"_Z10set_kernelPiii",2,0,0,5,29436,61440,128,0,0,0,1,0,0x0,0.000009,0.208748,27.648000,0,0.000000,0.212605,0.056580,0.000000,79.729730
"_Z10set_kernelPiii",3,0,0,6,29436,61440,128,0,0,0,1,0,0x0,0.000010,0.185448,24.883200,0,0.000000,0.987022,0.884969,0.000000,53.153153
"_Z10set_kernelPiii",4,0,0,7,29436,61440,128,0,0,0,1,0,0x0,0.000011,0.172911,22.621091,0,0.000000,0.917457,0.827984,0.000000,53.153153
"_Z10set_kernelPiii",5,0,0,8,29436,61440,128,0,0,0,1,0,0x0,0.000011,0.177924,24.883200,0,0.000000,0.942597,0.844683,0.000000,53.153153
"_Z10set_kernelPiii",6,0,0,9,29436,61440,128,0,0,0,1,0,0x0,0.000012,0.159159,22.621091,0,0.000000,0.864097,0.779126,0.000000,53.153153
"_Z10set_kernelPiii",7,0,0,10,29436,61440,128,0,0,0,1,0,0x0,0.000011,0.172803,22.621091,0,0.000000,0.962303,0.867208,0.000000,53.153153
"_Z10set_kernelPiii",8,0,0,11,29436,61440,128,0,0,0,1,0,0x0,0.000012,0.164190,22.621091,0,0.000000,0.902201,0.817240,0.000000,53.153153
"_Z10set_kernelPiii",9,0,0,12,29436,61440,128,0,0,0,1,0,0x0,0.000010,0.193894,27.648000,0,0.000000,0.203848,0.035036,0.000000,79.729730
"_Z10set_kernelPiii",10,0,0,13,29436,61440,128,0,0,0,1,0,0x0,0.000010,0.196447,27.648000,0,0.000000,0.225894,0.059701,0.000000,79.729730
