kernel-name,dispatch,gpu-id,queue-id,queue-index,tid,grd,wgr,lds,scr,vgpr,sgpr,fbar,sig,time,VALUBusy,performance,LDSInsts,LDSBankConflict,L1MemoryBusy,L1MemoryStalled,L2WriteUnitStalled,L2CacheHit
"_Z22kBesselRatioActivationPfS_j",0,0,0,4,77174,57600,64,0,0,5,2,0,0x0,0.000011,0.966048,99.141818,0,0.000000,0.696030,0.160413,0.000000,83.088235
"_Z22kBesselRatioActivationPfS_j",1,0,0,6,77174,57600,64,0,0,5,2,0,0x0,0.000016,0.701478,72.704000,0,0.000000,0.570560,0.115494,0.000000,70.186335
"_Z22kBesselRatioActivationPfS_j",2,0,0,7,77174,57600,64,0,0,5,2,0,0x0,0.000011,0.978445,99.141818,0,0.000000,0.677425,0.083990,0.000000,83.088235
"_Z22kBesselRatioActivationPfS_j",3,0,0,8,77174,57600,64,0,0,5,2,0,0x0,0.000014,0.799497,83.889231,0,0.000000,0.668287,0.142883,0.000000,70.186335
"_Z22kBesselRatioActivationPfS_j",4,0,0,9,77174,57600,64,0,0,5,2,0,0x0,0.000014,0.808079,83.889231,0,0.000000,0.634524,0.133045,0.000000,70.186335
"_Z22kBesselRatioActivationPfS_j",5,0,0,10,77174,57600,64,0,0,5,2,0,0x0,0.000014,0.784181,77.897143,0,0.000000,0.623483,0.133525,0.000000,70.186335
"_Z22kBesselRatioActivationPfS_j",6,0,0,11,77174,57600,64,0,0,5,2,0,0x0,0.000015,0.734117,72.704000,0,0.000000,0.615702,0.130165,0.000000,70.186335
"_Z22kBesselRatioActivationPfS_j",7,0,0,12,77174,57600,64,0,0,5,2,0,0x0,0.000015,0.741192,77.897143,0,0.000000,0.609120,0.131420,0.000000,70.186335
"_Z22kBesselRatioActivationPfS_j",8,0,0,13,77174,57600,64,0,0,5,2,0,0x0,0.000015,0.746298,77.897143,0,0.000000,0.621718,0.135476,0.000000,70.186335
"_Z22kBesselRatioActivationPfS_j",9,0,0,14,77174,57600,64,0,0,5,2,0,0x0,0.000012,0.928194,99.141818,0,0.000000,0.637409,0.067921,0.000000,83.088235
"_Z22kBesselRatioActivationPfS_j",10,0,0,15,77174,57600,64,0,0,5,2,0,0x0,0.000011,1.002631,99.141818,0,0.000000,0.739319,0.110051,0.000000,83.088235
