kernel-name,dispatch,gpu-id,queue-id,queue-index,tid,grd,wgr,lds,scr,vgpr,sgpr,fbar,sig,time,VALUBusy,performance,LDSInsts,LDSBankConflict,L1MemoryBusy,L1MemoryStalled,L2WriteUnitStalled,L2CacheHit
"_Z17rdiv_scalar_floatiifPfiS_",0,0,0,4,40052,253952,128,0,0,2,2,0,0x0,0.001120,73.857800,8328.687543,0,0.000000,75.781349,15.701886,0.000000,99.476473
"_Z17rdiv_scalar_floatiifPfiS_",1,0,0,6,40052,253952,128,0,0,2,2,0,0x0,0.001123,73.638145,8306.438155,0,0.000000,74.622337,15.389496,0.000000,99.445005
"_Z17rdiv_scalar_floatiifPfiS_",2,0,0,7,40052,253952,128,0,0,2,2,0,0x0,0.001119,73.923878,8336.130517,0,0.000000,75.140733,15.432694,0.265271,99.452070
"_Z17rdiv_scalar_floatiifPfiS_",3,0,0,8,40052,253952,128,0,0,2,2,0,0x0,0.001126,73.490434,8291.671154,0,0.000000,74.142951,15.454077,0.360875,99.425909
"_Z17rdiv_scalar_floatiifPfiS_",4,0,0,9,40052,253952,128,0,0,2,2,0,0x0,0.001124,73.577321,8299.048085,0,0.000000,73.975030,15.364889,0.141741,99.427948
"_Z17rdiv_scalar_floatiifPfiS_",5,0,0,10,40052,253952,128,0,0,2,2,0,0x0,0.001122,73.710479,8313.841398,0,0.000000,74.874875,15.400116,0.101347,99.450218
"_Z17rdiv_scalar_floatiifPfiS_",6,0,0,11,40052,253952,128,0,0,2,2,0,0x0,0.001118,73.990405,8343.586805,0,0.000000,75.553449,15.536912,0.344325,99.454617
"_Z17rdiv_scalar_floatiifPfiS_",7,0,0,12,40052,253952,128,0,0,2,2,0,0x0,0.001118,74.019408,8351.056444,0,0.000000,75.698426,15.592001,0.083319,99.450639
"_Z17rdiv_scalar_floatiifPfiS_",8,0,0,13,40052,253952,128,0,0,2,2,0,0x0,0.001120,73.857099,8328.687543,0,0.000000,75.717832,15.516438,0.095411,99.452386
"_Z17rdiv_scalar_floatiifPfiS_",9,0,0,14,40052,253952,128,0,0,2,2,0,0x0,0.001118,73.996899,8343.586805,0,0.000000,75.819268,15.537870,0.081058,99.439690
"_Z17rdiv_scalar_floatiifPfiS_",10,0,0,15,40052,253952,128,0,0,2,2,0,0x0,0.001120,73.842143,8328.687543,0,0.000000,74.893423,15.434319,0.089256,99.450222
