kernel-name,dispatch,gpu-id,queue-id,queue-index,tid,grd,wgr,lds,scr,vgpr,sgpr,fbar,sig,time,VALUBusy,performance,LDSInsts,LDSBankConflict,L1MemoryBusy,L1MemoryStalled,L2WriteUnitStalled,L2CacheHit
"_Z24ForwardWarpKernel_PSF2x2PKfS0_S0_iiiifPfS1_",0,0,0,10,79096,246016,16,0,0,3,2,0,0x0,0.000044,1.369105,183.290047,0,0.000000,0.118096,0.007826,0.000000,78.151261
"_Z24ForwardWarpKernel_PSF2x2PKfS0_S0_iiiifPfS1_",1,0,0,12,79096,246016,16,0,0,3,2,0,0x0,0.000048,1.252094,164.197333,0,0.000000,0.130774,0.029928,0.000000,64.137931
"_Z24ForwardWarpKernel_PSF2x2PKfS0_S0_iiiifPfS1_",2,0,0,13,79096,246016,16,0,0,3,2,0,0x0,0.000044,1.368443,183.290047,0,0.000000,0.143282,0.033065,0.000000,78.151261
"_Z24ForwardWarpKernel_PSF2x2PKfS0_S0_iiiifPfS1_",3,0,0,14,79096,246016,16,0,0,3,2,0,0x0,0.000046,1.314995,175.143822,0,0.000000,0.139735,0.033823,0.000000,64.137931
"_Z24ForwardWarpKernel_PSF2x2PKfS0_S0_iiiifPfS1_",4,0,0,15,79096,246016,16,0,0,3,2,0,0x0,0.000046,1.315139,175.143822,0,0.000000,0.135992,0.030069,0.000000,64.137931
"_Z24ForwardWarpKernel_PSF2x2PKfS0_S0_iiiifPfS1_",5,0,0,16,79096,246016,16,0,0,3,2,0,0x0,0.000046,1.312323,175.143822,0,0.000000,0.137747,0.032050,0.000000,64.137931
"_Z24ForwardWarpKernel_PSF2x2PKfS0_S0_iiiifPfS1_",6,0,0,17,79096,246016,16,0,0,3,2,0,0x0,0.000046,1.306532,171.336348,0,0.000000,0.137478,0.032248,0.000000,64.137931
"_Z24ForwardWarpKernel_PSF2x2PKfS0_S0_iiiifPfS1_",7,0,0,18,79096,246016,16,0,0,3,2,0,0x0,0.000046,1.306283,171.336348,0,0.000000,0.139488,0.034278,0.000000,64.137931
"_Z24ForwardWarpKernel_PSF2x2PKfS0_S0_iiiifPfS1_",8,0,0,19,79096,246016,16,0,0,3,2,0,0x0,0.000044,1.364988,179.124364,0,0.000000,0.141501,0.031563,0.000000,78.151261
"_Z24ForwardWarpKernel_PSF2x2PKfS0_S0_iiiifPfS1_",9,0,0,20,79096,246016,16,0,0,3,2,0,0x0,0.000044,1.365763,179.124364,0,0.000000,0.141937,0.031936,0.000000,78.151261
"_Z24ForwardWarpKernel_PSF2x2PKfS0_S0_iiiifPfS1_",10,0,0,21,79096,246016,16,0,0,3,2,0,0x0,0.000044,1.364059,179.124364,0,0.000000,0.143886,0.034022,0.000000,78.151261
