kernel-name,dispatch,gpu-id,queue-id,queue-index,tid,grd,wgr,lds,scr,vgpr,sgpr,fbar,sig,time,VALUBusy,performance,LDSInsts,LDSBankConflict,L1MemoryBusy,L1MemoryStalled,L2WriteUnitStalled,L2CacheHit
"_Z10vcopyshiftiiPKdPd",0,0,0,4,128551,4096576,16,0,0,1,1,0,0x0,0.000647,0.783181,102.566043,0,0.000000,0.102683,0.009036,0.000000,95.454545
"_Z10vcopyshiftiiPKdPd",1,0,0,6,128551,4096576,16,0,0,1,1,0,0x0,0.000651,0.778414,101.934868,0,0.000000,0.116946,0.023869,0.000000,89.006623
"_Z10vcopyshiftiiPKdPd",2,0,0,7,128551,4096576,16,0,0,1,1,0,0x0,0.000648,0.781818,102.407518,0,0.000000,0.117940,0.024456,0.000000,75.420875
"_Z10vcopyshiftiiPKdPd",3,0,0,8,128551,4096576,16,0,0,1,1,0,0x0,0.000651,0.777977,101.778286,0,0.000000,0.119208,0.026184,0.000000,75.336323
"_Z10vcopyshiftiiPKdPd",4,0,0,9,128551,4096576,16,0,0,1,1,0,0x0,0.000650,0.779026,101.934868,0,0.000000,0.130208,0.037058,0.000000,73.846154
"_Z10vcopyshiftiiPKdPd",5,0,0,10,128551,4096576,16,0,0,1,1,0,0x0,0.000652,0.777418,101.778286,0,0.000000,0.118883,0.025925,0.000000,75.167785
"_Z10vcopyshiftiiPKdPd",6,0,0,11,128551,4096576,16,0,0,1,1,0,0x0,0.000649,0.780579,102.249481,0,0.000000,0.106098,0.012763,0.000000,95.319149
"_Z10vcopyshiftiiPKdPd",7,0,0,12,128551,4096576,16,0,0,1,1,0,0x0,0.000647,0.783076,102.566043,0,0.000000,0.102669,0.009035,0.000000,95.454545
"_Z10vcopyshiftiiPKdPd",8,0,0,13,128551,4096576,16,0,0,1,1,0,0x0,0.000647,0.783025,102.566043,0,0.000000,0.102662,0.009034,0.000000,95.454545
"_Z10vcopyshiftiiPKdPd",9,0,0,14,128551,4096576,16,0,0,1,1,0,0x0,0.000647,0.782945,102.566043,0,0.000000,0.102652,0.009033,0.000000,95.454545
"_Z10vcopyshiftiiPKdPd",10,0,0,15,128551,4096576,16,0,0,1,1,0,0x0,0.000647,0.782932,102.566043,0,0.000000,0.102650,0.009033,0.000000,95.454545
