kernel-name,dispatch,gpu-id,queue-id,queue-index,tid,grd,wgr,lds,scr,vgpr,sgpr,fbar,sig,time,VALUBusy,performance,LDSInsts,LDSBankConflict,L1MemoryBusy,L1MemoryStalled,L2WriteUnitStalled,L2CacheHit
"_Z17computePathStatesiiiiiffPiiPfS0_S0_iS_iS0_S0_S0_S_",0,0,0,18,49983,61440,128,0,0,8,5,0,0x0,0.000009,0.229161,30.321778,0,0.000000,0.805638,0.065595,0.000000,75.565611
"_Z17computePathStatesiiiiiffPiiPfS0_S0_iS_iS0_S0_S0_S_",1,0,0,20,49983,61440,128,0,0,8,5,0,0x0,0.000015,0.144701,19.492571,0,0.000000,0.579864,0.124257,0.000000,61.397059
"_Z17computePathStatesiiiiiffPiiPfS0_S0_iS_iS0_S0_S0_S_",2,0,0,21,49983,61440,128,0,0,8,5,0,0x0,0.000009,0.225341,30.321778,0,0.000000,0.903017,0.092617,0.000000,75.565611
"_Z17computePathStatesiiiiiffPiiPfS0_S0_iS_iS0_S0_S0_S_",3,0,0,22,49983,61440,128,0,0,8,5,0,0x0,0.000013,0.170032,22.741333,0,0.000000,0.681376,0.146009,0.000000,61.397059
"_Z17computePathStatesiiiiiffPiiPfS0_S0_iS_iS0_S0_S0_S_",4,0,0,23,49983,61440,128,0,0,8,5,0,0x0,0.000012,0.178834,24.808727,0,0.000000,0.716648,0.153567,0.000000,61.397059
"_Z17computePathStatesiiiiiffPiiPfS0_S0_iS_iS0_S0_S0_S_",5,0,0,24,49983,61440,128,0,0,8,5,0,0x0,0.000011,0.185526,24.808727,0,0.000000,0.732571,0.159314,0.000000,61.397059
"_Z17computePathStatesiiiiiffPiiPfS0_S0_iS_iS0_S0_S0_S_",6,0,0,25,49983,61440,128,0,0,8,5,0,0x0,0.000013,0.161526,20.992000,0,0.000000,0.618835,0.138704,0.000000,61.397059
"_Z17computePathStatesiiiiiffPiiPfS0_S0_iS_iS0_S0_S0_S_",7,0,0,26,49983,61440,128,0,0,8,5,0,0x0,0.000013,0.158305,20.992000,0,0.000000,0.600688,0.135939,0.000000,61.397059
"_Z17computePathStatesiiiiiffPiiPfS0_S0_iS_iS0_S0_S0_S_",8,0,0,27,49983,61440,128,0,0,8,5,0,0x0,0.000010,0.220956,30.321778,0,0.000000,0.825441,0.090815,0.000000,75.565611
"_Z17computePathStatesiiiiiffPiiPfS0_S0_iS_iS0_S0_S0_S_",9,0,0,28,49983,61440,128,0,0,8,5,0,0x0,0.000009,0.227858,30.321778,0,0.000000,0.851228,0.093652,0.000000,75.565611
"_Z17computePathStatesiiiiiffPiiPfS0_S0_iS_iS0_S0_S0_S_",10,0,0,29,49983,61440,128,0,0,8,5,0,0x0,0.000009,0.226284,30.321778,0,0.000000,0.880223,0.093005,0.000000,75.565611
