kernel-name,dispatch,gpu-id,queue-id,queue-index,tid,grd,wgr,lds,scr,vgpr,sgpr,fbar,sig,time,VALUBusy,performance,LDSInsts,LDSBankConflict,L1MemoryBusy,L1MemoryStalled,L2WriteUnitStalled,L2CacheHit
"_Z7flip_2DPfmmii",0,0,0,2,53237,1517824,64,0,0,2,1,0,0x0,0.000065,12.180076,1187.648000,0,0.000000,0.000000,0.000000,0.000000,87.666667
"_Z7flip_2DPfmmii",1,0,0,4,53237,1517824,64,0,0,2,1,0,0x0,0.000069,11.433736,1101.586551,0,0.000000,0.000000,0.000000,0.000000,70.509383
"_Z7flip_2DPfmmii",2,0,0,5,53237,1517824,64,0,0,2,1,0,0x0,0.000065,12.169039,1187.648000,0,0.000000,0.000000,0.000000,0.000000,87.666667
"_Z7flip_2DPfmmii",3,0,0,6,53237,1517824,64,0,0,2,1,0,0x0,0.000066,11.993527,1169.376492,0,0.000000,0.000000,0.000000,0.000000,70.509383
"_Z7flip_2DPfmmii",4,0,0,7,53237,1517824,64,0,0,2,1,0,0x0,0.000067,11.841973,1151.658667,0,0.000000,0.000000,0.000000,0.000000,70.509383
"_Z7flip_2DPfmmii",5,0,0,8,53237,1517824,64,0,0,2,1,0,0x0,0.000066,11.964426,1169.376492,0,0.000000,0.000000,0.000000,0.000000,70.509383
"_Z7flip_2DPfmmii",6,0,0,9,53237,1517824,64,0,0,2,1,0,0x0,0.000067,11.734422,1134.469731,0,0.000000,0.000000,0.000000,0.000000,70.509383
"_Z7flip_2DPfmmii",7,0,0,10,53237,1517824,64,0,0,2,1,0,0x0,0.000066,11.939643,1151.658667,0,0.000000,0.000000,0.000000,0.000000,70.509383
"_Z7flip_2DPfmmii",8,0,0,11,53237,1517824,64,0,0,2,1,0,0x0,0.000066,12.007217,1169.376492,0,0.000000,0.000000,0.000000,0.000000,87.666667
"_Z7flip_2DPfmmii",9,0,0,12,53237,1517824,64,0,0,2,1,0,0x0,0.000065,12.133364,1169.376492,0,0.000000,0.000000,0.000000,0.000000,87.666667
"_Z7flip_2DPfmmii",10,0,0,13,53237,1517824,64,0,0,2,1,0,0x0,0.000065,12.154159,1187.648000,0,0.000000,0.000000,0.000000,0.000000,87.666667
