kernel-name,dispatch,gpu-id,queue-id,queue-index,tid,grd,wgr,lds,scr,vgpr,sgpr,fbar,sig,time,VALUBusy,performance,LDSInsts,LDSBankConflict,L1MemoryBusy,L1MemoryStalled,L2WriteUnitStalled,L2CacheHit
"_Z20BFS_kernel_one_blockPVjjS0_PViPjS3_jjS0_jj",0,0,0,12,108090,246016,16,0,0,0,0,0,0x0,0.000044,0.000000,0.000000,0,0.000000,0.000000,0.000000,0.000000,95.833333
"_Z20BFS_kernel_one_blockPVjjS0_PViPjS3_jjS0_jj",1,0,0,14,108090,246016,16,0,0,0,0,0,0x0,0.000048,0.000000,0.000000,0,0.000000,0.000000,0.000000,0.000000,94.520548
"_Z20BFS_kernel_one_blockPVjjS0_PViPjS3_jjS0_jj",2,0,0,15,108090,246016,16,0,0,0,0,0,0x0,0.000044,0.000000,0.000000,0,0.000000,0.000000,0.000000,0.000000,95.833333
"_Z20BFS_kernel_one_blockPVjjS0_PViPjS3_jjS0_jj",3,0,0,16,108090,246016,16,0,0,0,0,0,0x0,0.000045,0.000000,0.000000,0,0.000000,0.000000,0.000000,0.000000,94.520548
"_Z20BFS_kernel_one_blockPVjjS0_PViPjS3_jjS0_jj",4,0,0,17,108090,246016,16,0,0,0,0,0,0x0,0.000045,0.000000,0.000000,0,0.000000,0.000000,0.000000,0.000000,94.520548
"_Z20BFS_kernel_one_blockPVjjS0_PViPjS3_jjS0_jj",5,0,0,18,108090,246016,16,0,0,0,0,0,0x0,0.000045,0.000000,0.000000,0,0.000000,0.000000,0.000000,0.000000,94.520548
"_Z20BFS_kernel_one_blockPVjjS0_PViPjS3_jjS0_jj",6,0,0,19,108090,246016,16,0,0,0,0,0,0x0,0.000046,0.000000,0.000000,0,0.000000,0.000000,0.000000,0.000000,94.520548
"_Z20BFS_kernel_one_blockPVjjS0_PViPjS3_jjS0_jj",7,0,0,20,108090,246016,16,0,0,0,0,0,0x0,0.000045,0.000000,0.000000,0,0.000000,0.000000,0.000000,0.000000,94.520548
"_Z20BFS_kernel_one_blockPVjjS0_PViPjS3_jjS0_jj",8,0,0,21,108090,246016,16,0,0,0,0,0,0x0,0.000046,0.000000,0.000000,0,0.000000,0.000000,0.000000,0.000000,94.520548
"_Z20BFS_kernel_one_blockPVjjS0_PViPjS3_jjS0_jj",9,0,0,22,108090,246016,16,0,0,0,0,0,0x0,0.000044,0.000000,0.000000,0,0.000000,0.000000,0.000000,0.000000,95.833333
"_Z20BFS_kernel_one_blockPVjjS0_PViPjS3_jjS0_jj",10,0,0,23,108090,246016,16,0,0,0,0,0,0x0,0.000044,0.000000,0.000000,0,0.000000,0.000000,0.000000,0.000000,95.833333
