kernel-name,dispatch,gpu-id,queue-id,queue-index,tid,grd,wgr,lds,scr,vgpr,sgpr,fbar,sig,time,VALUBusy,performance,LDSInsts,LDSBankConflict,L1MemoryBusy,L1MemoryStalled,L2WriteUnitStalled,L2CacheHit
"_Z20BFS_kernel_one_blockPVjjS0_PViPjS3_jjS0_jj",0,0,0,12,108629,614656,16,0,0,0,0,0,0x0,0.000101,0.000000,0.000000,0,0.000000,0.000000,0.000000,0.000000,95.833333
"_Z20BFS_kernel_one_blockPVjjS0_PViPjS3_jjS0_jj",1,0,0,14,108629,614656,16,0,0,0,0,0,0x0,0.000106,0.000000,0.000000,0,0.000000,0.000000,0.000000,0.000000,94.520548
"_Z20BFS_kernel_one_blockPVjjS0_PViPjS3_jjS0_jj",2,0,0,15,108629,614656,16,0,0,0,0,0,0x0,0.000101,0.000000,0.000000,0,0.000000,0.000000,0.000000,0.000000,95.833333
"_Z20BFS_kernel_one_blockPVjjS0_PViPjS3_jjS0_jj",3,0,0,16,108629,614656,16,0,0,0,0,0,0x0,0.000102,0.000000,0.000000,0,0.000000,0.000000,0.000000,0.000000,94.520548
"_Z20BFS_kernel_one_blockPVjjS0_PViPjS3_jjS0_jj",4,0,0,17,108629,614656,16,0,0,0,0,0,0x0,0.000103,0.000000,0.000000,0,0.000000,0.000000,0.000000,0.000000,94.520548
"_Z20BFS_kernel_one_blockPVjjS0_PViPjS3_jjS0_jj",5,0,0,18,108629,614656,16,0,0,0,0,0,0x0,0.000103,0.000000,0.000000,0,0.000000,0.000000,0.000000,0.000000,94.520548
"_Z20BFS_kernel_one_blockPVjjS0_PViPjS3_jjS0_jj",6,0,0,19,108629,614656,16,0,0,0,0,0,0x0,0.000104,0.000000,0.000000,0,0.000000,0.000000,0.000000,0.000000,94.520548
"_Z20BFS_kernel_one_blockPVjjS0_PViPjS3_jjS0_jj",7,0,0,20,108629,614656,16,0,0,0,0,0,0x0,0.000103,0.000000,0.000000,0,0.000000,0.000000,0.000000,0.000000,94.520548
"_Z20BFS_kernel_one_blockPVjjS0_PViPjS3_jjS0_jj",8,0,0,21,108629,614656,16,0,0,0,0,0,0x0,0.000102,0.000000,0.000000,0,0.000000,0.000000,0.000000,0.000000,95.833333
"_Z20BFS_kernel_one_blockPVjjS0_PViPjS3_jjS0_jj",9,0,0,22,108629,614656,16,0,0,0,0,0,0x0,0.000102,0.000000,0.000000,0,0.000000,0.000000,0.000000,0.000000,95.833333
"_Z20BFS_kernel_one_blockPVjjS0_PViPjS3_jjS0_jj",10,0,0,23,108629,614656,16,0,0,0,0,0,0x0,0.000102,0.000000,0.000000,0,0.000000,0.000000,0.000000,0.000000,95.833333
