kernel-name,dispatch,gpu-id,queue-id,queue-index,tid,grd,wgr,lds,scr,vgpr,sgpr,fbar,sig,time,VALUBusy,performance,LDSInsts,LDSBankConflict,L1MemoryBusy,L1MemoryStalled,L2WriteUnitStalled,L2CacheHit
"inplace_add",0,0,0,4,101155,2849280,32,0,0,1,1,0,0x0,0.000228,12.571673,1299.939368,0,0.000000,0.511418,0.039898,0.000000,89.473684
"inplace_add",1,0,0,6,101155,2849280,32,0,0,1,1,0,0x0,0.000232,12.355482,1277.526621,0,0.000000,0.503565,0.043180,0.000000,77.211796
"inplace_add",2,0,0,7,101155,2849280,32,0,0,1,1,0,0x0,0.000228,12.571501,1299.939368,0,0.000000,0.511411,0.039897,0.000000,89.473684
"inplace_add",3,0,0,8,101155,2849280,32,0,0,1,1,0,0x0,0.000230,12.470695,1288.635548,0,0.000000,0.512062,0.044329,0.000000,77.272727
"inplace_add",4,0,0,9,101155,2849280,32,0,0,1,1,0,0x0,0.000230,12.468900,1288.635548,0,0.000000,0.511988,0.044323,0.000000,77.272727
"inplace_add",5,0,0,10,101155,2849280,32,0,0,1,1,0,0x0,0.000230,12.455069,1288.635548,0,0.000000,0.506742,0.044274,0.000000,77.272727
"inplace_add",6,0,0,11,101155,2849280,32,0,0,1,1,0,0x0,0.000230,12.456894,1288.635548,0,0.000000,0.493051,0.043467,0.000000,77.272727
"inplace_add",7,0,0,12,101155,2849280,32,0,0,1,1,0,0x0,0.000230,12.455779,1288.635548,0,0.000000,0.508330,0.044209,0.000000,77.211796
"inplace_add",8,0,0,13,101155,2849280,32,0,0,1,1,0,0x0,0.000228,12.566926,1299.939368,0,0.000000,0.511225,0.039883,0.000000,89.473684
"inplace_add",9,0,0,14,101155,2849280,32,0,0,1,1,0,0x0,0.000228,12.565791,1299.939368,0,0.000000,0.511178,0.039879,0.000000,89.473684
"inplace_add",10,0,0,15,101155,2849280,32,0,0,1,1,0,0x0,0.000228,12.567854,1299.939368,0,0.000000,0.511262,0.039886,0.000000,89.473684
