kernel-name,dispatch,gpu-id,queue-id,queue-index,tid,grd,wgr,lds,scr,vgpr,sgpr,fbar,sig,time,VALUBusy,performance,LDSInsts,LDSBankConflict,L1MemoryBusy,L1MemoryStalled,L2WriteUnitStalled,L2CacheHit
"inplace_add",0,0,0,4,99572,614656,16,0,0,1,1,0,0x0,0.000101,12.205363,1266.385109,0,0.000000,0.086824,0.006773,0.000000,89.665653
"inplace_add",1,0,0,6,99572,614656,16,0,0,1,1,0,0x0,0.000105,11.745309,1218.141867,0,0.000000,0.094662,0.017629,0.000000,77.225131
"inplace_add",2,0,0,7,99572,614656,16,0,0,1,1,0,0x0,0.000101,12.206866,1266.385109,0,0.000000,0.086834,0.006774,0.000000,89.665653
"inplace_add",3,0,0,8,99572,614656,16,0,0,1,1,0,0x0,0.000103,11.987170,1241.795107,0,0.000000,0.102961,0.018748,0.000000,77.631579
"inplace_add",4,0,0,9,99572,614656,16,0,0,1,1,0,0x0,0.000103,11.988983,1241.795107,0,0.000000,0.096323,0.017692,0.000000,77.225131
"inplace_add",5,0,0,10,99572,614656,16,0,0,1,1,0,0x0,0.000103,11.975004,1241.795107,0,0.000000,0.096815,0.018276,0.000000,77.631579
"inplace_add",6,0,0,11,99572,614656,16,0,0,1,1,0,0x0,0.000104,11.958459,1241.795107,0,0.000000,0.097586,0.019155,0.000000,77.225131
"inplace_add",7,0,0,12,99572,614656,16,0,0,1,1,0,0x0,0.000104,11.952834,1241.795107,0,0.000000,0.100706,0.017488,0.000000,77.631579
"inplace_add",8,0,0,13,99572,614656,16,0,0,1,1,0,0x0,0.000102,12.189900,1266.385109,0,0.000000,0.086714,0.006765,0.000000,89.665653
"inplace_add",9,0,0,14,99572,614656,16,0,0,1,1,0,0x0,0.000102,12.192450,1266.385109,0,0.000000,0.086732,0.006766,0.000000,89.665653
"inplace_add",10,0,0,15,99572,614656,16,0,0,1,1,0,0x0,0.000102,12.192300,1266.385109,0,0.000000,0.086731,0.006766,0.000000,89.665653
