kernel-name,dispatch,gpu-id,queue-id,queue-index,tid,grd,wgr,lds,scr,vgpr,sgpr,fbar,sig,time,VALUBusy,performance,LDSInsts,LDSBankConflict,L1MemoryBusy,L1MemoryStalled,L2WriteUnitStalled,L2CacheHit
"_Z20kernelUpdateParticlePdS_S_S_iidd",0,0,0,8,25687,57600,64,0,0,3,2,0,0x0,0.000011,0.414201,39.168000,0,0.000000,2.977425,0.511115,0.000000,85.608856
"_Z20kernelUpdateParticlePdS_S_S_iidd",1,0,0,10,25687,57600,64,0,0,3,2,0,0x0,0.000016,0.277385,24.480000,0,0.000000,2.357709,0.405307,0.000000,72.274143
"_Z20kernelUpdateParticlePdS_S_S_iidd",2,0,0,11,25687,57600,64,0,0,3,2,0,0x0,0.000011,0.424772,39.168000,0,0.000000,2.924717,0.396148,0.000000,85.555556
"_Z20kernelUpdateParticlePdS_S_S_iidd",3,0,0,12,25687,57600,64,0,0,3,2,0,0x0,0.000014,0.325131,30.129231,0,0.000000,2.957013,0.475375,0.000000,72.012579
"_Z20kernelUpdateParticlePdS_S_S_iidd",4,0,0,13,25687,57600,64,0,0,3,2,0,0x0,0.000015,0.304036,27.977143,0,0.000000,2.582061,0.449329,0.000000,72.187500
"_Z20kernelUpdateParticlePdS_S_S_iidd",5,0,0,14,25687,57600,64,0,0,3,2,0,0x0,0.000015,0.302115,27.977143,0,0.000000,2.587907,0.420653,0.000000,72.274143
"_Z20kernelUpdateParticlePdS_S_S_iidd",6,0,0,15,25687,57600,64,0,0,3,2,0,0x0,0.000016,0.281206,24.480000,0,0.000000,2.507392,0.430867,0.000000,72.360248
"_Z20kernelUpdateParticlePdS_S_S_iidd",7,0,0,16,25687,57600,64,0,0,3,2,0,0x0,0.000016,0.276326,24.480000,0,0.000000,2.886235,0.411499,0.000000,71.517028
"_Z20kernelUpdateParticlePdS_S_S_iidd",8,0,0,17,25687,57600,64,0,0,3,2,0,0x0,0.000015,0.307631,27.977143,0,0.000000,2.734026,0.459751,0.000000,72.360248
"_Z20kernelUpdateParticlePdS_S_S_iidd",9,0,0,18,25687,57600,64,0,0,3,2,0,0x0,0.000012,0.370617,32.640000,0,0.000000,2.590694,0.325930,0.000000,85.661765
"_Z20kernelUpdateParticlePdS_S_S_iidd",10,0,0,19,25687,57600,64,0,0,3,2,0,0x0,0.000011,0.401641,35.607273,0,0.000000,3.083990,0.368571,0.000000,85.971223
