kernel-name,dispatch,gpu-id,queue-id,queue-index,tid,grd,wgr,lds,scr,vgpr,sgpr,fbar,sig,time,VALUBusy,performance,LDSInsts,LDSBankConflict,L1MemoryBusy,L1MemoryStalled,L2WriteUnitStalled,L2CacheHit
"_Z17inverse_transformPfS_ii",0,0,0,4,69263,57600,16,0,0,7,3,0,0x0,0.521333,90.336134,6340.684616,0,0.000000,15.757017,0.019566,0.000000,99.975740
"_Z17inverse_transformPfS_ii",1,0,0,6,69263,57600,16,0,0,7,3,0,0x0,0.521379,90.328060,6340.113031,0,0.000000,15.756032,0.019474,0.000000,99.975696
"_Z17inverse_transformPfS_ii",2,0,0,7,69263,57600,16,0,0,7,3,0,0x0,0.521338,90.335291,6340.623804,0,0.000000,15.891985,0.019641,0.000000,99.975772
"_Z17inverse_transformPfS_ii",3,0,0,8,69263,57600,16,0,0,7,3,0,0x0,0.521347,90.333664,6340.514346,0,0.000000,15.774892,0.019520,0.000000,99.976326
"_Z17inverse_transformPfS_ii",4,0,0,9,69263,57600,16,0,0,7,3,0,0x0,0.521360,90.331393,6340.344085,0,0.000000,16.465169,0.020376,0.000000,99.976515
"_Z17inverse_transformPfS_ii",5,0,0,10,69263,57600,16,0,0,7,3,0,0x0,0.521356,90.331992,6340.392730,0,0.000000,16.292074,0.020383,0.000000,99.975423
"_Z17inverse_transformPfS_ii",6,0,0,11,69263,57600,16,0,0,7,3,0,0x0,0.521360,90.331403,6340.356246,0,0.000000,15.800948,0.019585,0.000000,99.977381
"_Z17inverse_transformPfS_ii",7,0,0,12,69263,57600,16,0,0,7,3,0,0x0,0.521357,90.331914,6340.392730,0,0.000000,15.719072,0.019570,0.000000,99.976723
"_Z17inverse_transformPfS_ii",8,0,0,13,69263,57600,16,0,0,7,3,0,0x0,0.521361,90.331196,6340.344085,0,0.000000,15.554446,0.019600,0.000000,99.976825
"_Z17inverse_transformPfS_ii",9,0,0,14,69263,57600,16,0,0,7,3,0,0x0,0.521359,90.331510,6340.356246,0,0.000000,15.805435,0.019550,0.000000,99.976708
"_Z17inverse_transformPfS_ii",10,0,0,15,69263,57600,16,0,0,7,3,0,0x0,0.521295,90.342653,6341.146823,0,0.000000,15.657696,0.019492,0.000000,99.977436
