kernel-name,dispatch,gpu-id,queue-id,queue-index,tid,grd,wgr,lds,scr,vgpr,sgpr,fbar,sig,time,VALUBusy,performance,LDSInsts,LDSBankConflict,L1MemoryBusy,L1MemoryStalled,L2WriteUnitStalled,L2CacheHit
"_Z14UnpackPointersPiS_iii",0,0,0,4,123659,1576960,64,0,0,9,2,0,0x0,0.012526,47.490693,5481.465624,0,0.000000,78.362600,0.000000,0.000000,99.990753
"_Z14UnpackPointersPiS_iii",1,0,0,6,123659,1576960,64,0,0,9,2,0,0x0,0.012593,47.238404,5452.301946,0,0.000000,71.061636,0.000000,0.000000,99.983077
"_Z14UnpackPointersPiS_iii",2,0,0,7,123659,1576960,64,0,0,9,2,0,0x0,0.012617,47.148646,5441.930602,0,0.000000,73.522856,0.000000,0.000000,99.987346
"_Z14UnpackPointersPiS_iii",3,0,0,8,123659,1576960,64,0,0,9,2,0,0x0,0.012615,47.155379,5442.793373,0,0.000000,72.534567,0.000000,0.000000,99.987471
"_Z14UnpackPointersPiS_iii",4,0,0,9,123659,1576960,64,0,0,9,2,0,0x0,0.012614,47.159127,5443.224861,0,0.000000,73.631017,0.000000,0.000000,99.987325
"_Z14UnpackPointersPiS_iii",5,0,0,10,123659,1576960,64,0,0,9,2,0,0x0,0.012563,47.353178,5465.756918,0,0.000000,72.612713,0.000000,0.000000,99.987547
"_Z14UnpackPointersPiS_iii",6,0,0,11,123659,1576960,64,0,0,9,2,0,0x0,0.012631,47.096737,5435.898852,0,0.000000,72.329724,0.000000,0.000000,99.986582
"_Z14UnpackPointersPiS_iii",7,0,0,12,123659,1576960,64,0,0,9,2,0,0x0,0.012620,47.137074,5440.636957,0,0.000000,77.310845,0.000000,0.000000,99.990232
"_Z14UnpackPointersPiS_iii",8,0,0,13,123659,1576960,64,0,0,9,2,0,0x0,0.012629,47.105376,5437.190244,0,0.000000,74.868806,0.000000,0.000000,99.989760
"_Z14UnpackPointersPiS_iii",9,0,0,14,123659,1576960,64,0,0,9,2,0,0x0,0.012609,47.180304,5445.815228,0,0.000000,73.731606,0.000000,0.000000,99.988650
"_Z14UnpackPointersPiS_iii",10,0,0,15,123659,1576960,64,0,0,9,2,0,0x0,0.012585,47.268764,5455.767851,0,0.000000,73.687768,0.000000,0.000000,99.988329
