kernel-name,dispatch,gpu-id,queue-id,queue-index,tid,grd,wgr,lds,scr,vgpr,sgpr,fbar,sig,time,VALUBusy,performance,LDSInsts,LDSBankConflict,L1MemoryBusy,L1MemoryStalled,L2WriteUnitStalled,L2CacheHit
"_Z20kGreaterThanEqScalarPffS_j",0,0,0,4,126366,1576960,64,0,0,1,1,0,0x0,0.000067,3.589315,329.972537,0,0.000000,0.041909,0.005122,0.000000,86.454183
"_Z20kGreaterThanEqScalarPffS_j",1,0,0,6,126366,1576960,64,0,0,1,1,0,0x0,0.000072,3.354100,311.382535,0,0.000000,0.039162,0.128801,0.000000,66.564417
"_Z20kGreaterThanEqScalarPffS_j",2,0,0,7,126366,1576960,64,0,0,1,1,0,0x0,0.000067,3.590920,329.972537,0,0.000000,0.041928,0.005124,0.000000,86.454183
"_Z20kGreaterThanEqScalarPffS_j",3,0,0,8,126366,1576960,64,0,0,1,1,0,0x0,0.000070,3.453492,320.408116,0,0.000000,0.040323,0.132842,0.000000,66.564417
"_Z20kGreaterThanEqScalarPffS_j",4,0,0,9,126366,1576960,64,0,0,1,1,0,0x0,0.000070,3.452935,320.408116,0,0.000000,0.040316,0.132820,0.000000,66.564417
"_Z20kGreaterThanEqScalarPffS_j",5,0,0,10,126366,1576960,64,0,0,1,1,0,0x0,0.000070,3.447992,320.408116,0,0.000000,0.040259,0.133301,0.000000,66.564417
"_Z20kGreaterThanEqScalarPffS_j",6,0,0,11,126366,1576960,64,0,0,1,1,0,0x0,0.000070,3.435667,315.830857,0,0.000000,0.040115,0.137505,0.000000,66.360856
"_Z20kGreaterThanEqScalarPffS_j",7,0,0,12,126366,1576960,64,0,0,1,1,0,0x0,0.000070,3.437996,315.830857,0,0.000000,0.040142,0.137598,0.000000,66.564417
"_Z20kGreaterThanEqScalarPffS_j",8,0,0,13,126366,1576960,64,0,0,1,1,0,0x0,0.000067,3.590719,329.972537,0,0.000000,0.041925,0.005124,0.000000,86.454183
"_Z20kGreaterThanEqScalarPffS_j",9,0,0,14,126366,1576960,64,0,0,1,1,0,0x0,0.000067,3.585508,329.972537,0,0.000000,0.041864,0.005117,0.000000,86.454183
"_Z20kGreaterThanEqScalarPffS_j",10,0,0,15,126366,1576960,64,0,0,1,1,0,0x0,0.000067,3.587143,329.972537,0,0.000000,0.041883,0.005119,0.000000,86.454183
