kernel-name,dispatch,gpu-id,queue-id,queue-index,tid,grd,wgr,lds,scr,vgpr,sgpr,fbar,sig,time,VALUBusy,performance,LDSInsts,LDSBankConflict,L1MemoryBusy,L1MemoryStalled,L2WriteUnitStalled,L2CacheHit
"_Z10transponerPfS_i",0,0,0,4,35989,2822400,64,0,0,1,1,0,0x0,0.000117,6.650013,681.268966,0,0.000000,32.941742,4.268283,0.000000,99.520639
"_Z10transponerPfS_i",1,0,0,6,35989,2822400,64,0,0,1,1,0,0x0,0.000119,6.542129,669.722034,0,0.000000,28.213101,4.071323,0.000000,99.337521
"_Z10transponerPfS_i",2,0,0,7,35989,2822400,64,0,0,1,1,0,0x0,0.000125,6.197022,632.217600,0,0.000000,28.801815,4.146538,0.089830,99.474023
"_Z10transponerPfS_i",3,0,0,8,35989,2822400,64,0,0,1,1,0,0x0,0.000121,6.409214,653.117355,0,0.000000,26.219798,3.741816,0.000000,98.376421
"_Z10transponerPfS_i",4,0,0,9,35989,2822400,64,0,0,1,1,0,0x0,0.000123,6.308937,642.497561,0,0.000000,29.746310,4.436721,0.050794,99.341180
"_Z10transponerPfS_i",5,0,0,10,35989,2822400,64,0,0,1,1,0,0x0,0.000120,6.486197,664.094118,0,0.000000,28.216701,4.062590,0.000000,99.331825
"_Z10transponerPfS_i",6,0,0,11,35989,2822400,64,0,0,1,1,0,0x0,0.000122,6.366421,653.117355,0,0.000000,31.208160,5.216963,0.000000,99.368371
"_Z10transponerPfS_i",7,0,0,12,35989,2822400,64,0,0,1,1,0,0x0,0.000120,6.436137,658.560000,0,0.000000,31.674621,4.288753,0.000000,99.367969
"_Z10transponerPfS_i",8,0,0,13,35989,2822400,64,0,0,1,1,0,0x0,0.000116,6.668123,681.268966,0,0.000000,32.429781,4.280831,0.000000,99.523335
"_Z10transponerPfS_i",9,0,0,14,35989,2822400,64,0,0,1,1,0,0x0,0.000120,6.454396,658.560000,0,0.000000,31.094846,4.124789,0.000000,99.523194
"_Z10transponerPfS_i",10,0,0,15,35989,2822400,64,0,0,1,1,0,0x0,0.000124,6.271817,642.497561,0,0.000000,30.078230,3.971240,0.000000,99.508341
