kernel-name,dispatch,gpu-id,queue-id,queue-index,tid,grd,wgr,lds,scr,vgpr,sgpr,fbar,sig,time,VALUBusy,performance,LDSInsts,LDSBankConflict,L1MemoryBusy,L1MemoryStalled,L2WriteUnitStalled,L2CacheHit
"_Z9rotate_2DPfmmff",0,0,0,2,68686,1517824,64,0,0,1,1,0,0x0,0.000065,1.456576,145.684000,0,0.000000,0.288930,0.039761,0.000000,95.107034
"_Z9rotate_2DPfmmff",1,0,0,4,68686,1517824,64,0,0,1,1,0,0x0,0.000069,1.371580,137.114353,0,0.000000,0.308830,0.072385,0.000000,88.226950
"_Z9rotate_2DPfmmff",2,0,0,5,68686,1517824,64,0,0,1,1,0,0x0,0.000065,1.457911,145.684000,0,0.000000,0.289194,0.039797,0.000000,95.107034
"_Z9rotate_2DPfmmff",3,0,0,6,68686,1517824,64,0,0,1,1,0,0x0,0.000066,1.433351,143.442708,0,0.000000,0.322975,0.075883,0.000000,88.352273
"_Z9rotate_2DPfmmff",4,0,0,7,68686,1517824,64,0,0,1,1,0,0x0,0.000067,1.417606,141.269333,0,0.000000,0.317551,0.073173,0.000000,88.101983
"_Z9rotate_2DPfmmff",5,0,0,8,68686,1517824,64,0,0,1,1,0,0x0,0.000066,1.432522,143.442708,0,0.000000,0.323500,0.076550,0.000000,88.226950
"_Z9rotate_2DPfmmff",6,0,0,9,68686,1517824,64,0,0,1,1,0,0x0,0.000067,1.411132,141.269333,0,0.000000,0.315634,0.072372,0.000000,87.977369
"_Z9rotate_2DPfmmff",7,0,0,10,68686,1517824,64,0,0,1,1,0,0x0,0.000066,1.428744,141.269333,0,0.000000,0.320992,0.074693,0.000000,88.352273
"_Z9rotate_2DPfmmff",8,0,0,11,68686,1517824,64,0,0,1,1,0,0x0,0.000066,1.438331,143.442708,0,0.000000,0.285310,0.039263,0.000000,95.107034
"_Z9rotate_2DPfmmff",9,0,0,12,68686,1517824,64,0,0,1,1,0,0x0,0.000065,1.455202,145.684000,0,0.000000,0.288657,0.039723,0.000000,95.107034
"_Z9rotate_2DPfmmff",10,0,0,13,68686,1517824,64,0,0,1,1,0,0x0,0.000065,1.456043,145.684000,0,0.000000,0.288824,0.039746,0.000000,95.107034
