kernel-name,dispatch,gpu-id,queue-id,queue-index,tid,grd,wgr,lds,scr,vgpr,sgpr,fbar,sig,time,VALUBusy,performance,LDSInsts,LDSBankConflict,L1MemoryBusy,L1MemoryStalled,L2WriteUnitStalled,L2CacheHit
"_Z16sgemm_gpu_kernelPKfS0_Pfiiiff",0,0,0,6,68158,253952,128,0,0,5,2,0,0x0,0.000013,9.566671,1093.947077,0,0.000000,28.595962,9.503949,0.000000,99.631208
"_Z16sgemm_gpu_kernelPKfS0_Pfiiiff",1,0,0,8,68158,253952,128,0,0,5,2,0,0x0,0.000020,6.552245,748.490105,0,0.000000,18.950696,6.030094,0.000000,99.412825
"_Z16sgemm_gpu_kernelPKfS0_Pfiiiff",2,0,0,9,68158,253952,128,0,0,5,2,0,0x0,0.000013,9.514128,1093.947077,0,0.000000,26.950692,8.939028,0.000000,99.635760
"_Z16sgemm_gpu_kernelPKfS0_Pfiiiff",3,0,0,10,68158,253952,128,0,0,5,2,0,0x0,0.000017,7.494964,836.547765,0,0.000000,21.786303,6.741439,0.000000,99.448011
"_Z16sgemm_gpu_kernelPKfS0_Pfiiiff",4,0,0,11,68158,253952,128,0,0,5,2,0,0x0,0.000017,7.492084,836.547765,0,0.000000,22.092576,6.471008,0.000000,99.458418
"_Z16sgemm_gpu_kernelPKfS0_Pfiiiff",5,0,0,12,68158,253952,128,0,0,5,2,0,0x0,0.000017,7.456486,836.547765,0,0.000000,23.674767,6.851137,0.000000,99.464412
"_Z16sgemm_gpu_kernelPKfS0_Pfiiiff",6,0,0,13,68158,253952,128,0,0,5,2,0,0x0,0.000017,7.342293,836.547765,0,0.000000,22.567253,6.675933,0.000000,99.445436
"_Z16sgemm_gpu_kernelPKfS0_Pfiiiff",7,0,0,14,68158,253952,128,0,0,5,2,0,0x0,0.000018,7.214063,836.547765,0,0.000000,20.858296,6.011242,0.000000,99.441158
"_Z16sgemm_gpu_kernelPKfS0_Pfiiiff",8,0,0,15,68158,253952,128,0,0,5,2,0,0x0,0.000018,7.244358,836.547765,0,0.000000,21.926549,6.616814,0.000000,99.445258
"_Z16sgemm_gpu_kernelPKfS0_Pfiiiff",9,0,0,16,68158,253952,128,0,0,5,2,0,0x0,0.000014,9.302279,1093.947077,0,0.000000,24.864785,8.495819,0.000000,99.635505
"_Z16sgemm_gpu_kernelPKfS0_Pfiiiff",10,0,0,17,68158,253952,128,0,0,5,2,0,0x0,0.000015,8.726206,1015.808000,0,0.000000,23.545210,7.944324,0.000000,99.642963
