kernel-name,dispatch,gpu-id,queue-id,queue-index,tid,grd,wgr,lds,scr,vgpr,sgpr,fbar,sig,time,VALUBusy,performance,LDSInsts,LDSBankConflict,L1MemoryBusy,L1MemoryStalled,L2WriteUnitStalled,L2CacheHit
"_Z10dot_kernelPKfmmS0_mmmPfmf",0,0,0,6,41561,702464,128,128,0,3,3,0,0x0,0.000038,10.406212,1183.097263,32928,0.000000,17.248024,2.156925,0.000000,98.318633
"_Z10dot_kernelPKfmmS0_mmmPfmf",1,0,0,8,41561,702464,128,128,0,3,3,0,0x0,0.000036,10.934861,1248.824889,32928,0.000000,16.959762,2.051525,0.000000,98.328123
"_Z10dot_kernelPKfmmS0_mmmPfmf",2,0,0,9,41561,702464,128,128,0,3,3,0,0x0,0.000024,16.413181,1873.237333,32928,0.000000,27.044050,3.268151,0.000000,98.746313
"_Z10dot_kernelPKfmmS0_mmmPfmf",3,0,0,10,41561,702464,128,128,0,3,3,0,0x0,0.000028,14.409474,1665.099852,32928,0.000000,23.704498,2.876558,0.000000,98.366691
"_Z10dot_kernelPKfmmS0_mmmPfmf",4,0,0,11,41561,702464,128,128,0,3,3,0,0x0,0.000028,14.008963,1605.632000,32928,0.000000,22.503091,2.852901,0.000000,98.283262
"_Z10dot_kernelPKfmmS0_mmmPfmf",5,0,0,12,41561,702464,128,128,0,3,3,0,0x0,0.000028,14.391173,1665.099852,32928,0.000000,24.721611,3.110471,0.000000,98.368002
"_Z10dot_kernelPKfmmS0_mmmPfmf",6,0,0,13,41561,702464,128,128,0,3,3,0,0x0,0.000027,14.472244,1665.099852,32928,0.000000,22.596132,2.818387,0.000000,98.312063
"_Z10dot_kernelPKfmmS0_mmmPfmf",7,0,0,14,41561,702464,128,128,0,3,3,0,0x0,0.000027,14.569270,1665.099852,32928,0.000000,23.019700,2.837856,0.000000,98.331525
"_Z10dot_kernelPKfmmS0_mmmPfmf",8,0,0,15,41561,702464,128,128,0,3,3,0,0x0,0.000031,12.977810,1498.589867,32928,0.000000,20.295020,2.629614,0.000000,98.289879
"_Z10dot_kernelPKfmmS0_mmmPfmf",9,0,0,16,41561,702464,128,128,0,3,3,0,0x0,0.000028,14.368688,1665.099852,32928,0.000000,24.315588,3.013337,0.000000,98.357677
"_Z10dot_kernelPKfmmS0_mmmPfmf",10,0,0,17,41561,702464,128,128,0,3,3,0,0x0,0.000021,18.724917,2140.842667,32928,0.000000,27.786385,3.206887,0.000000,98.711766
