kernel-name,dispatch,gpu-id,queue-id,queue-index,tid,grd,wgr,lds,scr,vgpr,sgpr,fbar,sig,time,VALUBusy,performance,LDSInsts,LDSBankConflict,L1MemoryBusy,L1MemoryStalled,L2WriteUnitStalled,L2CacheHit
"_Z6MaximoPdS_i",0,0,0,4,19377,1040384,64,0,0,1,1,0,0x0,0.000356,35.031317,4589.570876,9447534,0.000000,6.186565,0.559317,0.000000,98.811906
"_Z6MaximoPdS_i",1,0,0,6,19377,1040384,64,0,0,1,1,0,0x0,0.000364,34.943562,4584.898645,9625827,0.000000,6.231448,0.571649,0.000000,98.589021
"_Z6MaximoPdS_i",2,0,0,7,19377,1040384,64,0,0,1,1,0,0x0,0.000355,34.962311,4582.683042,9406373,0.000000,6.518807,0.900633,0.000000,97.678063
"_Z6MaximoPdS_i",3,0,0,8,19377,1040384,64,0,0,1,1,0,0x0,0.000360,34.948248,4578.578844,9531947,0.000000,6.227763,0.560365,0.000000,98.809028
"_Z6MaximoPdS_i",4,0,0,9,19377,1040384,64,0,0,1,1,0,0x0,0.000360,34.962118,4582.321422,9539863,0.000000,6.235944,0.572354,0.000000,98.591667
"_Z6MaximoPdS_i",5,0,0,10,19377,1040384,64,0,0,1,1,0,0x0,0.000361,34.945704,4575.839380,9552877,0.000000,6.213620,0.570055,0.000000,98.583156
"_Z6MaximoPdS_i",6,0,0,11,19377,1040384,64,0,0,1,1,0,0x0,0.000358,34.954304,4579.813542,9480895,0.000000,6.241584,0.573510,0.000000,98.585496
"_Z6MaximoPdS_i",7,0,0,12,19377,1040384,64,0,0,1,1,0,0x0,0.000363,34.935010,4582.053481,9592972,0.000000,6.234997,0.573958,0.000000,98.583191
"_Z6MaximoPdS_i",8,0,0,13,19377,1040384,64,0,0,1,1,0,0x0,0.000360,34.946797,4580.679467,9536359,0.000000,6.245980,0.560778,0.000000,98.812302
"_Z6MaximoPdS_i",9,0,0,14,19377,1040384,64,0,0,1,1,0,0x0,0.000357,34.966070,4587.609528,9443487,0.000000,6.212493,0.556105,0.000000,98.810567
"_Z6MaximoPdS_i",10,0,0,15,19377,1040384,64,0,0,1,1,0,0x0,0.000356,34.918315,4582.291110,9405549,0.000000,6.380981,0.572174,0.000000,98.809872
