kernel-name,dispatch,gpu-id,queue-id,queue-index,tid,grd,wgr,lds,scr,vgpr,sgpr,fbar,sig,time,VALUBusy,performance,LDSInsts,LDSBankConflict,L1MemoryBusy,L1MemoryStalled,L2WriteUnitStalled,L2CacheHit
"_Z13unpack_bottomiiiPdS_i",0,0,0,4,62175,61440,256,0,0,1,1,0,0x0,0.000011,0.177420,24.576000,0,0.000000,0.000000,0.000000,0.000000,85.185185
"_Z13unpack_bottomiiiPdS_i",1,0,0,6,62175,61440,256,0,0,1,1,0,0x0,0.000015,0.124538,16.384000,0,0.000000,0.000000,0.000000,0.000000,69.433962
"_Z13unpack_bottomiiiPdS_i",2,0,0,7,62175,61440,256,0,0,1,1,0,0x0,0.000010,0.183869,24.576000,0,0.000000,0.000000,0.000000,0.000000,85.185185
"_Z13unpack_bottomiiiPdS_i",3,0,0,8,62175,61440,256,0,0,1,1,0,0x0,0.000013,0.144307,20.480000,0,0.000000,0.000000,0.000000,0.000000,69.433962
"_Z13unpack_bottomiiiPdS_i",4,0,0,9,62175,61440,256,0,0,1,1,0,0x0,0.000013,0.146542,20.480000,0,0.000000,0.000000,0.000000,0.000000,69.433962
"_Z13unpack_bottomiiiPdS_i",5,0,0,10,62175,61440,256,0,0,1,1,0,0x0,0.000013,0.140687,18.904615,0,0.000000,0.000000,0.000000,0.000000,69.433962
"_Z13unpack_bottomiiiPdS_i",6,0,0,11,62175,61440,256,0,0,1,1,0,0x0,0.000014,0.133369,17.554286,0,0.000000,0.000000,0.000000,0.000000,69.433962
"_Z13unpack_bottomiiiPdS_i",7,0,0,12,62175,61440,256,0,0,1,1,0,0x0,0.000014,0.134162,18.904615,0,0.000000,0.000000,0.000000,0.000000,69.433962
"_Z13unpack_bottomiiiPdS_i",8,0,0,13,62175,61440,256,0,0,1,1,0,0x0,0.000014,0.129797,17.554286,0,0.000000,0.000000,0.000000,0.000000,69.433962
"_Z13unpack_bottomiiiPdS_i",9,0,0,14,62175,61440,256,0,0,1,1,0,0x0,0.000011,0.170872,24.576000,0,0.000000,0.000000,0.000000,0.000000,85.185185
"_Z13unpack_bottomiiiPdS_i",10,0,0,15,62175,61440,256,0,0,1,1,0,0x0,0.000011,0.167804,22.341818,0,0.000000,0.000000,0.000000,0.000000,85.185185
