kernel-name,dispatch,gpu-id,queue-id,queue-index,tid,grd,wgr,lds,scr,vgpr,sgpr,fbar,sig,time,VALUBusy,performance,LDSInsts,LDSBankConflict,L1MemoryBusy,L1MemoryStalled,L2WriteUnitStalled,L2CacheHit
"_Z13kDotProduct_rPfS_S_j",0,0,0,6,801,1576960,256,2048,0,2,2,0,0x0,0.000037,36.316586,4518.607568,640660,0.000000,75.741015,32.195847,0.000000,99.518043
"_Z13kDotProduct_rPfS_S_j",1,0,0,8,801,1576960,256,2048,0,2,2,0,0x0,0.000042,32.357095,4077.767805,640660,0.000000,67.213853,29.041624,0.000000,99.272886
"_Z13kDotProduct_rPfS_S_j",2,0,0,9,801,1576960,256,2048,0,2,2,0,0x0,0.000037,36.425781,4518.607568,640660,0.000000,74.851351,31.919341,0.000000,99.518043
"_Z13kDotProduct_rPfS_S_j",3,0,0,10,801,1576960,256,2048,0,2,2,0,0x0,0.000039,34.604375,4399.696842,640660,0.000000,71.009051,30.631379,0.000000,99.257052
"_Z13kDotProduct_rPfS_S_j",4,0,0,11,801,1576960,256,2048,0,2,2,0,0x0,0.000039,34.633831,4399.696842,640660,0.000000,73.140549,31.076643,0.000000,99.272886
"_Z13kDotProduct_rPfS_S_j",5,0,0,12,801,1576960,256,2048,0,2,2,0,0x0,0.000040,33.978952,4286.884103,640660,0.000000,69.499551,30.090368,0.000000,99.268942
"_Z13kDotProduct_rPfS_S_j",6,0,0,13,801,1576960,256,2048,0,2,2,0,0x0,0.000041,33.214828,4179.712000,640660,0.000000,69.311338,29.371717,0.000000,99.272828
"_Z13kDotProduct_rPfS_S_j",7,0,0,14,801,1576960,256,2048,0,2,2,0,0x0,0.000040,33.976275,4286.884103,640660,0.000000,70.519002,30.131326,0.000000,99.268884
"_Z13kDotProduct_rPfS_S_j",8,0,0,15,801,1576960,256,2048,0,2,2,0,0x0,0.000041,32.759187,4077.767805,640660,0.000000,67.033923,28.927020,0.000000,99.276831
"_Z13kDotProduct_rPfS_S_j",9,0,0,16,801,1576960,256,2048,0,2,2,0,0x0,0.000038,35.264784,4399.696842,640660,0.000000,72.603395,30.832884,0.000000,99.518005
"_Z13kDotProduct_rPfS_S_j",10,0,0,17,801,1576960,256,2048,0,2,2,0,0x0,0.000039,34.854390,4399.696842,640660,0.000000,71.963342,30.548417,0.000000,99.518043
