kernel-name,dispatch,gpu-id,queue-id,queue-index,tid,grd,wgr,lds,scr,vgpr,sgpr,fbar,sig,time,VALUBusy,performance,LDSInsts,LDSBankConflict,L1MemoryBusy,L1MemoryStalled,L2WriteUnitStalled,L2CacheHit
"_Z13kDotProduct_rPfS_S_j",0,0,0,6,130056,627200,32,2048,0,2,2,0,0x0,0.000056,19.119832,2375.085714,509625,0.000000,85.737651,23.629408,0.000000,99.536991
"_Z13kDotProduct_rPfS_S_j",1,0,0,8,130056,627200,32,2048,0,2,2,0,0x0,0.000061,17.713588,2216.746667,509625,0.000000,78.519211,21.985968,0.000000,99.063522
"_Z13kDotProduct_rPfS_S_j",2,0,0,9,130056,627200,32,2048,0,2,2,0,0x0,0.000056,19.237326,2418.269091,509625,0.000000,85.766910,23.787510,0.000000,99.536991
"_Z13kDotProduct_rPfS_S_j",3,0,0,10,130056,627200,32,2048,0,2,2,0,0x0,0.000057,18.857951,2375.085714,509625,0.000000,82.512916,23.376937,0.000000,99.078250
"_Z13kDotProduct_rPfS_S_j",4,0,0,11,130056,627200,32,2048,0,2,2,0,0x0,0.000058,18.607384,2333.417544,509625,0.000000,81.139975,23.070394,0.000000,99.063522
"_Z13kDotProduct_rPfS_S_j",5,0,0,12,130056,627200,32,2048,0,2,2,0,0x0,0.000058,18.470750,2293.186207,509625,0.000000,81.749518,22.558599,0.000000,99.156871
"_Z13kDotProduct_rPfS_S_j",6,0,0,13,130056,627200,32,2048,0,2,2,0,0x0,0.000058,18.406539,2293.186207,509625,0.000000,80.615015,23.048841,0.000000,99.073340
"_Z13kDotProduct_rPfS_S_j",7,0,0,14,130056,627200,32,2048,0,2,2,0,0x0,0.000057,18.793907,2333.417544,509625,0.000000,81.653703,23.174299,0.000000,99.078250
"_Z13kDotProduct_rPfS_S_j",8,0,0,15,130056,627200,32,2048,0,2,2,0,0x0,0.000057,18.856500,2375.085714,509625,0.000000,82.592304,22.905515,0.000000,99.536991
"_Z13kDotProduct_rPfS_S_j",9,0,0,16,130056,627200,32,2048,0,2,2,0,0x0,0.000056,18.992403,2375.085714,509625,0.000000,84.251212,23.373669,0.000000,99.536991
"_Z13kDotProduct_rPfS_S_j",10,0,0,17,130056,627200,32,2048,0,2,2,0,0x0,0.000057,18.750769,2333.417544,509625,0.000000,83.284785,22.898677,0.000000,99.536991
