kernel-name,dispatch,gpu-id,queue-id,queue-index,tid,grd,wgr,lds,scr,vgpr,sgpr,fbar,sig,time,VALUBusy,performance,LDSInsts,LDSBankConflict,L1MemoryBusy,L1MemoryStalled,L2WriteUnitStalled,L2CacheHit
"matrix_sin",0,0,0,4,115290,253952,256,0,0,6,1,0,0x0,0.000011,0.988084,108.646400,0,0.000000,0.408506,0.032445,0.000000,79.824561
"matrix_sin",1,0,0,6,115290,253952,256,0,0,6,1,0,0x0,0.000015,0.676194,72.430933,0,0.000000,0.368374,0.089823,0.000000,60.264901
"matrix_sin",2,0,0,7,115290,253952,256,0,0,6,1,0,0x0,0.000010,1.009766,108.646400,0,0.000000,0.619424,0.165782,0.000000,79.824561
"matrix_sin",3,0,0,8,115290,253952,256,0,0,6,1,0,0x0,0.000013,0.791962,83.574154,0,0.000000,0.356974,0.108747,0.000000,60.264901
"matrix_sin",4,0,0,9,115290,253952,256,0,0,6,1,0,0x0,0.000014,0.738016,77.604571,0,0.000000,0.328252,0.096933,0.000000,60.264901
"matrix_sin",5,0,0,10,115290,253952,256,0,0,6,1,0,0x0,0.000013,0.777262,83.574154,0,0.000000,0.401392,0.105568,0.000000,60.264901
"matrix_sin",6,0,0,11,115290,253952,256,0,0,6,1,0,0x0,0.000016,0.653047,67.904000,0,0.000000,0.295333,0.090647,0.000000,60.066007
"matrix_sin",7,0,0,12,115290,253952,256,0,0,6,1,0,0x0,0.000015,0.697190,72.430933,0,0.000000,0.325702,0.100937,0.000000,60.264901
"matrix_sin",8,0,0,13,115290,253952,256,0,0,6,1,0,0x0,0.000015,0.713525,77.604571,0,0.000000,0.372737,0.101171,0.000000,60.264901
"matrix_sin",9,0,0,14,115290,253952,256,0,0,6,1,0,0x0,0.000012,0.864115,90.538667,0,0.000000,0.377889,0.042561,0.000000,79.824561
"matrix_sin",10,0,0,15,115290,253952,256,0,0,6,1,0,0x0,0.000013,0.821642,90.538667,0,0.000000,0.370352,0.112823,0.000000,79.824561
