kernel-name,dispatch,gpu-id,queue-id,queue-index,tid,grd,wgr,lds,scr,vgpr,sgpr,fbar,sig,time,VALUBusy,performance,LDSInsts,LDSBankConflict,L1MemoryBusy,L1MemoryStalled,L2WriteUnitStalled,L2CacheHit
"_Z15gpu_imageSquarePfPKfii",0,0,0,4,35954,57600,64,0,0,0,1,0,0x0,0.000011,0.316869,42.007273,0,0.000000,0.126326,0.116501,0.000000,81.176471
"_Z15gpu_imageSquarePfPKfii",1,0,0,6,35954,57600,64,0,0,0,1,0,0x0,0.000016,0.221376,30.805333,0,0.000000,0.088256,0.081392,0.000000,56.557377
"_Z15gpu_imageSquarePfPKfii",2,0,0,7,35954,57600,64,0,0,0,1,0,0x0,0.000010,0.344467,46.208000,0,0.000000,0.137329,0.016785,0.000000,81.176471
"_Z15gpu_imageSquarePfPKfii",3,0,0,8,35954,57600,64,0,0,0,1,0,0x0,0.000014,0.255686,35.544615,0,0.000000,0.101934,0.094006,0.000000,56.557377
"_Z15gpu_imageSquarePfPKfii",4,0,0,9,35954,57600,64,0,0,0,1,0,0x0,0.000014,0.259102,35.544615,0,0.000000,0.103296,0.095262,0.000000,56.557377
"_Z15gpu_imageSquarePfPKfii",5,0,0,10,35954,57600,64,0,0,0,1,0,0x0,0.000014,0.249823,33.005714,0,0.000000,0.099597,0.091851,0.000000,56.557377
"_Z15gpu_imageSquarePfPKfii",6,0,0,11,35954,57600,64,0,0,0,1,0,0x0,0.000015,0.234404,30.805333,0,0.000000,0.093450,0.086182,0.000000,56.557377
"_Z15gpu_imageSquarePfPKfii",7,0,0,12,35954,57600,64,0,0,0,1,0,0x0,0.000015,0.234336,30.805333,0,0.000000,0.093423,0.086157,0.000000,56.557377
"_Z15gpu_imageSquarePfPKfii",8,0,0,13,35954,57600,64,0,0,0,1,0,0x0,0.000015,0.239578,33.005714,0,0.000000,0.095513,0.088084,0.000000,56.557377
"_Z15gpu_imageSquarePfPKfii",9,0,0,14,35954,57600,64,0,0,0,1,0,0x0,0.000012,0.306027,42.007273,0,0.000000,0.122004,0.014912,0.000000,81.176471
"_Z15gpu_imageSquarePfPKfii",10,0,0,15,35954,57600,64,0,0,0,1,0,0x0,0.000011,0.322500,46.208000,0,0.000000,0.128571,0.015714,0.000000,81.176471
