kernel-name,dispatch,gpu-id,queue-id,queue-index,tid,grd,wgr,lds,scr,vgpr,sgpr,fbar,sig,time,VALUBusy,performance,LDSInsts,LDSBankConflict,L1MemoryBusy,L1MemoryStalled,L2WriteUnitStalled,L2CacheHit
"_Z5gaxpyiPKdS0_Pd",0,0,0,6,120612,1576960,64,0,0,1,1,0,0x0,0.000067,0.722518,94.490746,0,0.000000,0.065699,0.005125,0.000000,85.589520
"_Z5gaxpyiPKdS0_Pd",1,0,0,8,120612,1576960,64,0,0,1,1,0,0x0,0.000071,0.682505,90.441143,0,0.000000,0.080327,0.023108,0.000000,69.750890
"_Z5gaxpyiPKdS0_Pd",2,0,0,9,120612,1576960,64,0,0,1,1,0,0x0,0.000067,0.723219,94.490746,0,0.000000,0.065763,0.005130,0.000000,85.589520
"_Z5gaxpyiPKdS0_Pd",3,0,0,10,120612,1576960,64,0,0,1,1,0,0x0,0.000069,0.703480,93.101176,0,0.000000,0.081662,0.022684,0.000000,69.750890
"_Z5gaxpyiPKdS0_Pd",4,0,0,11,120612,1576960,64,0,0,1,1,0,0x0,0.000069,0.704004,93.101176,0,0.000000,0.082857,0.023836,0.000000,69.750890
"_Z5gaxpyiPKdS0_Pd",5,0,0,12,120612,1576960,64,0,0,1,1,0,0x0,0.000069,0.702015,91.751884,0,0.000000,0.080812,0.021957,0.000000,69.750890
"_Z5gaxpyiPKdS0_Pd",6,0,0,13,120612,1576960,64,0,0,1,1,0,0x0,0.000069,0.699557,91.751884,0,0.000000,0.112786,0.024813,0.000000,69.750890
"_Z5gaxpyiPKdS0_Pd",7,0,0,14,120612,1576960,64,0,0,1,1,0,0x0,0.000069,0.700290,91.751884,0,0.000000,0.081969,0.023258,0.000000,69.750890
"_Z5gaxpyiPKdS0_Pd",8,0,0,15,120612,1576960,64,0,0,1,1,0,0x0,0.000067,0.721161,94.490746,0,0.000000,0.065576,0.005116,0.000000,85.589520
"_Z5gaxpyiPKdS0_Pd",9,0,0,16,120612,1576960,64,0,0,1,1,0,0x0,0.000067,0.720866,94.490746,0,0.000000,0.065549,0.005114,0.000000,85.589520
"_Z5gaxpyiPKdS0_Pd",10,0,0,17,120612,1576960,64,0,0,1,1,0,0x0,0.000067,0.721322,94.490746,0,0.000000,0.065591,0.005117,0.000000,85.589520
