kernel-name,dispatch,gpu-id,queue-id,queue-index,tid,grd,wgr,lds,scr,vgpr,sgpr,fbar,sig,time,VALUBusy,performance,LDSInsts,LDSBankConflict,L1MemoryBusy,L1MemoryStalled,L2WriteUnitStalled,L2CacheHit
"_Z11kAddColMultPfS_S_fjj",0,0,0,6,92239,614656,16,0,0,2,2,0,0x0,0.000102,3.712881,342.786535,0,0.000000,0.080599,0.006768,0.000000,87.947883
"_Z11kAddColMultPfS_S_fjj",1,0,0,8,92239,614656,16,0,0,2,2,0,0x0,0.000107,3.520598,323.564860,0,0.000000,0.076425,0.016918,0.000000,84.905660
"_Z11kAddColMultPfS_S_fjj",2,0,0,9,92239,614656,16,0,0,2,2,0,0x0,0.000102,3.713726,342.786535,0,0.000000,0.080617,0.006769,0.000000,87.947883
"_Z11kAddColMultPfS_S_fjj",3,0,0,10,92239,614656,16,0,0,2,2,0,0x0,0.000105,3.590839,329.728000,0,0.000000,0.077950,0.018446,0.000000,85.443038
"_Z11kAddColMultPfS_S_fjj",4,0,0,11,92239,614656,16,0,0,2,2,0,0x0,0.000105,3.591843,329.728000,0,0.000000,0.077972,0.018749,0.000000,84.905660
"_Z11kAddColMultPfS_S_fjj",5,0,0,12,92239,614656,16,0,0,2,2,0,0x0,0.000105,3.585441,329.728000,0,0.000000,0.077833,0.017379,0.000000,84.905660
"_Z11kAddColMultPfS_S_fjj",6,0,0,13,92239,614656,16,0,0,2,2,0,0x0,0.000106,3.573234,329.728000,0,0.000000,0.077568,0.017912,0.000000,85.443038
"_Z11kAddColMultPfS_S_fjj",7,0,0,14,92239,614656,16,0,0,2,2,0,0x0,0.000106,3.573530,329.728000,0,0.000000,0.077574,0.018505,0.000000,84.375000
"_Z11kAddColMultPfS_S_fjj",8,0,0,15,92239,614656,16,0,0,2,2,0,0x0,0.000102,3.707862,342.786535,0,0.000000,0.080490,0.006759,0.000000,87.947883
"_Z11kAddColMultPfS_S_fjj",9,0,0,16,92239,614656,16,0,0,2,2,0,0x0,0.000102,3.706655,342.786535,0,0.000000,0.080464,0.006757,0.000000,87.947883
"_Z11kAddColMultPfS_S_fjj",10,0,0,17,92239,614656,16,0,0,2,2,0,0x0,0.000102,3.704925,342.786535,0,0.000000,0.080426,0.006753,0.000000,87.947883
