kernel-name,dispatch,gpu-id,queue-id,queue-index,tid,grd,wgr,lds,scr,vgpr,sgpr,fbar,sig,time,VALUBusy,performance,LDSInsts,LDSBankConflict,L1MemoryBusy,L1MemoryStalled,L2WriteUnitStalled,L2CacheHit
"_Z15DYbinaryentropyiPKdS0_S0_Pd",0,0,0,8,85710,1517824,16,0,0,3,1,0,0x0,0.000243,0.838658,101.940364,0,0.000000,0.077938,0.004244,0.000000,90.609137
"_Z15DYbinaryentropyiPKdS0_S0_Pd",1,0,0,10,85710,1517824,16,0,0,3,1,0,0x0,0.000249,0.819650,99.474065,0,0.000000,0.080885,0.008862,0.000000,79.865772
"_Z15DYbinaryentropyiPKdS0_S0_Pd",2,0,0,11,85710,1517824,16,0,0,3,1,0,0x0,0.000244,0.834588,101.104787,0,0.000000,0.082551,0.009215,0.000000,61.871750
"_Z15DYbinaryentropyiPKdS0_S0_Pd",3,0,0,12,85710,1517824,16,0,0,3,1,0,0x0,0.000246,0.827398,100.282797,0,0.000000,0.076891,0.004187,0.000000,90.379747
"_Z15DYbinaryentropyiPKdS0_S0_Pd",4,0,0,13,85710,1517824,16,0,0,3,1,0,0x0,0.000246,0.827121,100.282797,0,0.000000,0.081939,0.009259,0.000000,79.865772
"_Z15DYbinaryentropyiPKdS0_S0_Pd",5,0,0,14,85710,1517824,16,0,0,3,1,0,0x0,0.000247,0.825993,100.282797,0,0.000000,0.081891,0.009310,0.000000,79.865772
"_Z15DYbinaryentropyiPKdS0_S0_Pd",6,0,0,15,85710,1517824,16,0,0,3,1,0,0x0,0.000247,0.825820,100.282797,0,0.000000,0.082000,0.009435,0.000000,79.865772
"_Z15DYbinaryentropyiPKdS0_S0_Pd",7,0,0,16,85710,1517824,16,0,0,3,1,0,0x0,0.000247,0.825634,100.282797,0,0.000000,0.081349,0.008800,0.000000,79.865772
"_Z15DYbinaryentropyiPKdS0_S0_Pd",8,0,0,17,85710,1517824,16,0,0,3,1,0,0x0,0.000243,0.838268,101.520856,0,0.000000,0.077901,0.004242,0.000000,90.609137
"_Z15DYbinaryentropyiPKdS0_S0_Pd",9,0,0,18,85710,1517824,16,0,0,3,1,0,0x0,0.000243,0.838132,101.520856,0,0.000000,0.077889,0.004241,0.000000,90.609137
"_Z15DYbinaryentropyiPKdS0_S0_Pd",10,0,0,19,85710,1517824,16,0,0,3,1,0,0x0,0.000243,0.838201,101.520856,0,0.000000,0.078152,0.004242,0.000000,90.609137
