kernel-name,dispatch,gpu-id,queue-id,queue-index,tid,grd,wgr,lds,scr,vgpr,sgpr,fbar,sig,time,VALUBusy,performance,LDSInsts,LDSBankConflict,L1MemoryBusy,L1MemoryStalled,L2WriteUnitStalled,L2CacheHit
"_Z21kRectifiedLinearDerivPfS_S_j",0,0,0,6,127627,2822400,16,0,0,2,1,0,0x0,0.000447,3.867826,355.513557,0,0.000000,1.377125,0.161182,0.000000,94.514107
"_Z21kRectifiedLinearDerivPfS_S_j",1,0,0,8,127627,2822400,16,0,0,2,1,0,0x0,0.000453,3.819678,351.580885,0,0.000000,1.374751,0.177602,0.000000,87.391304
"_Z21kRectifiedLinearDerivPfS_S_j",2,0,0,9,127627,2822400,16,0,0,2,1,0,0x0,0.000447,3.867891,355.513557,0,0.000000,1.377288,0.161185,0.000000,94.514107
"_Z21kRectifiedLinearDerivPfS_S_j",3,0,0,10,127627,2822400,16,0,0,2,1,0,0x0,0.000451,3.836868,353.143467,0,0.000000,1.384023,0.178852,0.000000,87.391304
"_Z21kRectifiedLinearDerivPfS_S_j",4,0,0,11,127627,2822400,16,0,0,2,1,0,0x0,0.000451,3.833217,352.360443,0,0.000000,1.418304,0.217708,0.000000,57.428571
"_Z21kRectifiedLinearDerivPfS_S_j",5,0,0,12,127627,2822400,16,0,0,2,1,0,0x0,0.000450,3.847649,353.929978,0,0.000000,1.370081,0.160342,0.000000,94.366197
"_Z21kRectifiedLinearDerivPfS_S_j",6,0,0,13,127627,2822400,16,0,0,2,1,0,0x0,0.000451,3.833323,352.360443,0,0.000000,1.383264,0.179483,0.000000,87.391304
"_Z21kRectifiedLinearDerivPfS_S_j",7,0,0,14,127627,2822400,16,0,0,2,1,0,0x0,0.000447,3.865773,355.513557,0,0.000000,1.375102,0.160852,0.000000,94.514107
"_Z21kRectifiedLinearDerivPfS_S_j",8,0,0,15,127627,2822400,16,0,0,2,1,0,0x0,0.000447,3.866356,355.513557,0,0.000000,1.375450,0.160597,0.000000,94.514107
"_Z21kRectifiedLinearDerivPfS_S_j",9,0,0,16,127627,2822400,16,0,0,2,1,0,0x0,0.000447,3.865686,355.513557,0,0.000000,1.372103,0.160325,0.000000,94.514107
"_Z21kRectifiedLinearDerivPfS_S_j",10,0,0,17,127627,2822400,16,0,0,2,1,0,0x0,0.000447,3.866059,355.513557,0,0.000000,1.376636,0.161109,0.000000,94.514107
