kernel-name,dispatch,gpu-id,queue-id,queue-index,tid,grd,wgr,lds,scr,vgpr,sgpr,fbar,sig,time,VALUBusy,performance,LDSInsts,LDSBankConflict,L1MemoryBusy,L1MemoryStalled,L2WriteUnitStalled,L2CacheHit
"_Z16partialSumKernelPii",0,0,0,2,2434,1517824,16,128,0,0,1,0,0x0,0.000243,6.468172,799.512230,569184,0.000000,36.109599,4.441786,0.000000,99.942615
"_Z16partialSumKernelPii",1,0,0,4,2434,1517824,16,128,0,0,1,0,0x0,0.000247,6.365043,786.564664,569184,0.000000,35.607437,4.377660,0.000000,99.903693
"_Z16partialSumKernelPii",2,0,0,5,2434,1517824,16,128,0,0,1,0,0x0,0.000243,6.468570,799.512230,569184,0.000000,36.135762,4.443985,0.000000,99.942615
"_Z16partialSumKernelPii",3,0,0,6,2434,1517824,16,128,0,0,1,0,0x0,0.000245,6.418023,792.985600,569184,0.000000,35.908404,4.419638,0.000000,99.903693
"_Z16partialSumKernelPii",4,0,0,7,2434,1517824,16,128,0,0,1,0,0x0,0.000245,6.420574,792.985600,569184,0.000000,35.842542,4.411585,0.000000,99.903168
"_Z16partialSumKernelPii",5,0,0,8,2434,1517824,16,128,0,0,1,0,0x0,0.000246,6.402222,792.985600,569184,0.000000,35.724086,4.397070,0.000000,99.904745
"_Z16partialSumKernelPii",6,0,0,9,2434,1517824,16,128,0,0,1,0,0x0,0.000246,6.412095,792.985600,569184,0.000000,35.879752,4.417210,0.000000,99.905796
"_Z16partialSumKernelPii",7,0,0,10,2434,1517824,16,128,0,0,1,0,0x0,0.000246,6.409974,792.985600,569184,0.000000,35.857712,4.404238,0.000000,99.903693
"_Z16partialSumKernelPii",8,0,0,11,2434,1517824,16,128,0,0,1,0,0x0,0.000244,6.464322,799.512230,569184,0.000000,36.151858,4.443119,0.000000,99.942615
"_Z16partialSumKernelPii",9,0,0,12,2434,1517824,16,128,0,0,1,0,0x0,0.000244,6.459632,799.512230,569184,0.000000,36.062632,4.432461,0.000000,99.942615
"_Z16partialSumKernelPii",10,0,0,13,2434,1517824,16,128,0,0,1,0,0x0,0.000244,6.462283,799.512230,569184,0.000000,36.156996,4.440820,0.000000,99.942615
