kernel-name,dispatch,gpu-id,queue-id,queue-index,tid,grd,wgr,lds,scr,vgpr,sgpr,fbar,sig,time,VALUBusy,performance,LDSInsts,LDSBankConflict,L1MemoryBusy,L1MemoryStalled,L2WriteUnitStalled,L2CacheHit
"_Z14calc_histogramPiPhii",0,0,0,4,92080,627200,32,0,0,0,1,0,0x0,0.000480,0.996141,104.534933,0,0.000000,95.373723,85.273776,0.000000,99.191411
"_Z14calc_histogramPiPhii",1,0,0,6,92080,627200,32,0,0,0,1,0,0x0,0.000481,0.994562,104.317605,0,0.000000,95.513674,83.986030,0.000000,99.177844
"_Z14calc_histogramPiPhii",2,0,0,7,92080,627200,32,0,0,0,1,0,0x0,0.000480,0.997319,104.753169,0,0.000000,95.583458,86.550975,0.000000,99.191283
"_Z14calc_histogramPiPhii",3,0,0,8,92080,627200,32,0,0,0,1,0,0x0,0.000485,0.986902,103.671008,0,0.000000,95.338671,85.587518,0.000000,99.177823
"_Z14calc_histogramPiPhii",4,0,0,9,92080,627200,32,0,0,0,1,0,0x0,0.000483,0.990653,103.885648,0,0.000000,95.522689,84.329348,0.000000,99.171172
"_Z14calc_histogramPiPhii",5,0,0,10,92080,627200,32,0,0,0,1,0,0x0,0.000476,1.005293,105.413378,0,0.000000,96.858371,87.279942,0.000000,99.190696
"_Z14calc_histogramPiPhii",6,0,0,11,92080,627200,32,0,0,0,1,0,0x0,0.000480,0.996782,104.534933,0,0.000000,95.699199,85.400612,0.000000,99.178500
"_Z14calc_histogramPiPhii",7,0,0,12,92080,627200,32,0,0,0,1,0,0x0,0.000482,0.992785,104.101178,0,0.000000,95.549556,86.232281,0.000000,99.190477
"_Z14calc_histogramPiPhii",8,0,0,13,92080,627200,32,0,0,0,1,0,0x0,0.000486,0.984531,103.244379,0,0.000000,94.904444,84.638919,0.000000,99.191011
"_Z14calc_histogramPiPhii",9,0,0,14,92080,627200,32,0,0,0,1,0,0x0,0.000481,0.994661,104.317605,0,0.000000,95.154002,84.723918,0.000000,99.191468
"_Z14calc_histogramPiPhii",10,0,0,15,92080,627200,32,0,0,0,1,0,0x0,0.000480,0.997726,104.753169,0,0.000000,95.540445,86.567586,0.000000,99.190917
