kernel-name,dispatch,gpu-id,queue-id,queue-index,tid,grd,wgr,lds,scr,vgpr,sgpr,fbar,sig,time,VALUBusy,performance,LDSInsts,LDSBankConflict,L1MemoryBusy,L1MemoryStalled,L2WriteUnitStalled,L2CacheHit
"_Z16sub_scalar_floatiifPfiS_",0,0,0,4,94572,253952,32,0,0,1,1,0,0x0,0.001351,85.495523,10087.313256,0,0.000000,85.359242,19.269480,0.055521,99.754672
"_Z16sub_scalar_floatiifPfiS_",1,0,0,6,94572,253952,32,0,0,1,1,0,0x0,0.001356,85.175013,10050.090698,0,0.000000,85.468473,19.484940,0.126298,99.753823
"_Z16sub_scalar_floatiifPfiS_",2,0,0,7,94572,253952,32,0,0,1,1,0,0x0,0.001355,85.218930,10050.090698,0,0.000000,85.077151,19.380325,0.030438,99.749414
"_Z16sub_scalar_floatiifPfiS_",3,0,0,8,94572,253952,32,0,0,1,1,0,0x0,0.001358,85.030856,10027.888730,0,0.000000,84.664773,19.281770,0.064423,99.749465
"_Z16sub_scalar_floatiifPfiS_",4,0,0,9,94572,253952,32,0,0,1,1,0,0x0,0.001357,85.092959,10035.278479,0,0.000000,85.507028,19.554884,0.090258,99.749287
"_Z16sub_scalar_floatiifPfiS_",5,0,0,10,94572,253952,32,0,0,1,1,0,0x0,0.001357,85.128240,10042.679127,0,0.000000,85.324932,19.479169,0.063115,99.754659
"_Z16sub_scalar_floatiifPfiS_",6,0,0,11,94572,253952,32,0,0,1,1,0,0x0,0.001352,85.406573,10072.391195,0,0.000000,85.087947,19.357794,0.073027,99.754672
"_Z16sub_scalar_floatiifPfiS_",7,0,0,12,94572,253952,32,0,0,1,1,0,0x0,0.001358,85.036413,10027.888730,0,0.000000,84.574229,19.291509,0.086056,99.754672
"_Z16sub_scalar_floatiifPfiS_",8,0,0,13,94572,253952,32,0,0,1,1,0,0x0,0.001355,85.215393,10050.090698,0,0.000000,85.150542,19.300016,0.138349,99.754672
"_Z16sub_scalar_floatiifPfiS_",9,0,0,14,94572,253952,32,0,0,1,1,0,0x0,0.001356,85.193313,10050.090698,0,0.000000,85.367898,19.428856,0.068234,99.754672
"_Z16sub_scalar_floatiifPfiS_",10,0,0,15,94572,253952,32,0,0,1,1,0,0x0,0.001355,85.247787,10057.513217,0,0.000000,84.889674,19.327652,0.061358,99.754672
