kernel-name,dispatch,gpu-id,queue-id,queue-index,tid,grd,wgr,lds,scr,vgpr,sgpr,fbar,sig,time,VALUBusy,performance,LDSInsts,LDSBankConflict,L1MemoryBusy,L1MemoryStalled,L2WriteUnitStalled,L2CacheHit
"_Z21minkowski_kernel_samePKfmmS0_mmmPfmf",0,0,0,6,39127,4145152,32,128,0,5,6,0,0x0,0.000345,5.446508,604.213426,6048,0.000000,1.301696,0.170178,0.000000,96.531890
"_Z21minkowski_kernel_samePKfmmS0_mmmPfmf",1,0,0,8,39127,4145152,32,128,0,5,6,0,0x0,0.000341,5.520557,613.098918,6048,0.000000,1.318476,0.178087,0.000000,94.710849
"_Z21minkowski_kernel_samePKfmmS0_mmmPfmf",2,0,0,9,39127,4145152,32,128,0,5,6,0,0x0,0.000338,5.557074,616.726722,6048,0.000000,1.326967,0.177834,0.000000,94.220608
"_Z21minkowski_kernel_samePKfmmS0_mmmPfmf",3,0,0,10,39127,4145152,32,128,0,5,6,0,0x0,0.000335,5.606240,622.249648,6048,0.000000,1.332466,0.162920,0.000000,97.355400
"_Z21minkowski_kernel_samePKfmmS0_mmmPfmf",4,0,0,11,39127,4145152,32,128,0,5,6,0,0x0,0.000333,5.652479,627.872386,6048,0.000000,1.351016,0.180699,0.000000,96.531890
"_Z21minkowski_kernel_samePKfmmS0_mmmPfmf",5,0,0,12,39127,4145152,32,128,0,5,6,0,0x0,0.000333,5.649296,627.872386,6048,0.000000,1.348847,0.181114,0.000000,96.531890
"_Z21minkowski_kernel_samePKfmmS0_mmmPfmf",6,0,0,13,39127,4145152,32,128,0,5,6,0,0x0,0.000332,5.668301,629.769281,6048,0.000000,1.354233,0.180734,0.000000,96.531890
"_Z21minkowski_kernel_samePKfmmS0_mmmPfmf",7,0,0,14,39127,4145152,32,128,0,5,6,0,0x0,0.000333,5.654614,627.872386,6048,0.000000,1.350728,0.174519,0.000000,96.531890
"_Z21minkowski_kernel_samePKfmmS0_mmmPfmf",8,0,0,15,39127,4145152,32,128,0,5,6,0,0x0,0.000330,5.701680,633.597666,6048,0.000000,1.320003,0.161525,0.000000,97.372014
"_Z21minkowski_kernel_samePKfmmS0_mmmPfmf",9,0,0,16,39127,4145152,32,128,0,5,6,0,0x0,0.000330,5.702091,633.597666,6048,0.000000,1.317019,0.161536,0.000000,97.372014
"_Z21minkowski_kernel_samePKfmmS0_mmmPfmf",10,0,0,17,39127,4145152,32,128,0,5,6,0,0x0,0.000339,5.540366,614.907469,6048,0.000000,1.200497,0.169981,0.000000,96.531890
