kernel-name,dispatch,gpu-id,queue-id,queue-index,tid,grd,wgr,lds,scr,vgpr,sgpr,fbar,sig,time,VALUBusy,performance,LDSInsts,LDSBankConflict,L1MemoryBusy,L1MemoryStalled,L2WriteUnitStalled,L2CacheHit
"_Z24ForwardWarpKernel_PSF1x1PKfS0_S0_iiiifPf",0,0,0,8,30257,1537536,32,0,0,1,2,0,0x0,0.000126,1.493359,196.817920,0,0.000000,0.005097,0.000000,0.000000,84.403670
"_Z24ForwardWarpKernel_PSF1x1PKfS0_S0_iiiifPf",1,0,0,10,30257,1537536,32,0,0,1,2,0,0x0,0.000130,1.440048,189.248000,0,0.000000,0.004915,0.000000,0.000000,63.013699
"_Z24ForwardWarpKernel_PSF1x1PKfS0_S0_iiiifPf",2,0,0,11,30257,1537536,32,0,0,1,2,0,0x0,0.000126,1.492721,196.817920,0,0.000000,0.005095,0.000000,0.000000,84.403670
"_Z24ForwardWarpKernel_PSF1x1PKfS0_S0_iiiifPf",3,0,0,12,30257,1537536,32,0,0,1,2,0,0x0,0.000128,1.462973,192.205000,0,0.000000,0.004993,0.000000,0.000000,63.013699
"_Z24ForwardWarpKernel_PSF1x1PKfS0_S0_iiiifPf",4,0,0,13,30257,1537536,32,0,0,1,2,0,0x0,0.000128,1.463928,192.205000,0,0.000000,0.004996,0.000000,0.000000,63.013699
"_Z24ForwardWarpKernel_PSF1x1PKfS0_S0_iiiifPf",5,0,0,14,30257,1537536,32,0,0,1,2,0,0x0,0.000129,1.457089,192.205000,0,0.000000,0.004973,0.000000,0.000000,63.013699
"_Z24ForwardWarpKernel_PSF1x1PKfS0_S0_iiiifPf",6,0,0,15,30257,1537536,32,0,0,1,2,0,0x0,0.000129,1.458759,192.205000,0,0.000000,0.004979,0.000000,0.000000,63.013699
"_Z24ForwardWarpKernel_PSF1x1PKfS0_S0_iiiifPf",7,0,0,16,30257,1537536,32,0,0,1,2,0,0x0,0.000129,1.458986,192.205000,0,0.000000,0.004979,0.000000,0.000000,63.230241
"_Z24ForwardWarpKernel_PSF1x1PKfS0_S0_iiiifPf",8,0,0,17,30257,1537536,32,0,0,1,2,0,0x0,0.000126,1.490720,196.817920,0,0.000000,0.005088,0.000000,0.000000,84.403670
"_Z24ForwardWarpKernel_PSF1x1PKfS0_S0_iiiifPf",9,0,0,18,30257,1537536,32,0,0,1,2,0,0x0,0.000126,1.490247,196.817920,0,0.000000,0.005086,0.000000,0.000000,84.403670
"_Z24ForwardWarpKernel_PSF1x1PKfS0_S0_iiiifPf",10,0,0,19,30257,1537536,32,0,0,1,2,0,0x0,0.000126,1.490676,196.817920,0,0.000000,0.005088,0.000000,0.000000,84.403670
