kernel-name,dispatch,gpu-id,queue-id,queue-index,tid,grd,wgr,lds,scr,vgpr,sgpr,fbar,sig,time,VALUBusy,performance,LDSInsts,LDSBankConflict,L1MemoryBusy,L1MemoryStalled,L2WriteUnitStalled,L2CacheHit
"_Z24ForwardWarpKernel_PSF1x1PKfS0_S0_iiiifPf",0,0,0,8,28093,614656,16,0,0,1,2,0,0x0,0.000103,1.454703,190.977243,0,0.000000,69.877080,0.000000,0.000000,84.403670
"_Z24ForwardWarpKernel_PSF1x1PKfS0_S0_iiiifPf",1,0,0,10,28093,614656,16,0,0,1,2,0,0x0,0.000107,1.403418,185.572226,0,0.000000,69.384830,0.000000,0.000000,63.013699
"_Z24ForwardWarpKernel_PSF1x1PKfS0_S0_iiiifPf",2,0,0,11,28093,614656,16,0,0,1,2,0,0x0,0.000104,1.440816,189.140923,0,0.000000,68.888832,0.000000,0.000000,84.403670
"_Z24ForwardWarpKernel_PSF1x1PKfS0_S0_iiiifPf",3,0,0,12,28093,614656,16,0,0,1,2,0,0x0,0.000105,1.432863,189.140923,0,0.000000,68.622563,0.000000,0.000000,63.013699
"_Z24ForwardWarpKernel_PSF1x1PKfS0_S0_iiiifPf",4,0,0,13,28093,614656,16,0,0,1,2,0,0x0,0.000107,1.403099,185.572226,0,0.000000,69.732498,0.000000,0.000000,63.013699
"_Z24ForwardWarpKernel_PSF1x1PKfS0_S0_iiiifPf",5,0,0,14,28093,614656,16,0,0,1,2,0,0x0,0.000104,1.440237,189.140923,0,0.000000,69.373219,0.000000,0.000000,63.013699
"_Z24ForwardWarpKernel_PSF1x1PKfS0_S0_iiiifPf",6,0,0,15,28093,614656,16,0,0,1,2,0,0x0,0.000107,1.397537,183.837907,0,0.000000,70.765893,0.000000,0.000000,63.013699
"_Z24ForwardWarpKernel_PSF1x1PKfS0_S0_iiiifPf",7,0,0,16,28093,614656,16,0,0,1,2,0,0x0,0.000105,1.422844,187.339581,0,0.000000,68.910839,0.000000,0.000000,63.013699
"_Z24ForwardWarpKernel_PSF1x1PKfS0_S0_iiiifPf",8,0,0,17,28093,614656,16,0,0,1,2,0,0x0,0.000107,1.403476,185.572226,0,0.000000,69.520200,0.000000,0.000000,63.013699
"_Z24ForwardWarpKernel_PSF1x1PKfS0_S0_iiiifPf",9,0,0,18,28093,614656,16,0,0,1,2,0,0x0,0.000102,1.470264,192.849569,0,0.000000,68.407880,0.000000,0.000000,84.403670
"_Z24ForwardWarpKernel_PSF1x1PKfS0_S0_iiiifPf",10,0,0,19,28093,614656,16,0,0,1,2,0,0x0,0.000102,1.465248,192.849569,0,0.000000,68.868647,0.000000,0.000000,84.403670
