kernel-name,dispatch,gpu-id,queue-id,queue-index,tid,grd,wgr,lds,scr,vgpr,sgpr,fbar,sig,time,VALUBusy,performance,LDSInsts,LDSBankConflict,L1MemoryBusy,L1MemoryStalled,L2WriteUnitStalled,L2CacheHit
"_Z11scal_kernelifPfi",0,0,0,2,17840,2822400,16,0,0,0,1,0,0x0,0.002487,93.082269,12159.834259,0,0.000000,6.672964,0.831193,0.219142,87.496530
"_Z11scal_kernelifPfi",1,0,0,4,17840,2822400,16,0,0,0,1,0,0x0,0.002490,93.043081,12152.004575,0,0.000000,6.672581,0.835880,0.235905,87.495538
"_Z11scal_kernelifPfi",2,0,0,5,17840,2822400,16,0,0,0,1,0,0x0,0.002489,93.041977,12153.374920,0,0.000000,6.695171,0.855865,0.230790,87.425945
"_Z11scal_kernelifPfi",3,0,0,6,17840,2822400,16,0,0,0,1,0,0x0,0.002490,93.044807,12151.678406,0,0.000000,6.695910,0.858305,0.237170,87.421490
"_Z11scal_kernelifPfi",4,0,0,7,17840,2822400,16,0,0,0,1,0,0x0,0.002489,93.047636,12150.992482,0,0.000000,6.685926,0.834072,0.249589,87.497769
"_Z11scal_kernelifPfi",5,0,0,8,17840,2822400,16,0,0,0,1,0,0x0,0.002488,93.044412,12153.337155,0,0.000000,6.678961,0.833929,0.226619,87.498017
"_Z11scal_kernelifPfi",6,0,0,9,17840,2822400,16,0,0,0,1,0,0x0,0.002484,93.042109,12152.525738,0,0.000000,6.699982,0.836718,0.231018,87.498017
"_Z11scal_kernelifPfi",7,0,0,10,17840,2822400,16,0,0,0,1,0,0x0,0.002488,93.050574,12152.531447,0,0.000000,6.681295,0.834000,0.246652,87.498017
"_Z11scal_kernelifPfi",8,0,0,11,17840,2822400,16,0,0,0,1,0,0x0,0.002487,93.044097,12152.547630,0,0.000000,6.683720,0.833585,0.252362,87.498017
"_Z11scal_kernelifPfi",9,0,0,12,17840,2822400,16,0,0,0,1,0,0x0,0.002487,93.044453,12152.332610,0,0.000000,6.683127,0.833370,0.221612,87.498017
"_Z11scal_kernelifPfi",10,0,0,13,17840,2822400,16,0,0,0,1,0,0x0,0.002484,93.047818,12151.520515,0,0.000000,6.709491,0.837119,0.243538,87.498017
