kernel-name,dispatch,gpu-id,queue-id,queue-index,tid,grd,wgr,lds,scr,vgpr,sgpr,fbar,sig,time,VALUBusy,performance,LDSInsts,LDSBankConflict,L1MemoryBusy,L1MemoryStalled,L2WriteUnitStalled,L2CacheHit
"matrix_log",0,0,0,4,110608,1576960,128,0,0,4,1,0,0x0,0.000036,1.640098,181.973333,0,0.000000,0.177737,0.016001,0.000000,83.396226
"matrix_log",1,0,0,6,110608,1576960,128,0,0,4,1,0,0x0,0.000042,1.422436,159.781463,0,0.000000,0.288801,0.220164,0.000000,67.217631
"matrix_log",2,0,0,7,110608,1576960,128,0,0,4,1,0,0x0,0.000036,1.640270,181.973333,0,0.000000,0.102936,0.039790,0.000000,84.722222
"matrix_log",3,0,0,8,110608,1576960,128,0,0,4,1,0,0x0,0.000040,1.482975,167.975385,0,0.000000,0.295226,0.223668,0.000000,67.032967
"matrix_log",4,0,0,9,110608,1576960,128,0,0,4,1,0,0x0,0.000039,1.511679,167.975385,0,0.000000,0.284598,0.226403,0.000000,66.193182
"matrix_log",5,0,0,10,110608,1576960,128,0,0,4,1,0,0x0,0.000040,1.486089,167.975385,0,0.000000,0.287226,0.230016,0.000000,66.096866
"matrix_log",6,0,0,11,110608,1576960,128,0,0,4,1,0,0x0,0.000040,1.477682,163.776000,0,0.000000,0.295731,0.238845,0.000000,66.193182
"matrix_log",7,0,0,12,110608,1576960,128,0,0,4,1,0,0x0,0.000040,1.493581,167.975385,0,0.000000,0.303245,0.241021,0.000000,66.005666
"matrix_log",8,0,0,13,110608,1576960,128,0,0,4,1,0,0x0,0.000040,1.480959,163.776000,0,0.000000,0.353009,0.238984,0.000000,64.896755
"matrix_log",9,0,0,14,110608,1576960,128,0,0,4,1,0,0x0,0.000037,1.622307,181.973333,0,0.000000,0.168540,0.043632,0.000000,84.057971
"matrix_log",10,0,0,15,110608,1576960,128,0,0,4,1,0,0x0,0.000038,1.574122,177.055135,0,0.000000,0.096294,0.035695,0.000000,84.115523
