kernel-name,dispatch,gpu-id,queue-id,queue-index,tid,grd,wgr,lds,scr,vgpr,sgpr,fbar,sig,time,VALUBusy,performance,LDSInsts,LDSBankConflict,L1MemoryBusy,L1MemoryStalled,L2WriteUnitStalled,L2CacheHit
"matrix_sign",0,0,0,4,127502,4112768,16,0,0,1,1,0,0x0,0.000649,0.776335,101.718977,0,0.000000,0.027081,0.002383,0.000000,89.677419
"matrix_sign",1,0,0,6,127502,4112768,16,0,0,1,1,0,0x0,0.000654,0.770599,101.095890,0,0.000000,0.040907,0.016392,0.000000,77.008310
"matrix_sign",2,0,0,7,127502,4112768,16,0,0,1,1,0,0x0,0.000650,0.774924,101.562486,0,0.000000,0.041017,0.016363,0.000000,56.275304
"matrix_sign",3,0,0,8,127502,4112768,16,0,0,1,1,0,0x0,0.000654,0.770283,100.941309,0,0.000000,0.042395,0.017890,0.000000,56.504065
"matrix_sign",4,0,0,9,127502,4112768,16,0,0,1,1,0,0x0,0.000652,0.773250,101.406476,0,0.000000,0.038267,0.016400,0.000000,57.201646
"matrix_sign",5,0,0,10,127502,4112768,16,0,0,1,1,0,0x0,0.000655,0.769392,100.941309,0,0.000000,0.026839,0.002362,0.000000,56.161616
"matrix_sign",6,0,0,11,127502,4112768,16,0,0,1,1,0,0x0,0.000652,0.772771,101.250945,0,0.000000,0.041214,0.016630,0.000000,88.817891
"matrix_sign",7,0,0,12,127502,4112768,16,0,0,1,1,0,0x0,0.000649,0.776182,101.718977,0,0.000000,0.027076,0.002383,0.000000,89.677419
"matrix_sign",8,0,0,13,127502,4112768,16,0,0,1,1,0,0x0,0.000649,0.776017,101.718977,0,0.000000,0.027070,0.002382,0.000000,89.677419
"matrix_sign",9,0,0,14,127502,4112768,16,0,0,1,1,0,0x0,0.000649,0.776165,101.718977,0,0.000000,0.027075,0.002383,0.000000,89.677419
"matrix_sign",10,0,0,15,127502,4112768,16,0,0,1,1,0,0x0,0.000649,0.776197,101.718977,0,0.000000,0.027077,0.002383,0.000000,89.677419
