kernel-name,dispatch,gpu-id,queue-id,queue-index,tid,grd,wgr,lds,scr,vgpr,sgpr,fbar,sig,time,VALUBusy,performance,LDSInsts,LDSBankConflict,L1MemoryBusy,L1MemoryStalled,L2WriteUnitStalled,L2CacheHit
"_Z5vsigniPKdPd",0,0,0,4,10195,61440,256,0,0,1,1,0,0x0,0.000009,0.208375,28.046222,0,0.000000,0.491380,0.139196,0.000000,83.248731
"_Z5vsigniPKdPd",1,0,0,6,10195,61440,256,0,0,1,1,0,0x0,0.000013,0.147860,19.416615,0,0.000000,0.362957,0.098772,0.000000,66.396761
"_Z5vsigniPKdPd",2,0,0,7,10195,61440,256,0,0,1,1,0,0x0,0.000009,0.206450,28.046222,0,0.000000,0.367207,0.018277,0.000000,83.248731
"_Z5vsigniPKdPd",3,0,0,8,10195,61440,256,0,0,1,1,0,0x0,0.000011,0.172983,22.946909,0,0.000000,0.441332,0.115554,0.000000,66.396761
"_Z5vsigniPKdPd",4,0,0,9,10195,61440,256,0,0,1,1,0,0x0,0.000011,0.177490,25.241600,0,0.000000,0.441403,0.118565,0.000000,66.396761
"_Z5vsigniPKdPd",5,0,0,10,10195,61440,256,0,0,1,1,0,0x0,0.000011,0.172493,22.946909,0,0.000000,0.445635,0.115227,0.000000,66.396761
"_Z5vsigniPKdPd",6,0,0,11,10195,61440,256,0,0,1,1,0,0x0,0.000012,0.155944,21.034667,0,0.000000,0.407902,0.104172,0.000000,66.396761
"_Z5vsigniPKdPd",7,0,0,12,10195,61440,256,0,0,1,1,0,0x0,0.000013,0.150278,21.034667,0,0.000000,0.373730,0.100387,0.000000,66.396761
"_Z5vsigniPKdPd",8,0,0,13,10195,61440,256,0,0,1,1,0,0x0,0.000012,0.165534,22.946909,0,0.000000,0.448974,0.110578,0.000000,66.396761
"_Z5vsigniPKdPd",9,0,0,14,10195,61440,256,0,0,1,1,0,0x0,0.000010,0.199515,28.046222,0,0.000000,0.354872,0.017663,0.000000,83.248731
"_Z5vsigniPKdPd",10,0,0,15,10195,61440,256,0,0,1,1,0,0x0,0.000010,0.199630,28.046222,0,0.000000,0.355077,0.017674,0.000000,83.248731
