kernel-name,dispatch,gpu-id,queue-id,queue-index,tid,grd,wgr,lds,scr,vgpr,sgpr,fbar,sig,time,VALUBusy,performance,LDSInsts,LDSBankConflict,L1MemoryBusy,L1MemoryStalled,L2WriteUnitStalled,L2CacheHit
"_Z13subgradweightPfS_S_S_iiiiiiif",0,0,0,8,86612,1517824,16,4096,0,7,6,0,0x0,0.000280,45.731990,5266.142050,1138368,0.000000,61.458624,7.213642,0.000000,99.964054
"_Z13subgradweightPfS_S_S_iiiiiiif",1,0,0,10,86612,1517824,16,4096,0,7,6,0,0x0,0.000286,44.760193,5155.275902,1138368,0.000000,60.343234,7.096787,0.000000,99.916896
"_Z13subgradweightPfS_S_S_iiiiiiif",2,0,0,11,86612,1517824,16,4096,0,7,6,0,0x0,0.000280,45.694394,5266.142050,1138368,0.000000,61.467187,7.199614,0.000000,99.964191
"_Z13subgradweightPfS_S_S_iiiiiiif",3,0,0,12,86612,1517824,16,4096,0,7,6,0,0x0,0.000286,44.629525,5137.250462,1138368,0.000000,60.489167,7.569655,0.000000,99.785829
"_Z13subgradweightPfS_S_S_iiiiiiif",4,0,0,13,86612,1517824,16,4096,0,7,6,0,0x0,0.000282,45.277074,5210.119262,1138368,0.000000,60.641304,7.138454,0.000000,99.963671
"_Z13subgradweightPfS_S_S_iiiiiiif",5,0,0,14,86612,1517824,16,4096,0,7,6,0,0x0,0.000284,45.050909,5191.708947,1138368,0.000000,60.548120,7.131703,0.000000,99.917334
"_Z13subgradweightPfS_S_S_iiiiiiif",6,0,0,15,86612,1517824,16,4096,0,7,6,0,0x0,0.000283,45.102365,5191.708947,1138368,0.000000,60.534039,7.150212,0.000000,99.918443
"_Z13subgradweightPfS_S_S_iiiiiiif",7,0,0,16,86612,1517824,16,4096,0,7,6,0,0x0,0.000284,44.991752,5173.428282,1138368,0.000000,60.469932,7.124208,0.000000,99.916027
"_Z13subgradweightPfS_S_S_iiiiiiif",8,0,0,17,86612,1517824,16,4096,0,7,6,0,0x0,0.000281,45.524763,5247.334400,1138368,0.000000,61.136403,7.184794,0.000000,99.964020
"_Z13subgradweightPfS_S_S_iiiiiiif",9,0,0,18,86612,1517824,16,4096,0,7,6,0,0x0,0.000280,45.715023,5266.142050,1138368,0.000000,61.357937,7.227728,0.000000,99.964171
"_Z13subgradweightPfS_S_S_iiiiiiif",10,0,0,19,86612,1517824,16,4096,0,7,6,0,0x0,0.000281,45.569286,5247.334400,1138368,0.000000,61.411007,7.194048,0.000000,99.964057
