kernel-name,dispatch,gpu-id,queue-id,queue-index,tid,grd,wgr,lds,scr,vgpr,sgpr,fbar,sig,time,VALUBusy,performance,LDSInsts,LDSBankConflict,L1MemoryBusy,L1MemoryStalled,L2WriteUnitStalled,L2CacheHit
"_Z8kAdagradPfS_fi",0,0,0,4,114237,1517824,64,0,0,3,1,0,0x0,0.000065,3.660932,341.880000,0,0.000000,0.258478,0.029203,0.000000,93.771626
"_Z8kAdagradPfS_fi",1,0,0,6,114237,1517824,64,0,0,3,1,0,0x0,0.000069,3.443993,321.769412,0,0.000000,0.243162,0.064253,0.000000,85.895404
"_Z8kAdagradPfS_fi",2,0,0,7,114237,1517824,64,0,0,3,1,0,0x0,0.000065,3.658319,341.880000,0,0.000000,0.258294,0.029182,0.000000,93.771626
"_Z8kAdagradPfS_fi",3,0,0,8,114237,1517824,64,0,0,3,1,0,0x0,0.000067,3.552825,331.520000,0,0.000000,0.250846,0.063941,0.000000,85.895404
"_Z8kAdagradPfS_fi",4,0,0,9,114237,1517824,64,0,0,3,1,0,0x0,0.000067,3.559896,331.520000,0,0.000000,0.251110,0.065946,0.000000,85.624013
"_Z8kAdagradPfS_fi",5,0,0,10,114237,1517824,64,0,0,3,1,0,0x0,0.000067,3.552592,331.520000,0,0.000000,0.250829,0.066513,0.000000,85.624013
"_Z8kAdagradPfS_fi",6,0,0,11,114237,1517824,64,0,0,3,1,0,0x0,0.000067,3.544954,331.520000,0,0.000000,0.250290,0.067071,0.000000,85.895404
"_Z8kAdagradPfS_fi",7,0,0,12,114237,1517824,64,0,0,3,1,0,0x0,0.000067,3.544954,331.520000,0,0.000000,0.250290,0.064500,0.000000,85.488959
"_Z8kAdagradPfS_fi",8,0,0,13,114237,1517824,64,0,0,3,1,0,0x0,0.000065,3.653420,341.880000,0,0.000000,0.255780,0.029143,0.000000,93.771626
"_Z8kAdagradPfS_fi",9,0,0,14,114237,1517824,64,0,0,3,1,0,0x0,0.000065,3.651767,341.880000,0,0.000000,0.257831,0.029129,0.000000,93.771626
"_Z8kAdagradPfS_fi",10,0,0,15,114237,1517824,64,0,0,3,1,0,0x0,0.000065,3.654300,341.880000,0,0.000000,0.258010,0.029150,0.000000,93.771626
