kernel-name,dispatch,gpu-id,queue-id,queue-index,tid,grd,wgr,lds,scr,vgpr,sgpr,fbar,sig,time,VALUBusy,performance,LDSInsts,LDSBankConflict,L1MemoryBusy,L1MemoryStalled,L2WriteUnitStalled,L2CacheHit
"_Z15sphereTransformPfj",0,0,0,2,37414,1576960,64,0,0,2,1,0,0x0,0.000068,0.720298,95.522388,0,0.000000,0.063950,0.010122,0.000000,88.129496
"_Z15sphereTransformPfj",1,0,0,4,37414,1576960,64,0,0,2,1,0,0x0,0.000071,0.687160,90.140845,0,0.000000,0.061008,0.027432,0.000000,74.695122
"_Z15sphereTransformPfj",2,0,0,5,37414,1576960,64,0,0,2,1,0,0x0,0.000067,0.729895,95.522388,0,0.000000,0.064802,0.010256,0.000000,88.129496
"_Z15sphereTransformPfj",3,0,0,6,37414,1576960,64,0,0,2,1,0,0x0,0.000069,0.710311,94.117647,0,0.000000,0.063063,0.027675,0.000000,74.695122
"_Z15sphereTransformPfj",4,0,0,7,37414,1576960,64,0,0,2,1,0,0x0,0.000069,0.710227,94.117647,0,0.000000,0.063056,0.028352,0.000000,74.695122
"_Z15sphereTransformPfj",5,0,0,8,37414,1576960,64,0,0,2,1,0,0x0,0.000069,0.708485,92.753623,0,0.000000,0.062901,0.028735,0.000000,74.695122
"_Z15sphereTransformPfj",6,0,0,9,37414,1576960,64,0,0,2,1,0,0x0,0.000069,0.706497,92.753623,0,0.000000,0.062724,0.027527,0.000000,74.468085
"_Z15sphereTransformPfj",7,0,0,10,37414,1576960,64,0,0,2,1,0,0x0,0.000069,0.707269,92.753623,0,0.000000,0.062793,0.028234,0.000000,74.695122
"_Z15sphereTransformPfj",8,0,0,11,37414,1576960,64,0,0,2,1,0,0x0,0.000067,0.729310,95.522388,0,0.000000,0.064750,0.010248,0.000000,88.129496
"_Z15sphereTransformPfj",9,0,0,12,37414,1576960,64,0,0,2,1,0,0x0,0.000067,0.727683,95.522388,0,0.000000,0.064605,0.010225,0.000000,88.129496
"_Z15sphereTransformPfj",10,0,0,13,37414,1576960,64,0,0,2,1,0,0x0,0.000067,0.727359,95.522388,0,0.000000,0.064577,0.010221,0.000000,88.129496
