kernel-name,dispatch,gpu-id,queue-id,queue-index,tid,grd,wgr,lds,scr,vgpr,sgpr,fbar,sig,time,VALUBusy,performance,LDSInsts,LDSBankConflict,L1MemoryBusy,L1MemoryStalled,L2WriteUnitStalled,L2CacheHit
"_Z14UnpackPointersPiS_iii",0,0,0,4,9988,246016,16,0,0,9,2,0,0x0,0.001287,49.890568,5791.132467,0,0.000000,64.138902,0.000000,0.000000,99.841380
"_Z14UnpackPointersPiS_iii",1,0,0,6,9988,246016,16,0,0,9,2,0,0x0,0.001290,49.780512,5777.654268,0,0.000000,63.927503,0.000000,0.000000,99.805729
"_Z14UnpackPointersPiS_iii",2,0,0,7,9988,246016,16,0,0,9,2,0,0x0,0.001291,49.731813,5773.175467,0,0.000000,64.723941,0.000000,0.000000,99.761965
"_Z14UnpackPointersPiS_iii",3,0,0,8,9988,246016,16,0,0,9,2,0,0x0,0.001292,49.683301,5764.238663,0,0.000000,63.860372,0.000000,0.000000,99.772471
"_Z14UnpackPointersPiS_iii",4,0,0,9,9988,246016,16,0,0,9,2,0,0x0,0.001310,49.023949,5689.378420,0,0.000000,62.703833,0.000000,0.000000,99.772162
"_Z14UnpackPointersPiS_iii",5,0,0,10,9988,246016,16,0,0,9,2,0,0x0,0.001303,49.251521,5715.576632,0,0.000000,63.020439,0.000000,0.000000,99.841294
"_Z14UnpackPointersPiS_iii",6,0,0,11,9988,246016,16,0,0,9,2,0,0x0,0.001303,49.279637,5719.966476,0,0.000000,62.514662,0.000000,0.000000,99.841866
"_Z14UnpackPointersPiS_iii",7,0,0,12,9988,246016,16,0,0,9,2,0,0x0,0.001302,49.300754,5719.966476,0,0.000000,62.946531,0.000000,0.000000,99.841380
"_Z14UnpackPointersPiS_iii",8,0,0,13,9988,246016,16,0,0,9,2,0,0x0,0.001300,49.393287,5733.176560,0,0.000000,63.511098,0.000000,0.000000,99.841866
"_Z14UnpackPointersPiS_iii",9,0,0,14,9988,246016,16,0,0,9,2,0,0x0,0.001304,49.221208,5711.193521,0,0.000000,63.229510,0.000000,0.000000,99.841136
"_Z14UnpackPointersPiS_iii",10,0,0,15,9988,246016,16,0,0,9,2,0,0x0,0.001306,49.165009,5706.817128,0,0.000000,63.176723,0.000000,0.000000,99.841380
