kernel-name,dispatch,gpu-id,queue-id,queue-index,tid,grd,wgr,lds,scr,vgpr,sgpr,fbar,sig,time,VALUBusy,performance,LDSInsts,LDSBankConflict,L1MemoryBusy,L1MemoryStalled,L2WriteUnitStalled,L2CacheHit
"multiply",0,0,0,6,86469,92160,192,0,0,1,1,0,0x0,0.000013,4.739110,496.246154,0,0.000000,5.207037,0.613930,0.000000,96.395131
"multiply",1,0,0,8,86469,92160,192,0,0,1,1,0,0x0,0.000017,3.572331,379.482353,0,0.000000,3.807780,0.603507,0.000000,93.761384
"multiply",2,0,0,9,86469,92160,192,0,0,1,1,0,0x0,0.000013,4.787697,537.600000,0,0.000000,5.006529,0.500532,0.000000,96.395131
"multiply",3,0,0,10,86469,92160,192,0,0,1,1,0,0x0,0.000015,4.049742,430.080000,0,0.000000,4.382108,0.744498,0.000000,93.889649
"multiply",4,0,0,11,86469,92160,192,0,0,1,1,0,0x0,0.000015,4.010370,430.080000,0,0.000000,4.272665,0.713967,0.000000,93.889649
"multiply",5,0,0,12,86469,92160,192,0,0,1,1,0,0x0,0.000016,3.962536,430.080000,0,0.000000,4.452850,0.677434,0.000000,93.889649
"multiply",6,0,0,13,86469,92160,192,0,0,1,1,0,0x0,0.000017,3.748864,403.200000,0,0.000000,4.133217,0.689185,0.000000,93.761384
"multiply",7,0,0,14,86469,92160,192,0,0,1,1,0,0x0,0.000016,3.761112,403.200000,0,0.000000,4.020401,0.669592,0.000000,93.889649
"multiply",8,0,0,15,86469,92160,192,0,0,1,1,0,0x0,0.000016,3.801259,403.200000,0,0.000000,4.176586,0.637383,0.000000,93.804100
"multiply",9,0,0,16,86469,92160,192,0,0,1,1,0,0x0,0.000014,4.567263,496.246154,0,0.000000,4.869441,0.506320,0.000000,96.395131
"multiply",10,0,0,17,86469,92160,192,0,0,1,1,0,0x0,0.000014,4.498364,496.246154,0,0.000000,4.714195,0.535033,0.000000,96.395131
