kernel-name,dispatch,gpu-id,queue-id,queue-index,tid,grd,wgr,lds,scr,vgpr,sgpr,fbar,sig,time,VALUBusy,performance,LDSInsts,LDSBankConflict,L1MemoryBusy,L1MemoryStalled,L2WriteUnitStalled,L2CacheHit
"_Z16kSetSelectedRowsPfS_S_iii",0,0,0,6,13603,1032256,64,128,0,2,2,0,0x0,0.000046,0.460299,59.966578,254,0.000000,0.402180,0.033771,0.000000,97.260274
"_Z16kSetSelectedRowsPfS_S_iii",1,0,0,8,13603,1032256,64,128,0,2,2,0,0x0,0.000050,0.423607,55.071347,254,0.000000,0.370122,0.132478,0.000000,86.284722
"_Z16kSetSelectedRowsPfS_S_iii",2,0,0,9,13603,1032256,64,128,0,2,2,0,0x0,0.000046,0.458996,59.966578,254,0.000000,0.401042,0.033675,0.000000,97.260274
"_Z16kSetSelectedRowsPfS_S_iii",3,0,0,10,13603,1032256,64,128,0,2,2,0,0x0,0.000048,0.442615,57.414809,254,0.000000,0.386730,0.139078,0.000000,86.434783
"_Z16kSetSelectedRowsPfS_S_iii",4,0,0,11,13603,1032256,64,128,0,2,2,0,0x0,0.000048,0.442215,57.414809,254,0.000000,0.386380,0.137969,0.000000,86.434783
"_Z16kSetSelectedRowsPfS_S_iii",5,0,0,12,13603,1032256,64,128,0,2,2,0,0x0,0.000048,0.441706,57.414809,254,0.000000,0.385935,0.136174,0.000000,86.135182
"_Z16kSetSelectedRowsPfS_S_iii",6,0,0,13,13603,1032256,64,128,0,2,2,0,0x0,0.000048,0.439782,57.414809,254,0.000000,0.384254,0.135907,0.000000,86.284722
"_Z16kSetSelectedRowsPfS_S_iii",7,0,0,14,13603,1032256,64,128,0,2,2,0,0x0,0.000048,0.438576,56.218667,254,0.000000,0.383200,0.134234,0.000000,86.284722
"_Z16kSetSelectedRowsPfS_S_iii",8,0,0,15,13603,1032256,64,128,0,2,2,0,0x0,0.000046,0.458771,59.966578,254,0.000000,0.400846,0.033659,0.000000,97.260274
"_Z16kSetSelectedRowsPfS_S_iii",9,0,0,16,13603,1032256,64,128,0,2,2,0,0x0,0.000046,0.458796,59.966578,254,0.000000,0.400868,0.033661,0.000000,97.260274
"_Z16kSetSelectedRowsPfS_S_iii",10,0,0,17,13603,1032256,64,128,0,2,2,0,0x0,0.000046,0.459277,59.966578,254,0.000000,0.401288,0.033696,0.000000,97.260274
