kernel-name,dispatch,gpu-id,queue-id,queue-index,tid,grd,wgr,lds,scr,vgpr,sgpr,fbar,sig,time,VALUBusy,performance,LDSInsts,LDSBankConflict,L1MemoryBusy,L1MemoryStalled,L2WriteUnitStalled,L2CacheHit
"_Z13staticReversePii",0,0,0,2,57247,1576960,128,256,0,0,0,0,0x0,0.000037,1.977570,262.826667,49280,0.000000,37.173615,4.215821,0.000000,99.983363
"_Z13staticReversePii",1,0,0,4,57247,1576960,128,256,0,0,0,0,0x0,0.000043,1.696783,225.280000,49280,0.000000,32.062950,3.449758,0.000000,99.672892
"_Z13staticReversePii",2,0,0,5,57247,1576960,128,256,0,0,0,0,0x0,0.000036,1.977943,262.826667,49280,0.000000,36.588091,3.853564,0.000000,99.983339
"_Z13staticReversePii",3,0,0,6,57247,1576960,128,256,0,0,0,0,0x0,0.000040,1.795402,236.544000,49280,0.000000,33.675833,3.685237,0.000000,99.671256
"_Z13staticReversePii",4,0,0,7,57247,1576960,128,256,0,0,0,0,0x0,0.000040,1.789532,236.544000,49280,0.000000,33.361997,3.610827,0.000000,99.671450
"_Z13staticReversePii",5,0,0,8,57247,1576960,128,256,0,0,0,0,0x0,0.000041,1.779058,236.544000,49280,0.000000,33.349250,3.652460,0.000000,99.672544
"_Z13staticReversePii",6,0,0,9,57247,1576960,128,256,0,0,0,0,0x0,0.000041,1.756814,230.774634,49280,0.000000,33.119752,3.716309,0.000000,99.672452
"_Z13staticReversePii",7,0,0,10,57247,1576960,128,256,0,0,0,0,0x0,0.000041,1.755479,230.774634,49280,0.000000,33.320288,3.767821,0.000000,99.675597
"_Z13staticReversePii",8,0,0,11,57247,1576960,128,256,0,0,0,0,0x0,0.000037,1.971427,262.826667,49280,0.000000,36.323331,4.040572,0.000000,99.983304
"_Z13staticReversePii",9,0,0,12,57247,1576960,128,256,0,0,0,0,0x0,0.000037,1.971730,262.826667,49280,0.000000,36.714295,4.100516,0.000000,99.983401
"_Z13staticReversePii",10,0,0,13,57247,1576960,128,256,0,0,0,0,0x0,0.000037,1.972269,262.826667,49280,0.000000,36.834039,4.110174,0.000000,99.983389
