kernel-name,dispatch,gpu-id,queue-id,queue-index,tid,grd,wgr,lds,scr,vgpr,sgpr,fbar,sig,time,VALUBusy,performance,LDSInsts,LDSBankConflict,L1MemoryBusy,L1MemoryStalled,L2WriteUnitStalled,L2CacheHit
"_Z17col2im_gpu_kerneliPKfiiiiiiiPf",0,0,0,4,101788,246016,64,0,0,5,4,0,0x0,0.000016,1.175333,142.848000,0,0.000000,0.444594,0.054339,0.000000,90.576923
"_Z17col2im_gpu_kerneliPKfiiiiiiiPf",1,0,0,6,101788,246016,64,0,0,5,4,0,0x0,0.000020,0.945287,112.774737,0,0.000000,0.357574,0.163690,0.000000,77.722772
"_Z17col2im_gpu_kerneliPKfiiiiiiiPf",2,0,0,7,101788,246016,64,0,0,5,4,0,0x0,0.000016,1.182718,142.848000,0,0.000000,0.447387,0.054681,0.000000,90.576923
"_Z17col2im_gpu_kerneliPKfiiiiiiiPf",3,0,0,8,101788,246016,64,0,0,5,4,0,0x0,0.000018,1.061104,126.042353,0,0.000000,0.401384,0.186421,0.000000,77.851240
"_Z17col2im_gpu_kerneliPKfiiiiiiiPf",4,0,0,9,101788,246016,64,0,0,5,4,0,0x0,0.000018,1.060650,126.042353,0,0.000000,0.401213,0.186341,0.000000,77.851240
"_Z17col2im_gpu_kerneliPKfiiiiiiiPf",5,0,0,10,101788,246016,64,0,0,5,4,0,0x0,0.000018,1.059932,126.042353,0,0.000000,0.400941,0.181760,0.000000,77.467105
"_Z17col2im_gpu_kerneliPKfiiiiiiiPf",6,0,0,11,101788,246016,64,0,0,5,4,0,0x0,0.000018,1.046100,126.042353,0,0.000000,0.395709,0.180267,0.000000,77.980132
"_Z17col2im_gpu_kerneliPKfiiiiiiiPf",7,0,0,12,101788,246016,64,0,0,5,4,0,0x0,0.000018,1.047390,126.042353,0,0.000000,0.396197,0.185772,0.000000,77.980132
"_Z17col2im_gpu_kerneliPKfiiiiiiiPf",8,0,0,13,101788,246016,64,0,0,5,4,0,0x0,0.000018,1.044264,126.042353,0,0.000000,0.395014,0.185218,0.000000,77.722772
"_Z17col2im_gpu_kerneliPKfiiiiiiiPf",9,0,0,14,101788,246016,64,0,0,5,4,0,0x0,0.000016,1.175379,142.848000,0,0.000000,0.444611,0.054341,0.000000,90.576923
"_Z17col2im_gpu_kerneliPKfiiiiiiiPf",10,0,0,15,101788,246016,64,0,0,5,4,0,0x0,0.000016,1.178593,142.848000,0,0.000000,0.445827,0.054490,0.000000,90.576923
