kernel-name,dispatch,gpu-id,queue-id,queue-index,tid,grd,wgr,lds,scr,vgpr,sgpr,fbar,sig,time,VALUBusy,performance,LDSInsts,LDSBankConflict,L1MemoryBusy,L1MemoryStalled,L2WriteUnitStalled,L2CacheHit
"_Z4cubePfS_",0,0,0,4,87066,1517824,256,0,0,0,0,0,0x0,0.000024,2.869019,379.456000,0,0.000000,26.123284,2.670460,0.000000,99.974866
"_Z4cubePfS_",1,0,0,6,87066,1517824,256,0,0,0,0,0,0x0,0.000031,2.264452,303.564800,0,0.000000,24.311511,3.877844,0.000000,99.284466
"_Z4cubePfS_",2,0,0,7,87066,1517824,256,0,0,0,0,0,0x0,0.000024,2.865174,379.456000,0,0.000000,26.490335,2.724871,0.000000,99.974866
"_Z4cubePfS_",3,0,0,8,87066,1517824,256,0,0,0,0,0,0x0,0.000028,2.449028,325.248000,0,0.000000,26.230366,4.127288,0.000000,99.272077
"_Z4cubePfS_",4,0,0,9,87066,1517824,256,0,0,0,0,0,0x0,0.000029,2.437056,325.248000,0,0.000000,26.227639,4.193704,0.000000,99.272077
"_Z4cubePfS_",5,0,0,10,87066,1517824,256,0,0,0,0,0,0x0,0.000028,2.459159,325.248000,0,0.000000,26.101624,4.079105,0.000000,99.288597
"_Z4cubePfS_",6,0,0,11,87066,1517824,256,0,0,0,0,0,0x0,0.000029,2.418657,325.248000,0,0.000000,25.741901,4.049453,0.000000,99.309254
"_Z4cubePfS_",7,0,0,12,87066,1517824,256,0,0,0,0,0,0x0,0.000029,2.401105,325.248000,0,0.000000,26.018920,4.175576,0.000000,99.288597
"_Z4cubePfS_",8,0,0,13,87066,1517824,256,0,0,0,0,0,0x0,0.000024,2.845811,379.456000,0,0.000000,25.692453,2.698136,0.000000,99.974866
"_Z4cubePfS_",9,0,0,14,87066,1517824,256,0,0,0,0,0,0x0,0.000025,2.814684,379.456000,0,0.000000,25.796283,2.769268,0.000000,99.974866
"_Z4cubePfS_",10,0,0,15,87066,1517824,256,0,0,0,0,0,0x0,0.000024,2.850262,379.456000,0,0.000000,26.086455,2.683127,0.000000,99.974866
