kernel-name,dispatch,gpu-id,queue-id,queue-index,tid,grd,wgr,lds,scr,vgpr,sgpr,fbar,sig,time,VALUBusy,performance,LDSInsts,LDSBankConflict,L1MemoryBusy,L1MemoryStalled,L2WriteUnitStalled,L2CacheHit
"_Z9__linCombPffS_fS_i",0,0,0,6,43129,1040384,32,0,0,2,2,0,0x0,0.000087,3.654525,338.759442,0,0.000000,0.023558,0.001978,0.000000,84.489796
"_Z9__linCombPffS_fS_i",1,0,0,8,43129,1040384,32,0,0,2,2,0,0x0,0.000091,3.488717,320.146286,0,0.000000,0.016138,0.100946,0.000000,69.696970
"_Z9__linCombPffS_fS_i",2,0,0,9,43129,1040384,32,0,0,2,2,0,0x0,0.000087,3.653895,338.759442,0,0.000000,0.016902,0.016362,0.000000,84.489796
"_Z9__linCombPffS_fS_i",3,0,0,10,43129,1040384,32,0,0,2,2,0,0x0,0.000089,3.577401,331.060364,0,0.000000,0.016548,0.102103,0.000000,69.696970
"_Z9__linCombPffS_fS_i",4,0,0,11,43129,1040384,32,0,0,2,2,0,0x0,0.000089,3.577427,331.060364,0,0.000000,0.023061,0.101576,0.000000,69.696970
"_Z9__linCombPffS_fS_i",5,0,0,12,43129,1040384,32,0,0,2,2,0,0x0,0.000089,3.570236,331.060364,0,0.000000,0.016515,0.102953,0.000000,69.696970
"_Z9__linCombPffS_fS_i",6,0,0,13,43129,1040384,32,0,0,2,2,0,0x0,0.000089,3.564525,327.340584,0,0.000000,0.016488,0.103139,0.000000,69.696970
"_Z9__linCombPffS_fS_i",7,0,0,14,43129,1040384,32,0,0,2,2,0,0x0,0.000089,3.568230,331.060364,0,0.000000,0.016505,0.105529,0.000000,69.696970
"_Z9__linCombPffS_fS_i",8,0,0,15,43129,1040384,32,0,0,2,2,0,0x0,0.000087,3.649406,334.865655,0,0.000000,0.023525,0.013828,0.000000,84.489796
"_Z9__linCombPffS_fS_i",9,0,0,16,43129,1040384,32,0,0,2,2,0,0x0,0.000087,3.653553,338.759442,0,0.000000,0.016900,0.016540,0.000000,84.489796
"_Z9__linCombPffS_fS_i",10,0,0,17,43129,1040384,32,0,0,2,2,0,0x0,0.000087,3.651242,338.759442,0,0.000000,0.016889,0.001976,0.000000,84.489796
