kernel-name,dispatch,gpu-id,queue-id,queue-index,tid,grd,wgr,lds,scr,vgpr,sgpr,fbar,sig,time,VALUBusy,performance,LDSInsts,LDSBankConflict,L1MemoryBusy,L1MemoryStalled,L2WriteUnitStalled,L2CacheHit
"_Z13order10KernelPdS_S_dS_",0,0,0,8,65040,2822400,16,0,0,3,1,0,0x0,0.000878,37.864008,642.915718,0,0.000000,93.819777,6.099808,0.000000,99.996602
"_Z13order10KernelPdS_S_dS_",1,0,0,10,65040,2822400,16,0,0,3,1,0,0x0,0.000838,39.693089,674.408602,0,0.000000,98.505455,7.184104,0.000000,99.962632
"_Z13order10KernelPdS_S_dS_",2,0,0,11,65040,2822400,16,0,0,3,1,0,0x0,0.000835,39.819304,676.834532,0,0.000000,98.840785,6.980907,0.000000,99.953917
"_Z13order10KernelPdS_S_dS_",3,0,0,12,65040,2822400,16,0,0,3,1,0,0x0,0.000880,37.770853,641.454545,0,0.000000,93.767920,6.872711,0.000000,99.955502
"_Z13order10KernelPdS_S_dS_",4,0,0,13,65040,2822400,16,0,0,3,1,0,0x0,0.000833,39.901681,677.647059,0,0.000000,98.872441,7.231684,0.000000,99.996489
"_Z13order10KernelPdS_S_dS_",5,0,0,14,65040,2822400,16,0,0,3,1,0,0x0,0.000839,39.631011,673.603819,0,0.000000,98.370786,7.211853,0.000000,99.962859
"_Z13order10KernelPdS_S_dS_",6,0,0,15,65040,2822400,16,0,0,3,1,0,0x0,0.000831,40.001175,679.277978,0,0.000000,99.124846,7.286864,0.000000,99.996602
"_Z13order10KernelPdS_S_dS_",7,0,0,16,65040,2822400,16,0,0,3,1,0,0x0,0.000831,39.998020,679.277978,0,0.000000,99.112471,7.227320,0.000000,99.996602
"_Z13order10KernelPdS_S_dS_",8,0,0,17,65040,2822400,16,0,0,3,1,0,0x0,0.000831,39.992573,679.277978,0,0.000000,99.102931,7.162941,0.000000,99.996602
"_Z13order10KernelPdS_S_dS_",9,0,0,18,65040,2822400,16,0,0,3,1,0,0x0,0.000831,39.994312,679.277978,0,0.000000,99.107121,7.224415,0.000000,99.996602
"_Z13order10KernelPdS_S_dS_",10,0,0,19,65040,2822400,16,0,0,3,1,0,0x0,0.000831,40.004444,679.277978,0,0.000000,99.124135,7.216996,0.000000,99.996602
