kernel-name,dispatch,gpu-id,queue-id,queue-index,tid,grd,wgr,lds,scr,vgpr,sgpr,fbar,sig,time,VALUBusy,performance,LDSInsts,LDSBankConflict,L1MemoryBusy,L1MemoryStalled,L2WriteUnitStalled,L2CacheHit
"_Z13order10KernelPdS_S_dS_",0,0,0,8,61173,253952,32,0,0,3,1,0,0x0,0.000045,33.392153,577.163636,0,0.000000,84.182712,5.246616,0.000000,99.913846
"_Z13order10KernelPdS_S_dS_",1,0,0,10,61173,253952,32,0,0,3,1,0,0x0,0.000051,29.487509,507.904000,0,0.000000,75.906235,5.608674,0.000000,99.324014
"_Z13order10KernelPdS_S_dS_",2,0,0,11,61173,253952,32,0,0,3,1,0,0x0,0.000045,33.394082,577.163636,0,0.000000,84.144504,5.369701,0.000000,99.913846
"_Z13order10KernelPdS_S_dS_",3,0,0,12,61173,253952,32,0,0,3,1,0,0x0,0.000050,30.047345,518.269388,0,0.000000,77.444192,5.774784,0.000000,99.324014
"_Z13order10KernelPdS_S_dS_",4,0,0,13,61173,253952,32,0,0,3,1,0,0x0,0.000050,30.078370,518.269388,0,0.000000,77.537516,5.825667,0.000000,99.324014
"_Z13order10KernelPdS_S_dS_",5,0,0,14,61173,253952,32,0,0,3,1,0,0x0,0.000050,29.730495,507.904000,0,0.000000,76.729878,5.710461,0.000000,99.320976
"_Z13order10KernelPdS_S_dS_",6,0,0,15,61173,253952,32,0,0,3,1,0,0x0,0.000051,29.545546,507.904000,0,0.000000,76.564487,5.838508,0.000000,99.317939
"_Z13order10KernelPdS_S_dS_",7,0,0,16,61173,253952,32,0,0,3,1,0,0x0,0.000051,29.591153,507.904000,0,0.000000,76.544649,5.650935,0.000000,99.324014
"_Z13order10KernelPdS_S_dS_",8,0,0,17,61173,253952,32,0,0,3,1,0,0x0,0.000095,15.710081,267.317895,0,0.000000,40.588731,2.944970,0.000000,99.324014
"_Z13order10KernelPdS_S_dS_",9,0,0,18,61173,253952,32,0,0,3,1,0,0x0,0.000047,31.704058,540.323404,0,0.000000,79.817450,5.083724,0.000000,99.913846
"_Z13order10KernelPdS_S_dS_",10,0,0,19,61173,253952,32,0,0,3,1,0,0x0,0.000045,33.281567,577.163636,0,0.000000,83.752851,5.206305,0.000000,99.913846
