kernel-name,dispatch,gpu-id,queue-id,queue-index,tid,grd,wgr,lds,scr,vgpr,sgpr,fbar,sig,time,VALUBusy,performance,LDSInsts,LDSBankConflict,L1MemoryBusy,L1MemoryStalled,L2WriteUnitStalled,L2CacheHit
"_Z5gfilliPKdPd",0,0,0,4,110316,246016,64,0,0,0,1,0,0x0,0.000015,0.533435,74.258286,0,0.000000,0.375438,0.057359,0.000000,85.779817
"_Z5gfilliPKdPd",1,0,0,6,110316,246016,64,0,0,0,1,0,0x0,0.000021,0.388394,51.980800,0,0.000000,0.377384,0.155662,0.000000,69.776119
"_Z5gfilliPKdPd",2,0,0,7,110316,246016,64,0,0,0,1,0,0x0,0.000015,0.534014,74.258286,0,0.000000,0.375846,0.057421,0.000000,85.779817
"_Z5gfilliPKdPd",3,0,0,8,110316,246016,64,0,0,0,1,0,0x0,0.000018,0.435675,57.756444,0,0.000000,0.428435,0.172907,0.000000,69.516729
"_Z5gfilliPKdPd",4,0,0,9,110316,246016,64,0,0,0,1,0,0x0,0.000018,0.436702,57.756444,0,0.000000,0.432860,0.178437,0.000000,69.259259
"_Z5gfilliPKdPd",5,0,0,10,110316,246016,64,0,0,0,1,0,0x0,0.000018,0.433078,57.756444,0,0.000000,0.425881,0.176110,0.000000,69.516729
"_Z5gfilliPKdPd",6,0,0,11,110316,246016,64,0,0,0,1,0,0x0,0.000019,0.427204,57.756444,0,0.000000,0.417599,0.176227,0.000000,69.516729
"_Z5gfilliPKdPd",7,0,0,12,110316,246016,64,0,0,0,1,0,0x0,0.000019,0.427190,57.756444,0,0.000000,0.379168,0.175386,0.000000,69.516729
"_Z5gfilliPKdPd",8,0,0,13,110316,246016,64,0,0,0,1,0,0x0,0.000019,0.421307,57.756444,0,0.000000,0.420071,0.172970,0.000000,69.776119
"_Z5gfilliPKdPd",9,0,0,14,110316,246016,64,0,0,0,1,0,0x0,0.000015,0.529459,69.307733,0,0.000000,0.372640,0.056931,0.000000,85.779817
"_Z5gfilliPKdPd",10,0,0,15,110316,246016,64,0,0,0,1,0,0x0,0.000015,0.527450,69.307733,0,0.000000,0.313480,0.045372,0.000000,85.779817
