kernel-name,dispatch,gpu-id,queue-id,queue-index,tid,grd,wgr,lds,scr,vgpr,sgpr,fbar,sig,time,VALUBusy,performance,LDSInsts,LDSBankConflict,L1MemoryBusy,L1MemoryStalled,L2WriteUnitStalled,L2CacheHit
"_Z12kSwapColumnsPfS_S_S_iii",0,0,0,8,9768,1048576,256,0,0,2,2,0,0x0,0.008520,89.520405,9433.706799,0,0.000000,95.098002,22.773831,0.000000,99.999623
"_Z12kSwapColumnsPfS_S_S_iii",1,0,0,10,9768,1048576,256,0,0,2,2,0,0x0,0.008527,89.449749,9425.961556,0,0.000000,95.114690,22.836892,0.000000,99.999412
"_Z12kSwapColumnsPfS_S_S_iii",2,0,0,11,9768,1048576,256,0,0,2,2,0,0x0,0.008524,89.472645,9428.173184,0,0.000000,95.077939,22.734119,0.000000,99.999622
"_Z12kSwapColumnsPfS_S_S_iii",3,0,0,12,9768,1048576,256,0,0,2,2,0,0x0,0.008525,89.467096,9428.173184,0,0.000000,95.058134,22.736168,0.000000,99.999622
"_Z12kSwapColumnsPfS_S_S_iii",4,0,0,13,9768,1048576,256,0,0,2,2,0,0x0,0.008527,89.440686,9424.856130,0,0.000000,95.087332,22.886826,0.000000,99.999622
"_Z12kSwapColumnsPfS_S_S_iii",5,0,0,14,9768,1048576,256,0,0,2,2,0,0x0,0.008531,89.399259,9420.437021,0,0.000000,95.044630,22.770545,0.000000,99.999623
"_Z12kSwapColumnsPfS_S_S_iii",6,0,0,15,9768,1048576,256,0,0,2,2,0,0x0,0.008525,89.461130,9427.067240,0,0.000000,95.036432,22.727076,0.000000,99.999623
"_Z12kSwapColumnsPfS_S_S_iii",7,0,0,16,9768,1048576,256,0,0,2,2,0,0x0,0.008519,89.526797,9433.706799,0,0.000000,95.135110,22.695248,0.000000,99.999623
"_Z12kSwapColumnsPfS_S_S_iii",8,0,0,17,9768,1048576,256,0,0,2,2,0,0x0,0.008523,89.489217,9430.385851,0,0.000000,95.174534,22.876816,0.000000,99.999622
"_Z12kSwapColumnsPfS_S_S_iii",9,0,0,18,9768,1048576,256,0,0,2,2,0,0x0,0.008518,89.538930,9434.814302,0,0.000000,95.143033,22.767789,0.000000,99.999623
"_Z12kSwapColumnsPfS_S_S_iii",10,0,0,19,9768,1048576,256,0,0,2,2,0,0x0,0.008531,89.404637,9421.541410,0,0.000000,95.015210,22.727769,0.000000,99.999622
