kernel-name,dispatch,gpu-id,queue-id,queue-index,tid,grd,wgr,lds,scr,vgpr,sgpr,fbar,sig,time,VALUBusy,performance,LDSInsts,LDSBankConflict,L1MemoryBusy,L1MemoryStalled,L2WriteUnitStalled,L2CacheHit
"_Z17reduceUnrollWarpsPiS_j",0,0,0,4,3430,1576960,256,0,0,1,1,0,0x0,0.000065,6.636151,873.393231,443520,0.000000,73.972737,15.136506,0.000000,99.943117
"_Z17reduceUnrollWarpsPiS_j",1,0,0,6,3430,1576960,256,0,0,1,1,0,0x0,0.000069,6.252368,822.761739,443520,0.000000,69.531208,14.040537,0.000000,99.925644
"_Z17reduceUnrollWarpsPiS_j",2,0,0,7,3430,1576960,256,0,0,1,1,0,0x0,0.000066,6.596984,873.393231,443520,0.000000,73.415962,15.391535,0.000000,99.943117
"_Z17reduceUnrollWarpsPiS_j",3,0,0,8,3430,1576960,256,0,0,1,1,0,0x0,0.000067,6.491560,860.160000,443520,0.000000,73.486708,14.817946,0.000000,99.929222
"_Z17reduceUnrollWarpsPiS_j",4,0,0,9,3430,1576960,256,0,0,1,1,0,0x0,0.000068,6.342669,834.861176,443520,0.000000,70.056745,14.039447,0.000000,99.927539
"_Z17reduceUnrollWarpsPiS_j",5,0,0,10,3430,1576960,256,0,0,1,1,0,0x0,0.000068,6.340696,834.861176,443520,0.000000,71.286164,15.115651,0.000000,99.927960
"_Z17reduceUnrollWarpsPiS_j",6,0,0,11,3430,1576960,256,0,0,1,1,0,0x0,0.000119,3.633142,477.063529,443520,0.000000,40.863802,8.268674,0.000000,99.927538
"_Z17reduceUnrollWarpsPiS_j",7,0,0,12,3430,1576960,256,0,0,1,1,0,0x0,0.000069,6.251240,822.761739,443520,0.000000,69.377943,14.563451,0.000000,99.926486
"_Z17reduceUnrollWarpsPiS_j",8,0,0,13,3430,1576960,256,0,0,1,1,0,0x0,0.000066,6.602641,873.393231,443520,0.000000,73.892176,14.410764,0.000000,99.943117
"_Z17reduceUnrollWarpsPiS_j",9,0,0,14,3430,1576960,256,0,0,1,1,0,0x0,0.000066,6.524809,860.160000,443520,0.000000,73.800960,15.020949,0.000000,99.943118
"_Z17reduceUnrollWarpsPiS_j",10,0,0,15,3430,1576960,256,0,0,1,1,0,0x0,0.000067,6.503867,860.160000,443520,0.000000,72.133325,14.927219,0.000000,99.943117
