kernel-name,dispatch,gpu-id,queue-id,queue-index,tid,grd,wgr,lds,scr,vgpr,sgpr,fbar,sig,time,VALUBusy,performance,LDSInsts,LDSBankConflict,L1MemoryBusy,L1MemoryStalled,L2WriteUnitStalled,L2CacheHit
"_Z12ppcg_calc_sdiiiddPKdPd",0,0,0,4,76849,61440,128,0,0,1,1,0,0x0,0.000011,0.201493,26.521600,0,0.000000,0.578456,0.136807,0.000000,82.500000
"_Z12ppcg_calc_sdiiiddPKdPd",1,0,0,6,76849,61440,128,0,0,1,1,0,0x0,0.000016,0.133592,17.681067,0,0.000000,0.870568,0.090705,0.000000,65.737052
"_Z12ppcg_calc_sdiiiddPKdPd",2,0,0,7,76849,61440,128,0,0,1,1,0,0x0,0.000010,0.203772,26.521600,0,0.000000,0.506797,0.033085,0.000000,82.500000
"_Z12ppcg_calc_sdiiiddPKdPd",3,0,0,8,76849,61440,128,0,0,1,1,0,0x0,0.000014,0.155676,20.401231,0,0.000000,1.077665,0.105699,0.000000,65.737052
"_Z12ppcg_calc_sdiiiddPKdPd",4,0,0,9,76849,61440,128,0,0,1,1,0,0x0,0.000014,0.150877,18.944000,0,0.000000,0.983209,0.102441,0.000000,65.737052
"_Z12ppcg_calc_sdiiiddPKdPd",5,0,0,10,76849,61440,128,0,0,1,1,0,0x0,0.000013,0.159067,20.401231,0,0.000000,1.045971,0.108002,0.000000,65.737052
"_Z12ppcg_calc_sdiiiddPKdPd",6,0,0,11,76849,61440,128,0,0,1,1,0,0x0,0.000015,0.139197,17.681067,0,0.000000,0.947156,0.094510,0.000000,65.737052
"_Z12ppcg_calc_sdiiiddPKdPd",7,0,0,12,76849,61440,128,0,0,1,1,0,0x0,0.000016,0.136516,17.681067,0,0.000000,0.930926,0.092690,0.000000,65.737052
"_Z12ppcg_calc_sdiiiddPKdPd",8,0,0,13,76849,61440,128,0,0,1,1,0,0x0,0.000014,0.151261,20.401231,0,0.000000,1.104041,0.102701,0.000000,65.737052
"_Z12ppcg_calc_sdiiiddPKdPd",9,0,0,14,76849,61440,128,0,0,1,1,0,0x0,0.000012,0.183069,24.110545,0,0.000000,0.439094,0.029723,0.000000,82.500000
"_Z12ppcg_calc_sdiiiddPKdPd",10,0,0,15,76849,61440,128,0,0,1,1,0,0x0,0.000011,0.185271,24.110545,0,0.000000,0.455316,0.030081,0.000000,82.500000
