kernel-name,dispatch,gpu-id,queue-id,queue-index,tid,grd,wgr,lds,scr,vgpr,sgpr,fbar,sig,time,VALUBusy,performance,LDSInsts,LDSBankConflict,L1MemoryBusy,L1MemoryStalled,L2WriteUnitStalled,L2CacheHit
"_Z13vecAdd_kernelPfPKfS1_",0,0,0,6,44468,4145152,128,0,0,1,1,0,0x0,0.005406,6.001754,785.171226,0,0.000000,99.191397,54.996548,0.000000,99.998704
"_Z13vecAdd_kernelPfPKfS1_",1,0,0,8,44468,4145152,128,0,0,1,1,0,0x0,0.005409,5.998711,784.735746,0,0.000000,99.117204,54.984156,0.000000,99.998347
"_Z13vecAdd_kernelPfPKfS1_",2,0,0,9,44468,4145152,128,0,0,1,1,0,0x0,0.005411,5.997065,784.590693,0,0.000000,99.115933,54.972233,0.000000,99.997629
"_Z13vecAdd_kernelPfPKfS1_",3,0,0,10,44468,4145152,128,0,0,1,1,0,0x0,0.005409,5.999145,784.880852,0,0.000000,99.100768,54.981466,0.000000,99.998701
"_Z13vecAdd_kernelPfPKfS1_",4,0,0,11,44468,4145152,128,0,0,1,1,0,0x0,0.005406,6.002545,785.316494,0,0.000000,99.192698,54.965587,0.000000,99.998704
"_Z13vecAdd_kernelPfPKfS1_",5,0,0,12,44468,4145152,128,0,0,1,1,0,0x0,0.005407,6.001217,785.171226,0,0.000000,99.120670,54.939133,0.000000,99.998704
"_Z13vecAdd_kernelPfPKfS1_",6,0,0,13,44468,4145152,128,0,0,1,1,0,0x0,0.005408,6.000301,785.026012,0,0.000000,99.137245,54.930953,0.000000,99.998704
"_Z13vecAdd_kernelPfPKfS1_",7,0,0,14,44468,4145152,128,0,0,1,1,0,0x0,0.005409,5.998482,784.735746,0,0.000000,99.133561,54.935060,0.000000,99.998704
"_Z13vecAdd_kernelPfPKfS1_",8,0,0,15,44468,4145152,128,0,0,1,1,0,0x0,0.005410,5.997258,784.590693,0,0.000000,99.097028,54.914622,0.000000,99.998704
"_Z13vecAdd_kernelPfPKfS1_",9,0,0,16,44468,4145152,128,0,0,1,1,0,0x0,0.005408,5.999859,784.880852,0,0.000000,99.103715,54.984416,0.000000,99.998704
"_Z13vecAdd_kernelPfPKfS1_",10,0,0,17,44468,4145152,128,0,0,1,1,0,0x0,0.005407,6.000701,785.026012,0,0.000000,99.246950,54.966885,0.000000,99.998704
