kernel-name,dispatch,gpu-id,queue-id,queue-index,tid,grd,wgr,lds,scr,vgpr,sgpr,fbar,sig,time,VALUBusy,performance,LDSInsts,LDSBankConflict,L1MemoryBusy,L1MemoryStalled,L2WriteUnitStalled,L2CacheHit
"_Z17kApplyLog1PlusExpPfS_j",0,0,0,4,45192,246016,64,0,0,1,1,0,0x0,0.000015,2.581039,238.609067,0,0.000000,0.464703,0.056797,0.000000,89.062500
"_Z17kApplyLog1PlusExpPfS_j",1,0,0,6,45192,246016,64,0,0,1,1,0,0x0,0.000021,1.892376,178.956800,0,0.000000,0.340713,0.155214,0.000000,75.797872
"_Z17kApplyLog1PlusExpPfS_j",2,0,0,7,45192,246016,64,0,0,1,1,0,0x0,0.000015,2.584990,238.609067,0,0.000000,0.465415,0.056884,0.000000,89.062500
"_Z17kApplyLog1PlusExpPfS_j",3,0,0,8,45192,246016,64,0,0,1,1,0,0x0,0.000019,2.091317,198.840889,0,0.000000,0.376531,0.175715,0.000000,75.596817
"_Z17kApplyLog1PlusExpPfS_j",4,0,0,9,45192,246016,64,0,0,1,1,0,0x0,0.000019,2.091877,198.840889,0,0.000000,0.376632,0.174088,0.000000,74.803150
"_Z17kApplyLog1PlusExpPfS_j",5,0,0,10,45192,246016,64,0,0,1,1,0,0x0,0.000019,2.074446,198.840889,0,0.000000,0.373494,0.175957,0.000000,75.000000
"_Z17kApplyLog1PlusExpPfS_j",6,0,0,11,45192,246016,64,0,0,1,1,0,0x0,0.000019,2.054258,188.375579,0,0.000000,0.369859,0.167669,0.000000,74.218750
"_Z17kApplyLog1PlusExpPfS_j",7,0,0,12,45192,246016,64,0,0,1,1,0,0x0,0.000019,2.054596,188.375579,0,0.000000,0.369920,0.168519,0.000000,75.596817
"_Z17kApplyLog1PlusExpPfS_j",8,0,0,13,45192,246016,64,0,0,1,1,0,0x0,0.000019,2.053178,188.375579,0,0.000000,0.369665,0.171689,0.000000,75.596817
"_Z17kApplyLog1PlusExpPfS_j",9,0,0,14,45192,246016,64,0,0,1,1,0,0x0,0.000015,2.534555,238.609067,0,0.000000,0.456334,0.055774,0.000000,89.062500
"_Z17kApplyLog1PlusExpPfS_j",10,0,0,15,45192,246016,64,0,0,1,1,0,0x0,0.000017,2.351777,223.696000,0,0.000000,0.423426,0.051752,0.000000,89.062500
