kernel-name,dispatch,gpu-id,queue-id,queue-index,tid,grd,wgr,lds,scr,vgpr,sgpr,fbar,sig,time,VALUBusy,performance,LDSInsts,LDSBankConflict,L1MemoryBusy,L1MemoryStalled,L2WriteUnitStalled,L2CacheHit
"_Z15dotProduct_CUDAPdlS_S_",0,0,0,6,62598,1040384,128,0,0,1,2,0,0x0,0.000028,14.221088,1233.047704,0,0.000000,47.531466,5.336827,0.000000,98.404007
"_Z15dotProduct_CUDAPdlS_S_",1,0,0,8,62598,1040384,128,0,0,1,2,0,0x0,0.000031,12.939379,1109.742933,0,0.000000,43.572593,4.662252,0.000000,98.119050
"_Z15dotProduct_CUDAPdlS_S_",2,0,0,9,62598,1040384,128,0,0,1,2,0,0x0,0.000026,15.006854,1280.472615,0,0.000000,50.797018,5.399513,0.000000,98.391452
"_Z15dotProduct_CUDAPdlS_S_",3,0,0,10,62598,1040384,128,0,0,1,2,0,0x0,0.000029,13.910186,1189.010286,0,0.000000,48.644031,5.551479,0.000000,98.116725
"_Z15dotProduct_CUDAPdlS_S_",4,0,0,11,62598,1040384,128,0,0,1,2,0,0x0,0.000029,13.860997,1189.010286,0,0.000000,47.255086,4.973042,0.000000,98.090720
"_Z15dotProduct_CUDAPdlS_S_",5,0,0,12,62598,1040384,128,0,0,1,2,0,0x0,0.000029,13.766042,1189.010286,0,0.000000,49.144229,5.179067,0.000000,98.099224
"_Z15dotProduct_CUDAPdlS_S_",6,0,0,13,62598,1040384,128,0,0,1,2,0,0x0,0.000029,13.690951,1189.010286,0,0.000000,47.575516,5.194476,0.000000,98.107450
"_Z15dotProduct_CUDAPdlS_S_",7,0,0,14,62598,1040384,128,0,0,1,2,0,0x0,0.000029,13.688000,1189.010286,0,0.000000,48.458753,5.109827,0.000000,98.077072
"_Z15dotProduct_CUDAPdlS_S_",8,0,0,15,62598,1040384,128,0,0,1,2,0,0x0,0.000029,13.657970,1148.009931,0,0.000000,47.241520,5.120126,0.000000,98.123273
"_Z15dotProduct_CUDAPdlS_S_",9,0,0,16,62598,1040384,128,0,0,1,2,0,0x0,0.000027,14.708948,1280.472615,0,0.000000,51.214936,5.570869,0.000000,98.423112
"_Z15dotProduct_CUDAPdlS_S_",10,0,0,17,62598,1040384,128,0,0,1,2,0,0x0,0.000028,14.147580,1189.010286,0,0.000000,47.746413,5.377195,0.000000,98.391138
