kernel-name,dispatch,gpu-id,queue-id,queue-index,tid,grd,wgr,lds,scr,vgpr,sgpr,fbar,sig,time,VALUBusy,performance,LDSInsts,LDSBankConflict,L1MemoryBusy,L1MemoryStalled,L2WriteUnitStalled,L2CacheHit
"_Z24ForwardWarpKernel_PSF2x2PKfS0_S0_iiiifPfS1_",0,0,0,10,77913,702464,128,0,0,3,2,0,0x0,0.000021,2.050895,281.433600,0,0.000000,0.247695,0.016414,0.000000,78.151261
"_Z24ForwardWarpKernel_PSF2x2PKfS0_S0_iiiifPfS1_",1,0,0,12,77913,702464,128,0,0,3,2,0,0x0,0.000025,1.732072,234.528000,0,0.000000,0.252035,0.056708,0.000000,63.917526
"_Z24ForwardWarpKernel_PSF2x2PKfS0_S0_iiiifPfS1_",2,0,0,13,77913,702464,128,0,0,3,2,0,0x0,0.000020,2.163087,296.245895,0,0.000000,0.316326,0.072393,0.000000,78.151261
"_Z24ForwardWarpKernel_PSF2x2PKfS0_S0_iiiifPfS1_",3,0,0,14,77913,702464,128,0,0,3,2,0,0x0,0.000024,1.823048,244.724870,0,0.000000,0.270579,0.064992,0.000000,63.917526
"_Z24ForwardWarpKernel_PSF2x2PKfS0_S0_iiiifPfS1_",4,0,0,15,77913,702464,128,0,0,3,2,0,0x0,0.000024,1.772502,234.528000,0,0.000000,0.263721,0.063835,0.000000,63.917526
"_Z24ForwardWarpKernel_PSF2x2PKfS0_S0_iiiifPfS1_",5,0,0,16,77913,702464,128,0,0,3,2,0,0x0,0.000025,1.718430,234.528000,0,0.000000,0.251300,0.057512,0.000000,63.917526
"_Z24ForwardWarpKernel_PSF2x2PKfS0_S0_iiiifPfS1_",6,0,0,17,77913,702464,128,0,0,3,2,0,0x0,0.000024,1.763496,234.528000,0,0.000000,0.255325,0.056454,0.000000,63.917526
"_Z24ForwardWarpKernel_PSF2x2PKfS0_S0_iiiifPfS1_",7,0,0,18,77913,702464,128,0,0,3,2,0,0x0,0.000024,1.769900,234.528000,0,0.000000,0.261403,0.061809,0.000000,64.137931
"_Z24ForwardWarpKernel_PSF2x2PKfS0_S0_iiiifPfS1_",8,0,0,19,77913,702464,128,0,0,3,2,0,0x0,0.000025,1.725289,234.528000,0,0.000000,0.256069,0.061507,0.000000,63.917526
"_Z24ForwardWarpKernel_PSF2x2PKfS0_S0_iiiifPfS1_",9,0,0,20,77913,702464,128,0,0,3,2,0,0x0,0.000021,2.055803,281.433600,0,0.000000,0.248287,0.016453,0.000000,78.151261
"_Z24ForwardWarpKernel_PSF2x2PKfS0_S0_iiiifPfS1_",10,0,0,21,77913,702464,128,0,0,3,2,0,0x0,0.000021,2.086132,281.433600,0,0.000000,0.304314,0.069059,0.000000,78.151261
