kernel-name,dispatch,gpu-id,queue-id,queue-index,tid,grd,wgr,lds,scr,vgpr,sgpr,fbar,sig,time,VALUBusy,performance,LDSInsts,LDSBankConflict,L1MemoryBusy,L1MemoryStalled,L2WriteUnitStalled,L2CacheHit
"_Z9DR_kerneliiPfS_Py",0,0,0,6,93117,802816,256,2880,0,4,4,0,0x0,0.000916,0.042847,5.609642,5764,0.000264,24.435558,23.648036,0.000000,99.977627
"_Z9DR_kerneliiPfS_Py",1,0,0,8,93117,802816,256,2880,0,4,4,0,0x0,0.000931,0.042190,5.525196,5764,0.000260,24.277078,23.501647,0.000000,99.970713
"_Z9DR_kerneliiPfS_Py",2,0,0,9,93117,802816,256,2880,0,4,4,0,0x0,0.002373,0.016546,2.166287,5764,0.000102,24.789059,23.878022,0.000000,99.976135
"_Z9DR_kerneliiPfS_Py",3,0,0,10,93117,802816,256,2880,0,4,4,0,0x0,0.001217,0.032249,4.222212,5764,0.000199,24.511596,23.920186,0.000000,99.969358
"_Z9DR_kerneliiPfS_Py",4,0,0,11,93117,802816,256,2880,0,4,4,0,0x0,0.000927,0.042342,5.543077,5764,0.000261,24.373523,23.595288,0.000000,99.969358
"_Z9DR_kerneliiPfS_Py",5,0,0,12,93117,802816,256,2880,0,4,4,0,0x0,0.000908,0.043245,5.665305,5764,0.000267,24.303811,23.510719,0.000000,99.970849
"_Z9DR_kerneliiPfS_Py",6,0,0,13,93117,802816,256,2880,0,4,4,0,0x0,0.000913,0.042991,5.628074,5764,0.000265,24.336784,23.548351,0.000000,99.977627
"_Z9DR_kerneliiPfS_Py",7,0,0,14,93117,802816,256,2880,0,4,4,0,0x0,0.001702,0.023066,3.020830,5764,0.000142,24.784961,23.938886,0.000000,99.977627
"_Z9DR_kerneliiPfS_Py",8,0,0,15,93117,802816,256,2880,0,4,4,0,0x0,0.000906,0.043311,5.671558,5764,0.000267,24.515160,23.719120,0.000000,99.977627
"_Z9DR_kerneliiPfS_Py",9,0,0,16,93117,802816,256,2880,0,4,4,0,0x0,0.000782,0.050170,6.570885,5764,0.000310,24.268065,23.347970,0.000000,99.977627
"_Z9DR_kerneliiPfS_Py",10,0,0,17,93117,802816,256,2880,0,4,4,0,0x0,0.001719,0.022843,2.990938,5764,0.000141,24.703961,23.865159,0.000000,99.977627
