kernel-name,dispatch,gpu-id,queue-id,queue-index,tid,grd,wgr,lds,scr,vgpr,sgpr,fbar,sig,time,VALUBusy,performance,LDSInsts,LDSBankConflict,L1MemoryBusy,L1MemoryStalled,L2WriteUnitStalled,L2CacheHit
"_Z51cunn_TemporalMaxPooling_updateGradInputKernelAtomicPfS_S_iiiii",0,0,0,6,111019,1040384,128,0,0,3,2,0,0x0,0.000047,2.197056,260.096000,0,0.000000,75.311727,74.603106,0.000000,99.847134
"_Z51cunn_TemporalMaxPooling_updateGradInputKernelAtomicPfS_S_iiiii",1,0,0,8,111019,1040384,128,0,0,3,2,0,0x0,0.000048,2.161844,254.562043,0,0.000000,64.622234,61.189931,0.000000,99.685631
"_Z51cunn_TemporalMaxPooling_updateGradInputKernelAtomicPfS_S_iiiii",2,0,0,9,111019,1040384,128,0,0,3,2,0,0x0,0.000042,2.444948,284.867048,0,0.000000,67.993173,67.053549,0.000000,99.847120
"_Z51cunn_TemporalMaxPooling_updateGradInputKernelAtomicPfS_S_iiiii",3,0,0,10,111019,1040384,128,0,0,3,2,0,0x0,0.000044,2.371683,278.242233,0,0.000000,66.476089,62.672202,0.000000,99.684134
"_Z51cunn_TemporalMaxPooling_updateGradInputKernelAtomicPfS_S_iiiii",4,0,0,11,111019,1040384,128,0,0,3,2,0,0x0,0.000049,2.110524,249.258667,0,0.000000,64.224309,61.336559,0.000000,99.679681
"_Z51cunn_TemporalMaxPooling_updateGradInputKernelAtomicPfS_S_iiiii",5,0,0,12,111019,1040384,128,0,0,3,2,0,0x0,0.000046,2.252480,265.875911,0,0.000000,66.806963,63.252589,0.000000,99.683424
"_Z51cunn_TemporalMaxPooling_updateGradInputKernelAtomicPfS_S_iiiii",6,0,0,13,111019,1040384,128,0,0,3,2,0,0x0,0.000043,2.381571,278.242233,0,0.000000,63.022546,59.337675,0.000000,99.687870
"_Z51cunn_TemporalMaxPooling_updateGradInputKernelAtomicPfS_S_iiiii",7,0,0,14,111019,1040384,128,0,0,3,2,0,0x0,0.000046,2.222851,260.096000,0,0.000000,68.741080,65.123394,0.000000,99.685650
"_Z51cunn_TemporalMaxPooling_updateGradInputKernelAtomicPfS_S_iiiii",8,0,0,15,111019,1040384,128,0,0,3,2,0,0x0,0.000046,2.235885,260.096000,0,0.000000,64.663263,60.291369,0.000000,99.688641
"_Z51cunn_TemporalMaxPooling_updateGradInputKernelAtomicPfS_S_iiiii",9,0,0,16,111019,1040384,128,0,0,3,2,0,0x0,0.000045,2.280985,265.875911,0,0.000000,68.743178,67.534643,0.000000,99.847137
"_Z51cunn_TemporalMaxPooling_updateGradInputKernelAtomicPfS_S_iiiii",10,0,0,17,111019,1040384,128,0,0,3,2,0,0x0,0.000040,2.571531,299.110400,0,0.000000,66.175257,64.988007,0.000000,99.847109
