kernel-name,dispatch,gpu-id,queue-id,queue-index,tid,grd,wgr,lds,scr,vgpr,sgpr,fbar,sig,time,VALUBusy,performance,LDSInsts,LDSBankConflict,L1MemoryBusy,L1MemoryStalled,L2WriteUnitStalled,L2CacheHit
"_Z51cunn_TemporalMaxPooling_updateGradInputKernelAtomicPfS_S_iiiii",0,0,0,6,110722,1032256,64,0,0,3,2,0,0x0,0.000046,0.785408,102.593422,0,0.000000,0.345298,0.030026,0.000000,97.863501
"_Z51cunn_TemporalMaxPooling_updateGradInputKernelAtomicPfS_S_iiiii",1,0,0,8,110722,1032256,64,0,0,3,2,0,0x0,0.000050,0.723141,94.218449,0,0.000000,0.491022,0.256977,0.000000,86.470897
"_Z51cunn_TemporalMaxPooling_updateGradInputKernelAtomicPfS_S_iiiii",2,0,0,9,110722,1032256,64,0,0,3,2,0,0x0,0.000046,0.785837,102.593422,0,0.000000,0.357435,0.030042,0.000000,97.863501
"_Z51cunn_TemporalMaxPooling_updateGradInputKernelAtomicPfS_S_iiiii",3,0,0,10,110722,1032256,64,0,0,3,2,0,0x0,0.000048,0.755228,98.227745,0,0.000000,0.662091,0.385509,0.000000,86.561680
"_Z51cunn_TemporalMaxPooling_updateGradInputKernelAtomicPfS_S_iiiii",4,0,0,11,110722,1032256,64,0,0,3,2,0,0x0,0.000048,0.755109,98.227745,0,0.000000,0.389713,0.140073,0.000000,86.470897
"_Z51cunn_TemporalMaxPooling_updateGradInputKernelAtomicPfS_S_iiiii",5,0,0,12,110722,1032256,64,0,0,3,2,0,0x0,0.000048,0.754070,98.227745,0,0.000000,0.694818,0.407194,0.000000,86.470897
"_Z51cunn_TemporalMaxPooling_updateGradInputKernelAtomicPfS_S_iiiii",6,0,0,13,110722,1032256,64,0,0,3,2,0,0x0,0.000048,0.751245,98.227745,0,0.000000,0.529033,0.276429,0.000000,86.698212
"_Z51cunn_TemporalMaxPooling_updateGradInputKernelAtomicPfS_S_iiiii",7,0,0,14,110722,1032256,64,0,0,3,2,0,0x0,0.000048,0.748684,96.181333,0,0.000000,0.909398,0.644645,0.000000,86.789474
"_Z51cunn_TemporalMaxPooling_updateGradInputKernelAtomicPfS_S_iiiii",8,0,0,15,110722,1032256,64,0,0,3,2,0,0x0,0.000048,0.750363,98.227745,0,0.000000,0.721718,0.434856,0.000000,86.789474
"_Z51cunn_TemporalMaxPooling_updateGradInputKernelAtomicPfS_S_iiiii",9,0,0,16,110722,1032256,64,0,0,3,2,0,0x0,0.000046,0.783025,102.593422,0,0.000000,0.327242,0.030275,0.000000,97.863501
"_Z51cunn_TemporalMaxPooling_updateGradInputKernelAtomicPfS_S_iiiii",10,0,0,17,110722,1032256,64,0,0,3,2,0,0x0,0.000046,0.780879,100.363130,0,0.000000,0.341950,0.029853,0.000000,97.863501
