kernel-name,dispatch,gpu-id,queue-id,queue-index,tid,grd,wgr,lds,scr,vgpr,sgpr,fbar,sig,time,VALUBusy,performance,LDSInsts,LDSBankConflict,L1MemoryBusy,L1MemoryStalled,L2WriteUnitStalled,L2CacheHit
"_Z7rectliniPKdPd",0,0,0,4,66977,246016,64,0,0,1,1,0,0x0,0.000015,0.552144,70.894933,0,0.000000,0.650040,0.057203,0.000000,87.692308
"_Z7rectliniPKdPd",1,0,0,6,66977,246016,64,0,0,1,1,0,0x0,0.000021,0.401959,53.171200,0,0.000000,0.584530,0.155976,0.000000,72.611465
"_Z7rectliniPKdPd",2,0,0,7,66977,246016,64,0,0,1,1,0,0x0,0.000015,0.551066,70.894933,0,0.000000,0.648771,0.057092,0.000000,87.692308
"_Z7rectliniPKdPd",3,0,0,8,66977,246016,64,0,0,1,1,0,0x0,0.000018,0.450474,59.079111,0,0.000000,0.647444,0.173104,0.000000,72.380952
"_Z7rectliniPKdPd",4,0,0,9,66977,246016,64,0,0,1,1,0,0x0,0.000018,0.453259,59.079111,0,0.000000,0.650593,0.174174,0.000000,73.311897
"_Z7rectliniPKdPd",5,0,0,10,66977,246016,64,0,0,1,1,0,0x0,0.000019,0.443623,59.079111,0,0.000000,0.642611,0.172143,0.000000,72.611465
"_Z7rectliniPKdPd",6,0,0,11,66977,246016,64,0,0,1,1,0,0x0,0.000019,0.442809,59.079111,0,0.000000,0.648105,0.172661,0.000000,72.611465
"_Z7rectliniPKdPd",7,0,0,12,66977,246016,64,0,0,1,1,0,0x0,0.000019,0.443460,59.079111,0,0.000000,0.647387,0.175421,0.000000,72.843450
"_Z7rectliniPKdPd",8,0,0,13,66977,246016,64,0,0,1,1,0,0x0,0.000019,0.442411,59.079111,0,0.000000,0.651688,0.176673,0.000000,72.611465
"_Z7rectliniPKdPd",9,0,0,14,66977,246016,64,0,0,1,1,0,0x0,0.000015,0.548765,70.894933,0,0.000000,0.646062,0.056853,0.000000,87.692308
"_Z7rectliniPKdPd",10,0,0,15,66977,246016,64,0,0,1,1,0,0x0,0.000015,0.547384,70.894933,0,0.000000,0.644436,0.056710,0.000000,87.692308
