kernel-name,dispatch,gpu-id,queue-id,queue-index,tid,grd,wgr,lds,scr,vgpr,sgpr,fbar,sig,time,VALUBusy,performance,LDSInsts,LDSBankConflict,L1MemoryBusy,L1MemoryStalled,L2WriteUnitStalled,L2CacheHit
"_Z9_kgauss32iiPfPiS0_S_S0_S0_S_f",0,0,0,14,63414,1517824,64,0,0,4,7,0,0x0,0.000065,1.184006,117.665477,0,0.000000,0.319500,0.028958,0.000000,91.638225
"_Z9_kgauss32iiPfPiS0_S_S0_S0_S_f",1,0,0,16,63414,1517824,64,0,0,4,7,0,0x0,0.000071,1.091800,109.260800,0,0.000000,0.294619,0.182068,0.000000,80.995475
"_Z9_kgauss32iiPfPiS0_S_S0_S0_S_f",2,0,0,17,63414,1517824,64,0,0,4,7,0,0x0,0.000065,1.183859,117.665477,0,0.000000,0.319461,0.028955,0.000000,91.638225
"_Z9_kgauss32iiPfPiS0_S_S0_S0_S_f",3,0,0,18,63414,1517824,64,0,0,4,7,0,0x0,0.000069,1.126105,112.474353,0,0.000000,0.304786,0.284756,0.000000,81.363636
"_Z9_kgauss32iiPfPiS0_S_S0_S0_S_f",4,0,0,19,63414,1517824,64,0,0,4,7,0,0x0,0.000069,1.126013,112.474353,0,0.000000,0.303851,0.295657,0.000000,81.117825
"_Z9_kgauss32iiPfPiS0_S_S0_S0_S_f",5,0,0,20,63414,1517824,64,0,0,4,7,0,0x0,0.000069,1.121256,112.474353,0,0.000000,0.302567,0.186527,0.000000,81.240545
"_Z9_kgauss32iiPfPiS0_S_S0_S0_S_f",6,0,0,21,63414,1517824,64,0,0,4,7,0,0x0,0.000069,1.118033,110.844290,0,0.000000,0.301698,0.313449,0.000000,81.117825
"_Z9_kgauss32iiPfPiS0_S_S0_S0_S_f",7,0,0,22,63414,1517824,64,0,0,4,7,0,0x0,0.000069,1.118447,110.844290,0,0.000000,0.301810,0.312661,0.000000,80.751880
"_Z9_kgauss32iiPfPiS0_S_S0_S0_S_f",8,0,0,23,63414,1517824,64,0,0,4,7,0,0x0,0.000065,1.181664,117.665477,0,0.000000,0.318868,0.028901,0.000000,91.638225
"_Z9_kgauss32iiPfPiS0_S_S0_S0_S_f",9,0,0,24,63414,1517824,64,0,0,4,7,0,0x0,0.000065,1.181788,117.665477,0,0.000000,0.318902,0.028904,0.000000,91.638225
"_Z9_kgauss32iiPfPiS0_S_S0_S0_S_f",10,0,0,25,63414,1517824,64,0,0,4,7,0,0x0,0.000065,1.182478,117.665477,0,0.000000,0.320044,0.028921,0.000000,91.638225
