kernel-name,dispatch,gpu-id,queue-id,queue-index,tid,grd,wgr,lds,scr,vgpr,sgpr,fbar,sig,time,VALUBusy,performance,LDSInsts,LDSBankConflict,L1MemoryBusy,L1MemoryStalled,L2WriteUnitStalled,L2CacheHit
"_Z9_kgauss32iiPfPiS0_S_S0_S0_S_f",0,0,0,14,64002,4145152,32,0,0,4,7,0,0x0,0.000330,0.806361,102.785945,0,0.000000,0.029713,0.002606,0.000000,86.968085
"_Z9_kgauss32iiPfPiS0_S_S0_S0_S_f",1,0,0,16,64002,4145152,32,0,0,4,7,0,0x0,0.000335,0.792648,100.945003,0,0.000000,0.029207,0.028835,0.000000,76.401869
"_Z9_kgauss32iiPfPiS0_S_S0_S0_S_f",2,0,0,17,64002,4145152,32,0,0,4,7,0,0x0,0.000330,0.806001,102.785945,0,0.000000,0.029699,0.002605,0.000000,86.968085
"_Z9_kgauss32iiPfPiS0_S_S0_S0_S_f",3,0,0,18,64002,4145152,32,0,0,4,7,0,0x0,0.000335,0.794306,101.247234,0,0.000000,0.029268,0.032256,0.000000,53.431373
"_Z9_kgauss32iiPfPiS0_S_S0_S0_S_f",4,0,0,19,64002,4145152,32,0,0,4,7,0,0x0,0.000330,0.805427,102.474473,0,0.000000,0.029678,0.002603,0.000000,86.737401
"_Z9_kgauss32iiPfPiS0_S_S0_S0_S_f",5,0,0,20,64002,4145152,32,0,0,4,7,0,0x0,0.000334,0.797005,101.551279,0,0.000000,0.029368,0.029930,0.000000,76.401869
"_Z9_kgauss32iiPfPiS0_S_S0_S0_S_f",6,0,0,21,64002,4145152,32,0,0,4,7,0,0x0,0.000334,0.796288,101.551279,0,0.000000,0.029341,0.033647,0.000000,53.431373
"_Z9_kgauss32iiPfPiS0_S_S0_S0_S_f",7,0,0,22,64002,4145152,32,0,0,4,7,0,0x0,0.000330,0.805229,102.474473,0,0.000000,0.029671,0.002603,0.000000,86.737401
"_Z9_kgauss32iiPfPiS0_S_S0_S0_S_f",8,0,0,23,64002,4145152,32,0,0,4,7,0,0x0,0.000330,0.806131,102.785945,0,0.000000,0.029704,0.002606,0.000000,86.968085
"_Z9_kgauss32iiPfPiS0_S_S0_S0_S_f",9,0,0,24,64002,4145152,32,0,0,4,7,0,0x0,0.000330,0.806164,102.785945,0,0.000000,0.029705,0.002606,0.000000,86.968085
"_Z9_kgauss32iiPfPiS0_S_S0_S0_S_f",10,0,0,25,64002,4145152,32,0,0,4,7,0,0x0,0.000330,0.806086,102.785945,0,0.000000,0.028139,0.002605,0.000000,86.968085
