kernel-name,dispatch,gpu-id,queue-id,queue-index,tid,grd,wgr,lds,scr,vgpr,sgpr,fbar,sig,time,VALUBusy,performance,LDSInsts,LDSBankConflict,L1MemoryBusy,L1MemoryStalled,L2WriteUnitStalled,L2CacheHit
"_Z8ARR_ADDCPfS_S_i",0,0,0,6,118688,1040384,256,0,0,1,1,0,0x0,0.000022,10.770318,1324.125091,0,0.000000,23.113074,3.014841,0.000000,98.937291
"_Z8ARR_ADDCPfS_S_i",1,0,0,8,118688,1040384,256,0,0,1,1,0,0x0,0.000026,8.991787,1120.413538,0,0.000000,20.104078,2.639715,0.000000,98.460492
"_Z8ARR_ADDCPfS_S_i",2,0,0,9,118688,1040384,256,0,0,1,1,0,0x0,0.000022,10.780070,1324.125091,0,0.000000,23.765668,3.006253,0.000000,98.905973
"_Z8ARR_ADDCPfS_S_i",3,0,0,10,118688,1040384,256,0,0,1,1,0,0x0,0.000024,9.891223,1213.781333,0,0.000000,21.411511,2.965420,0.000000,98.529555
"_Z8ARR_ADDCPfS_S_i",4,0,0,11,118688,1040384,256,0,0,1,1,0,0x0,0.000024,9.885576,1213.781333,0,0.000000,21.683402,2.946862,0.000000,98.516004
"_Z8ARR_ADDCPfS_S_i",5,0,0,12,118688,1040384,256,0,0,1,1,0,0x0,0.000024,9.899704,1213.781333,0,0.000000,21.224601,2.946526,0.000000,98.534781
"_Z8ARR_ADDCPfS_S_i",6,0,0,13,118688,1040384,256,0,0,1,1,0,0x0,0.000025,9.637518,1213.781333,0,0.000000,20.665646,2.864695,0.000000,98.550654
"_Z8ARR_ADDCPfS_S_i",7,0,0,14,118688,1040384,256,0,0,1,1,0,0x0,0.000025,9.626803,1213.781333,0,0.000000,20.722263,2.900675,0.000000,98.523372
"_Z8ARR_ADDCPfS_S_i",8,0,0,15,118688,1040384,256,0,0,1,1,0,0x0,0.000024,9.895847,1213.781333,0,0.000000,22.385782,2.992130,0.000000,98.551146
"_Z8ARR_ADDCPfS_S_i",9,0,0,16,118688,1040384,256,0,0,1,1,0,0x0,0.000022,10.662711,1324.125091,0,0.000000,23.755317,3.053985,0.000000,98.927433
"_Z8ARR_ADDCPfS_S_i",10,0,0,17,118688,1040384,256,0,0,1,1,0,0x0,0.000023,10.334165,1266.554435,0,0.000000,22.910790,2.885972,0.000000,98.911231
