kernel-name,dispatch,gpu-id,queue-id,queue-index,tid,grd,wgr,lds,scr,vgpr,sgpr,fbar,sig,time,VALUBusy,performance,LDSInsts,LDSBankConflict,L1MemoryBusy,L1MemoryStalled,L2WriteUnitStalled,L2CacheHit
"_Z20MatrixMulKernelTilesPfS_S_i",0,0,0,6,59272,253952,256,2048,0,5,1,0,0x0,0.000681,5.411845,661.769035,1722112,3.087199,97.690888,1.885959,0.000000,99.829694
"_Z20MatrixMulKernelTilesPfS_S_i",1,0,0,8,59272,253952,256,2048,0,5,1,0,0x0,0.000687,5.361118,655.026119,1722112,3.058261,96.604407,1.850800,0.000000,99.827560
"_Z20MatrixMulKernelTilesPfS_S_i",2,0,0,9,59272,253952,256,2048,0,5,1,0,0x0,0.000686,5.375669,656.938604,1722112,3.066562,95.801085,1.896714,0.000000,99.829590
"_Z20MatrixMulKernelTilesPfS_S_i",3,0,0,10,59272,253952,256,2048,0,5,1,0,0x0,0.000690,5.343355,653.124737,1722112,3.048128,96.461393,1.847206,0.000000,99.828166
"_Z20MatrixMulKernelTilesPfS_S_i",4,0,0,11,59272,253952,256,2048,0,5,1,0,0x0,0.000678,5.438130,664.701542,1722112,3.102193,95.757416,1.836690,0.000000,99.829194
"_Z20MatrixMulKernelTilesPfS_S_i",5,0,0,12,59272,253952,256,2048,0,5,1,0,0x0,0.000692,5.327818,651.234362,1722112,3.039265,95.144540,1.850328,0.000000,99.829172
"_Z20MatrixMulKernelTilesPfS_S_i",6,0,0,13,59272,253952,256,2048,0,5,1,0,0x0,0.000681,5.413564,661.769035,1722112,3.088180,95.758746,1.917132,0.000000,99.829262
"_Z20MatrixMulKernelTilesPfS_S_i",7,0,0,14,59272,253952,256,2048,0,5,1,0,0x0,0.000683,5.392246,658.862290,1722112,3.076018,96.709479,1.894310,0.000000,99.829732
"_Z20MatrixMulKernelTilesPfS_S_i",8,0,0,15,59272,253952,256,2048,0,5,1,0,0x0,0.000688,5.360172,655.026119,1722112,3.057722,96.114825,1.864110,0.000000,99.829673
"_Z20MatrixMulKernelTilesPfS_S_i",9,0,0,16,59272,253952,256,2048,0,5,1,0,0x0,0.000685,5.377262,656.938604,1722112,3.067471,96.796028,1.895703,0.000000,99.829727
"_Z20MatrixMulKernelTilesPfS_S_i",10,0,0,17,59272,253952,256,2048,0,5,1,0,0x0,0.000683,5.396001,659.828364,1722112,3.078161,96.308038,1.843808,0.000000,99.829602
