kernel-name,dispatch,gpu-id,queue-id,queue-index,tid,grd,wgr,lds,scr,vgpr,sgpr,fbar,sig,time,VALUBusy,performance,LDSInsts,LDSBankConflict,L1MemoryBusy,L1MemoryStalled,L2WriteUnitStalled,L2CacheHit
"_Z7flip_3DPfmmmiii",0,0,0,2,56376,1032256,16,0,0,3,2,0,0x0,0.000167,34.694548,3314.666539,0,0.000000,0.000000,0.000000,0.000000,89.864865
"_Z7flip_3DPfmmmiii",1,0,0,4,56376,1032256,16,0,0,3,2,0,0x0,0.000171,33.890055,3237.130480,0,0.000000,0.000000,0.000000,0.000000,80.933063
"_Z7flip_3DPfmmmiii",2,0,0,5,56376,1032256,16,0,0,3,2,0,0x0,0.000167,34.713108,3314.666539,0,0.000000,0.000000,0.000000,0.000000,89.864865
"_Z7flip_3DPfmmmiii",3,0,0,6,56376,1032256,16,0,0,3,2,0,0x0,0.000168,34.464405,3294.936381,0,0.000000,0.000000,0.000000,0.000000,80.933063
"_Z7flip_3DPfmmmiii",4,0,0,7,56376,1032256,16,0,0,3,2,0,0x0,0.000169,34.318969,3294.936381,0,0.000000,0.000000,0.000000,0.000000,80.933063
"_Z7flip_3DPfmmmiii",5,0,0,8,56376,1032256,16,0,0,3,2,0,0x0,0.000168,34.431029,3294.936381,0,0.000000,0.000000,0.000000,0.000000,80.933063
"_Z7flip_3DPfmmmiii",6,0,0,9,56376,1032256,16,0,0,3,2,0,0x0,0.000169,34.251956,3275.439716,0,0.000000,0.000000,0.000000,0.000000,80.933063
"_Z7flip_3DPfmmmiii",7,0,0,10,56376,1032256,16,0,0,3,2,0,0x0,0.000168,34.426941,3294.936381,0,0.000000,0.000000,0.000000,0.000000,80.933063
"_Z7flip_3DPfmmmiii",8,0,0,11,56376,1032256,16,0,0,3,2,0,0x0,0.000168,34.472087,3294.936381,0,0.000000,0.000000,0.000000,0.000000,89.864865
"_Z7flip_3DPfmmmiii",9,0,0,12,56376,1032256,16,0,0,3,2,0,0x0,0.000167,34.649335,3314.666539,0,0.000000,0.000000,0.000000,0.000000,89.864865
"_Z7flip_3DPfmmmiii",10,0,0,13,56376,1032256,16,0,0,3,2,0,0x0,0.000167,34.645712,3314.666539,0,0.000000,0.000000,0.000000,0.000000,89.864865
