kernel-name,dispatch,gpu-id,queue-id,queue-index,tid,grd,wgr,lds,scr,vgpr,sgpr,fbar,sig,time,VALUBusy,performance,LDSInsts,LDSBankConflict,L1MemoryBusy,L1MemoryStalled,L2WriteUnitStalled,L2CacheHit
"_Z12bp_output_fcPfS_S_iii",0,0,0,6,96567,61440,256,0,0,3,2,0,0x0,0.000015,3.917868,414.276267,0,0.000000,1.677660,1.528125,0.000000,91.735537
"_Z12bp_output_fcPfS_S_iii",1,0,0,8,96567,61440,256,0,0,3,2,0,0x0,0.000020,3.011534,327.060211,0,0.000000,1.346245,1.231302,0.000000,89.951378
"_Z12bp_output_fcPfS_S_iii",2,0,0,9,96567,61440,256,0,0,3,2,0,0x0,0.000015,3.875633,414.276267,0,0.000000,1.659574,1.511651,0.000000,91.735537
"_Z12bp_output_fcPfS_S_iii",3,0,0,10,96567,61440,256,0,0,3,2,0,0x0,0.000018,3.406763,365.537882,0,0.000000,1.522924,1.392897,0.000000,89.805825
"_Z12bp_output_fcPfS_S_iii",4,0,0,11,96567,61440,256,0,0,3,2,0,0x0,0.000017,3.501053,365.537882,0,0.000000,1.565074,1.431448,0.000000,89.660743
"_Z12bp_output_fcPfS_S_iii",5,0,0,12,96567,61440,256,0,0,3,2,0,0x0,0.000018,3.388776,365.537882,0,0.000000,1.514883,1.385542,0.000000,89.805825
"_Z12bp_output_fcPfS_S_iii",6,0,0,13,96567,61440,256,0,0,3,2,0,0x0,0.000018,3.277737,345.230222,0,0.000000,1.468673,1.343570,0.000000,89.805825
"_Z12bp_output_fcPfS_S_iii",7,0,0,14,96567,61440,256,0,0,3,2,0,0x0,0.000016,3.771543,414.276267,0,0.000000,1.689935,1.545985,0.000000,89.805825
"_Z12bp_output_fcPfS_S_iii",8,0,0,15,96567,61440,256,0,0,3,2,0,0x0,0.000018,3.317074,345.230222,0,0.000000,1.482830,1.356226,0.000000,89.805825
"_Z12bp_output_fcPfS_S_iii",9,0,0,16,96567,61440,256,0,0,3,2,0,0x0,0.000015,3.959230,414.276267,0,0.000000,1.691231,1.540118,0.000000,91.735537
"_Z12bp_output_fcPfS_S_iii",10,0,0,17,96567,61440,256,0,0,3,2,0,0x0,0.000015,4.063536,443.867429,0,0.000000,1.740036,1.584941,0.000000,91.735537
