kernel-name,dispatch,gpu-id,queue-id,queue-index,tid,grd,wgr,lds,scr,vgpr,sgpr,fbar,sig,time,VALUBusy,performance,LDSInsts,LDSBankConflict,L1MemoryBusy,L1MemoryStalled,L2WriteUnitStalled,L2CacheHit
"_Z23cuComputeDistanceGlobalPfiiS_iiiS_",0,0,0,6,73199,2903040,192,2068,0,4,3,0,0x0,0.000046,36.525438,4202.760348,228497,9.175114,1.514398,0.003697,0.000000,95.555556
"_Z23cuComputeDistanceGlobalPfiiS_iiiS_",1,0,0,8,73199,2903040,192,2068,0,4,3,0,0x0,0.000053,32.118423,3717.826462,228497,8.068043,1.326351,0.168454,0.000000,78.052805
"_Z23cuComputeDistanceGlobalPfiiS_iiiS_",2,0,0,9,73199,2903040,192,2068,0,4,3,0,0x0,0.000047,36.037247,4113.339915,228497,9.052444,1.490503,0.003648,0.000000,95.555556
"_Z23cuComputeDistanceGlobalPfiiS_iiiS_",3,0,0,10,73199,2903040,192,2068,0,4,3,0,0x0,0.000048,35.697352,4113.339915,228497,8.967049,1.487282,0.191823,0.000000,78.052805
"_Z23cuComputeDistanceGlobalPfiiS_iiiS_",4,0,0,11,73199,2903040,192,2068,0,4,3,0,0x0,0.000047,35.812221,4113.339915,228497,8.995888,1.471305,0.195405,0.000000,78.052805
"_Z23cuComputeDistanceGlobalPfiiS_iiiS_",5,0,0,12,73199,2903040,192,2068,0,4,3,0,0x0,0.000048,35.642279,4113.339915,228497,8.953168,1.491539,0.196445,0.000000,78.052805
"_Z23cuComputeDistanceGlobalPfiiS_iiiS_",6,0,0,13,73199,2903040,192,2068,0,4,3,0,0x0,0.000048,35.519651,4113.339915,228497,8.922385,1.450786,0.190213,0.000000,78.052805
"_Z23cuComputeDistanceGlobalPfiiS_iiiS_",7,0,0,14,73199,2903040,192,2068,0,4,3,0,0x0,0.000048,35.265441,4027.645333,228497,8.858574,1.468966,0.305669,0.000000,78.052805
"_Z23cuComputeDistanceGlobalPfiiS_iiiS_",8,0,0,15,73199,2903040,192,2068,0,4,3,0,0x0,0.000045,37.344940,4296.155022,228497,9.380928,1.547681,0.027146,0.000000,95.555556
"_Z23cuComputeDistanceGlobalPfiiS_iiiS_",9,0,0,16,73199,2903040,192,2068,0,4,3,0,0x0,0.000045,37.634293,4296.155022,228497,9.453563,1.529884,0.026664,0.000000,95.555556
"_Z23cuComputeDistanceGlobalPfiiS_iiiS_",10,0,0,17,73199,2903040,192,2068,0,4,3,0,0x0,0.000045,37.747623,4393.794909,228497,9.482064,1.601531,0.029176,0.000000,95.555556
