kernel-name,dispatch,gpu-id,queue-id,queue-index,tid,grd,wgr,lds,scr,vgpr,sgpr,fbar,sig,time,VALUBusy,performance,LDSInsts,LDSBankConflict,L1MemoryBusy,L1MemoryStalled,L2WriteUnitStalled,L2CacheHit
"_Z9kSubtractPfS_S_j",0,0,0,6,110459,1032256,64,0,0,2,1,0,0x0,0.000046,3.482358,326.203733,0,0.000000,0.288840,0.033800,0.000000,92.440605
"_Z9kSubtractPfS_S_j",1,0,0,8,110459,1032256,64,0,0,2,1,0,0x0,0.000051,3.109244,287.826824,0,0.000000,0.257892,0.285937,0.000000,77.818182
"_Z9kSubtractPfS_S_j",2,0,0,9,110459,1032256,64,0,0,2,1,0,0x0,0.000046,3.484166,326.203733,0,0.000000,0.321100,0.037575,0.000000,92.440605
"_Z9kSubtractPfS_S_j",3,0,0,10,110459,1032256,64,0,0,2,1,0,0x0,0.000049,3.241989,299.574857,0,0.000000,0.298781,0.287338,0.000000,78.821363
"_Z9kSubtractPfS_S_j",4,0,0,11,110459,1032256,64,0,0,2,1,0,0x0,0.000049,3.241042,299.574857,0,0.000000,0.298693,0.431834,0.000000,78.102190
"_Z9kSubtractPfS_S_j",5,0,0,12,110459,1032256,64,0,0,2,1,0,0x0,0.000049,3.229139,299.574857,0,0.000000,0.297596,0.327039,0.000000,77.959927
"_Z9kSubtractPfS_S_j",6,0,0,13,110459,1032256,64,0,0,2,1,0,0x0,0.000050,3.210963,299.574857,0,0.000000,0.266329,0.295607,0.000000,77.676951
"_Z9kSubtractPfS_S_j",7,0,0,14,110459,1032256,64,0,0,2,1,0,0x0,0.000050,3.194190,299.574857,0,0.000000,0.294376,0.450645,0.000000,77.396022
"_Z9kSubtractPfS_S_j",8,0,0,15,110459,1032256,64,0,0,2,1,0,0x0,0.000046,3.474813,326.203733,0,0.000000,0.320238,0.037475,0.000000,92.440605
"_Z9kSubtractPfS_S_j",9,0,0,16,110459,1032256,64,0,0,2,1,0,0x0,0.000046,3.474529,326.203733,0,0.000000,0.320211,0.037472,0.000000,92.440605
"_Z9kSubtractPfS_S_j",10,0,0,17,110459,1032256,64,0,0,2,1,0,0x0,0.000046,3.477799,326.203733,0,0.000000,0.288462,0.033756,0.000000,92.440605
