kernel-name,dispatch,gpu-id,queue-id,queue-index,tid,grd,wgr,lds,scr,vgpr,sgpr,fbar,sig,time,VALUBusy,performance,LDSInsts,LDSBankConflict,L1MemoryBusy,L1MemoryStalled,L2WriteUnitStalled,L2CacheHit
"div_scalar_float",0,0,0,4,72197,57600,16,0,0,2,2,0,0x0,0.000444,81.973024,9251.218781,0,0.000000,81.390719,17.069455,0.000000,99.725739
"div_scalar_float",1,0,0,6,72197,57600,16,0,0,2,2,0,0x0,0.000449,80.943069,9127.594477,0,0.000000,79.929469,16.733617,0.000000,99.720789
"div_scalar_float",2,0,0,7,72197,57600,16,0,0,2,2,0,0x0,0.000448,81.187528,9168.433826,0,0.000000,80.236426,16.808474,0.000000,99.725749
"div_scalar_float",3,0,0,8,72197,57600,16,0,0,2,2,0,0x0,0.000448,81.185489,9168.433826,0,0.000000,80.327566,16.868655,0.000000,99.720714
"div_scalar_float",4,0,0,9,72197,57600,16,0,0,2,2,0,0x0,0.000449,81.010927,9147.968571,0,0.000000,79.990140,16.701934,0.000000,99.719961
"div_scalar_float",5,0,0,10,72197,57600,16,0,0,2,2,0,0x0,0.000452,80.368282,9067.013097,0,0.000000,79.989100,17.077054,0.000000,99.700087
"div_scalar_float",6,0,0,11,72197,57600,16,0,0,2,2,0,0x0,0.000446,81.440879,9188.990852,0,0.000000,80.658341,16.878566,0.000000,99.721603
"div_scalar_float",7,0,0,12,72197,57600,16,0,0,2,2,0,0x0,0.000450,80.759904,9107.310933,0,0.000000,79.930010,16.819099,0.000000,99.725298
"div_scalar_float",8,0,0,13,72197,57600,16,0,0,2,2,0,0x0,0.000444,81.806911,9230.382703,0,0.000000,80.893202,16.885834,0.000000,99.725356
"div_scalar_float",9,0,0,14,72197,57600,16,0,0,2,2,0,0x0,0.000446,81.507176,9188.990852,0,0.000000,80.852905,16.928455,0.000000,99.725082
"div_scalar_float",10,0,0,15,72197,57600,16,0,0,2,2,0,0x0,0.000448,81.159438,9168.433826,0,0.000000,79.914010,16.729623,0.000000,99.725347
