kernel-name,dispatch,gpu-id,queue-id,queue-index,tid,grd,wgr,lds,scr,vgpr,sgpr,fbar,sig,time,VALUBusy,performance,LDSInsts,LDSBankConflict,L1MemoryBusy,L1MemoryStalled,L2WriteUnitStalled,L2CacheHit
"_Z19kernelFeedForward1bPfiS_iS_",0,0,0,6,23126,2822400,16,0,0,2,1,0,0x0,0.000448,6.928781,757.691275,0,0.000000,53.024363,8.972397,0.000000,99.930948
"_Z19kernelFeedForward1bPfiS_iS_",1,0,0,8,23126,2822400,16,0,0,2,1,0,0x0,0.000453,6.843019,747.655629,0,0.000000,52.428556,8.885372,0.000000,99.900820
"_Z19kernelFeedForward1bPfiS_iS_",2,0,0,9,23126,2822400,16,0,0,2,1,0,0x0,0.000448,6.928356,757.691275,0,0.000000,53.103952,8.956135,0.000000,99.930948
"_Z19kernelFeedForward1bPfiS_iS_",3,0,0,10,23126,2822400,16,0,0,2,1,0,0x0,0.000451,6.876957,752.640000,0,0.000000,52.709511,8.926668,0.000000,99.896598
"_Z19kernelFeedForward1bPfiS_iS_",4,0,0,11,23126,2822400,16,0,0,2,1,0,0x0,0.000451,6.875975,752.640000,0,0.000000,52.682098,8.973520,0.000000,99.895754
"_Z19kernelFeedForward1bPfiS_iS_",5,0,0,12,23126,2822400,16,0,0,2,1,0,0x0,0.000454,6.835033,747.655629,0,0.000000,52.393209,9.415263,0.000000,99.773752
"_Z19kernelFeedForward1bPfiS_iS_",6,0,0,13,23126,2822400,16,0,0,2,1,0,0x0,0.000450,6.895327,754.316258,0,0.000000,52.778631,8.921952,0.000000,99.930666
"_Z19kernelFeedForward1bPfiS_iS_",7,0,0,14,23126,2822400,16,0,0,2,1,0,0x0,0.000448,6.926992,757.691275,0,0.000000,52.994820,8.951195,0.000000,99.930948
"_Z19kernelFeedForward1bPfiS_iS_",8,0,0,15,23126,2822400,16,0,0,2,1,0,0x0,0.000448,6.927011,757.691275,0,0.000000,53.011164,8.956107,0.000000,99.930948
"_Z19kernelFeedForward1bPfiS_iS_",9,0,0,16,23126,2822400,16,0,0,2,1,0,0x0,0.000448,6.927001,757.691275,0,0.000000,52.992451,8.952709,0.000000,99.930948
"_Z19kernelFeedForward1bPfiS_iS_",10,0,0,17,23126,2822400,16,0,0,2,1,0,0x0,0.000448,6.928394,757.691275,0,0.000000,53.040533,8.966589,0.000000,99.930948
