kernel-name,dispatch,gpu-id,queue-id,queue-index,tid,grd,wgr,lds,scr,vgpr,sgpr,fbar,sig,time,VALUBusy,performance,LDSInsts,LDSBankConflict,L1MemoryBusy,L1MemoryStalled,L2WriteUnitStalled,L2CacheHit
"_Z7cvlUnitPKcS0_S0_S0_PcS1_S1_iii",0,0,0,14,34691,246016,64,0,0,7,5,0,0x0,0.000015,1.033001,141.440000,0,0.000000,0.304596,0.034661,0.000000,79.007634
"_Z7cvlUnitPKcS0_S0_S0_PcS1_S1_iii",1,0,0,16,34691,246016,64,0,0,7,5,0,0x0,0.000019,0.809652,110.008889,0,0.000000,0.289779,0.079854,0.000000,65.923567
"_Z7cvlUnitPKcS0_S0_S0_PcS1_S1_iii",2,0,0,17,34691,246016,64,0,0,7,5,0,0x0,0.000015,1.031744,141.440000,0,0.000000,0.366120,0.098611,0.000000,79.007634
"_Z7cvlUnitPKcS0_S0_S0_PcS1_S1_iii",3,0,0,18,34691,246016,64,0,0,7,5,0,0x0,0.000016,0.960412,123.760000,0,0.000000,0.342760,0.093746,0.000000,65.923567
"_Z7cvlUnitPKcS0_S0_S0_PcS1_S1_iii",4,0,0,19,34691,246016,64,0,0,7,5,0,0x0,0.000017,0.920777,123.760000,0,0.000000,0.329551,0.090814,0.000000,65.923567
"_Z7cvlUnitPKcS0_S0_S0_PcS1_S1_iii",5,0,0,20,34691,246016,64,0,0,7,5,0,0x0,0.000016,0.954447,123.760000,0,0.000000,0.343543,0.096075,0.000000,65.923567
"_Z7cvlUnitPKcS0_S0_S0_PcS1_S1_iii",6,0,0,21,34691,246016,64,0,0,7,5,0,0x0,0.000017,0.898502,116.480000,0,0.000000,0.324319,0.091358,0.000000,65.923567
"_Z7cvlUnitPKcS0_S0_S0_PcS1_S1_iii",7,0,0,22,34691,246016,64,0,0,7,5,0,0x0,0.000016,0.943242,123.760000,0,0.000000,0.342387,0.097825,0.000000,65.923567
"_Z7cvlUnitPKcS0_S0_S0_PcS1_S1_iii",8,0,0,23,34691,246016,64,0,0,7,5,0,0x0,0.000016,0.971032,132.010667,0,0.000000,0.353462,0.101694,0.000000,79.007634
"_Z7cvlUnitPKcS0_S0_S0_PcS1_S1_iii",9,0,0,24,34691,246016,64,0,0,7,5,0,0x0,0.000015,1.023072,132.010667,0,0.000000,0.374485,0.109225,0.000000,79.007634
"_Z7cvlUnitPKcS0_S0_S0_PcS1_S1_iii",10,0,0,25,34691,246016,64,0,0,7,5,0,0x0,0.000015,1.029800,141.440000,0,0.000000,0.359147,0.092143,0.000000,79.007634
