kernel-name,dispatch,gpu-id,queue-id,queue-index,tid,grd,wgr,lds,scr,vgpr,sgpr,fbar,sig,time,VALUBusy,performance,LDSInsts,LDSBankConflict,L1MemoryBusy,L1MemoryStalled,L2WriteUnitStalled,L2CacheHit
"_Z7cvlUnitPKcS0_S0_S0_PcS1_S1_iii",0,0,0,14,36338,1517824,16,0,0,7,5,0,0x0,0.000243,1.525571,199.927572,0,0.000000,0.018637,0.002121,0.000000,79.007634
"_Z7cvlUnitPKcS0_S0_S0_PcS1_S1_iii",1,0,0,16,36338,1517824,16,0,0,7,5,0,0x0,0.000247,1.498900,196.689879,0,0.000000,0.053987,0.074255,0.000000,65.094340
"_Z7cvlUnitPKcS0_S0_S0_PcS1_S1_iii",2,0,0,17,36338,1517824,16,0,0,7,5,0,0x0,0.000243,1.525779,199.927572,0,0.000000,0.022303,0.011762,0.000000,79.007634
"_Z7cvlUnitPKcS0_S0_S0_PcS1_S1_iii",3,0,0,18,36338,1517824,16,0,0,7,5,0,0x0,0.000244,1.518215,199.108197,0,0.000000,0.053595,0.073549,0.000000,65.094340
"_Z7cvlUnitPKcS0_S0_S0_PcS1_S1_iii",4,0,0,19,36338,1517824,16,0,0,7,5,0,0x0,0.000245,1.514433,199.108197,0,0.000000,0.054418,0.075535,0.000000,65.094340
"_Z7cvlUnitPKcS0_S0_S0_PcS1_S1_iii",5,0,0,20,36338,1517824,16,0,0,7,5,0,0x0,0.000244,1.517621,199.108197,0,0.000000,0.055620,0.077996,0.000000,65.094340
"_Z7cvlUnitPKcS0_S0_S0_PcS1_S1_iii",6,0,0,21,36338,1517824,16,0,0,7,5,0,0x0,0.000245,1.512380,198.295510,0,0.000000,0.055555,0.077854,0.000000,65.094340
"_Z7cvlUnitPKcS0_S0_S0_PcS1_S1_iii",7,0,0,22,36338,1517824,16,0,0,7,5,0,0x0,0.000245,1.516744,199.108197,0,0.000000,0.055907,0.078462,0.000000,65.094340
"_Z7cvlUnitPKcS0_S0_S0_PcS1_S1_iii",8,0,0,23,36338,1517824,16,0,0,7,5,0,0x0,0.000244,1.517559,199.108197,0,0.000000,0.022311,0.011955,0.000000,79.007634
"_Z7cvlUnitPKcS0_S0_S0_PcS1_S1_iii",9,0,0,24,36338,1517824,16,0,0,7,5,0,0x0,0.000243,1.524666,199.927572,0,0.000000,0.022608,0.012396,0.000000,79.007634
"_Z7cvlUnitPKcS0_S0_S0_PcS1_S1_iii",10,0,0,25,36338,1517824,16,0,0,7,5,0,0x0,0.000243,1.524878,199.927572,0,0.000000,0.022740,0.012655,0.000000,79.007634
