kernel-name,dispatch,gpu-id,queue-id,queue-index,tid,grd,wgr,lds,scr,vgpr,sgpr,fbar,sig,time,VALUBusy,performance,LDSInsts,LDSBankConflict,L1MemoryBusy,L1MemoryStalled,L2WriteUnitStalled,L2CacheHit
"_Z11rotateArrayPii",0,0,0,2,23654,614656,16,0,0,1,0,0,0x0,0.000102,11.426523,1119.769347,0,0.000000,32.488778,4.269191,0.000000,99.988494
"_Z11rotateArrayPii",1,0,0,4,23654,614656,16,0,0,1,0,0,0x0,0.000107,10.835216,1056.978542,0,0.000000,30.525988,4.081749,0.000000,99.768431
"_Z11rotateArrayPii",2,0,0,5,23654,614656,16,0,0,1,0,0,0x0,0.000102,11.431156,1119.769347,0,0.000000,32.435604,4.261554,0.000000,99.988477
"_Z11rotateArrayPii",3,0,0,6,23654,614656,16,0,0,1,0,0,0x0,0.000105,11.073076,1077.111467,0,0.000000,31.204737,4.177006,0.000000,99.763888
"_Z11rotateArrayPii",4,0,0,7,23654,614656,16,0,0,1,0,0,0x0,0.000105,11.072021,1077.111467,0,0.000000,31.010913,4.178542,0.000000,99.765901
"_Z11rotateArrayPii",5,0,0,8,23654,614656,16,0,0,1,0,0,0x0,0.000105,11.052752,1077.111467,0,0.000000,30.900365,4.164439,0.000000,99.767046
"_Z11rotateArrayPii",6,0,0,9,23654,614656,16,0,0,1,0,0,0x0,0.000106,11.022308,1077.111467,0,0.000000,30.750686,4.080109,0.000000,99.768970
"_Z11rotateArrayPii",7,0,0,10,23654,614656,16,0,0,1,0,0,0x0,0.000105,11.024790,1077.111467,0,0.000000,30.975051,4.206635,0.000000,99.760773
"_Z11rotateArrayPii",8,0,0,11,23654,614656,16,0,0,1,0,0,0x0,0.000102,11.405512,1119.769347,0,0.000000,32.358088,4.252607,0.000000,99.988469
"_Z11rotateArrayPii",9,0,0,12,23654,614656,16,0,0,1,0,0,0x0,0.000102,11.417549,1119.769347,0,0.000000,32.382727,4.258935,0.000000,99.988481
"_Z11rotateArrayPii",10,0,0,13,23654,614656,16,0,0,1,0,0,0x0,0.000102,11.420282,1119.769347,0,0.000000,32.157411,4.256119,0.000000,99.988578
