kernel-name,dispatch,gpu-id,queue-id,queue-index,tid,grd,wgr,lds,scr,vgpr,sgpr,fbar,sig,time,VALUBusy,performance,LDSInsts,LDSBankConflict,L1MemoryBusy,L1MemoryStalled,L2WriteUnitStalled,L2CacheHit
"_Z10spinKernely",0,0,0,0,11582,2822400,256,0,0,0,1,0,0x0,0.001388,65.826373,6472.499274,0,0.000000,0.000000,0.000000,0.000000,68.047337
"_Z10spinKernely",1,0,0,2,11582,2822400,256,0,0,0,1,0,0x0,0.001392,65.624015,6452.227034,0,0.000000,0.000000,0.000000,0.000000,68.047337
"_Z10spinKernely",2,0,0,3,11582,2822400,256,0,0,0,1,0,0x0,0.001389,65.837753,6472.373633,0,0.000000,0.000000,0.000000,0.000000,50.218341
"_Z10spinKernely",3,0,0,4,11582,2822400,256,0,0,0,1,0,0x0,0.001390,65.795575,6470.210486,0,0.000000,0.000000,0.000000,0.000000,50.218341
"_Z10spinKernely",4,0,0,5,11582,2822400,256,0,0,0,1,0,0x0,0.001391,65.715099,6461.192006,0,0.000000,0.000000,0.000000,0.000000,50.000000
"_Z10spinKernely",5,0,0,6,11582,2822400,256,0,0,0,1,0,0x0,0.001390,65.829012,6474.373806,0,0.000000,0.000000,0.000000,0.000000,95.041322
"_Z10spinKernely",6,0,0,7,11582,2822400,256,0,0,0,1,0,0x0,0.001387,65.963335,6488.097247,0,0.000000,0.000000,0.000000,0.000000,95.833333
"_Z10spinKernely",7,0,0,8,11582,2822400,256,0,0,0,1,0,0x0,0.001387,65.949117,6486.119896,0,0.000000,0.000000,0.000000,0.000000,95.833333
"_Z10spinKernely",8,0,0,9,11582,2822400,256,0,0,0,1,0,0x0,0.001387,65.979775,6489.465628,0,0.000000,0.000000,0.000000,0.000000,95.833333
"_Z10spinKernely",9,0,0,10,11582,2822400,256,0,0,0,1,0,0x0,0.001387,65.957786,6488.586528,0,0.000000,0.000000,0.000000,0.000000,95.833333
"_Z10spinKernely",10,0,0,11,11582,2822400,256,0,0,0,1,0,0x0,0.001387,65.931575,6485.049351,0,0.000000,0.000000,0.000000,0.000000,95.833333
