kernel-name,dispatch,gpu-id,queue-id,queue-index,tid,grd,wgr,lds,scr,vgpr,sgpr,fbar,sig,time,VALUBusy,performance,LDSInsts,LDSBankConflict,L1MemoryBusy,L1MemoryStalled,L2WriteUnitStalled,L2CacheHit
"_Z13printAveragesiiiiPfS_",0,0,0,4,47177,4096576,16,0,176,33,13,6,0x0,0.106040,0.071500,7.596615,1011,0.000000,9.309593,8.264875,0.000000,30.261592
"_Z13printAveragesiiiiPfS_",1,0,0,6,47177,4096576,16,0,176,33,13,6,0x0,0.106023,0.068835,7.315799,1012,0.000000,9.719185,8.693104,0.000000,30.714454
"_Z13printAveragesiiiiPfS_",2,0,0,7,47177,4096576,16,0,176,33,13,6,0x0,0.103513,0.070786,7.505676,1012,0.000000,8.343149,7.250246,0.000000,30.712795
"_Z13printAveragesiiiiPfS_",3,0,0,8,47177,4096576,16,0,176,33,13,6,0x0,0.107974,0.068892,7.296490,1012,0.000000,9.886353,8.955315,0.000000,30.361554
"_Z13printAveragesiiiiPfS_",4,0,0,9,47177,4096576,16,0,176,33,13,6,0x0,0.108530,0.069636,7.368581,1012,0.000000,9.791612,8.958493,0.000000,29.959274
"_Z13printAveragesiiiiPfS_",5,0,0,10,47177,4096576,16,0,176,33,13,6,0x0,0.104783,0.069468,7.382486,1012,0.000000,8.430710,7.220494,0.000000,30.825483
"_Z13printAveragesiiiiPfS_",6,0,0,11,47177,4096576,16,0,176,33,13,6,0x0,0.103721,0.070576,7.501300,1012,0.000000,8.942048,7.865476,0.000000,30.700209
"_Z13printAveragesiiiiPfS_",7,0,0,12,47177,4096576,16,0,176,33,13,6,0x0,0.104922,0.069277,7.348652,1012,0.000000,8.402771,7.366554,0.000000,30.904587
"_Z13printAveragesiiiiPfS_",8,0,0,13,47177,4096576,16,0,176,33,13,6,0x0,0.106023,0.070654,7.486812,1012,0.000000,8.607573,7.437288,0.000000,30.146024
"_Z13printAveragesiiiiPfS_",9,0,0,14,47177,4096576,16,0,176,33,13,6,0x0,0.106057,0.069360,7.374775,1012,0.000000,9.153964,8.258012,0.000000,30.524490
"_Z13printAveragesiiiiPfS_",10,0,0,15,47177,4096576,16,0,176,33,13,6,0x0,