kernel-name,dispatch,gpu-id,queue-id,queue-index,tid,grd,wgr,lds,scr,vgpr,sgpr,fbar,sig,time,VALUBusy,performance,LDSInsts,LDSBankConflict,L1MemoryBusy,L1MemoryStalled,L2WriteUnitStalled,L2CacheHit
"_Z9GetOutLodPKmS0_mPm",0,0,0,6,37755,4096576,16,0,0,1,2,0,0x0,0.000647,7.342425,810.450893,0,0.000000,53.882292,4.547703,0.000000,99.895179
"_Z9GetOutLodPKmS0_mPm",1,0,0,8,37755,4096576,16,0,0,1,2,0,0x0,0.000653,7.279511,804.235779,0,0.000000,53.536603,4.564066,0.000000,99.862430
"_Z9GetOutLodPKmS0_mPm",2,0,0,9,37755,4096576,16,0,0,1,2,0,0x0,0.000648,7.327730,809.200198,0,0.000000,53.902504,4.724781,0.000000,99.825420
"_Z9GetOutLodPKmS0_mPm",3,0,0,10,37755,4096576,16,0,0,1,2,0,0x0,0.000652,7.287188,805.471164,0,0.000000,53.642674,4.796045,0.000000,99.822694
"_Z9GetOutLodPKmS0_mPm",4,0,0,11,37755,4096576,16,0,0,1,2,0,0x0,0.000649,7.323529,809.200198,0,0.000000,53.851081,4.774005,0.000000,99.822110
"_Z9GetOutLodPKmS0_mPm",5,0,0,12,37755,4096576,16,0,0,1,2,0,0x0,0.000652,7.284904,804.235779,0,0.000000,53.547369,4.735552,0.000000,99.824251
"_Z9GetOutLodPKmS0_mPm",6,0,0,13,37755,4096576,16,0,0,1,2,0,0x0,0.000648,7.336295,810.450893,0,0.000000,53.803720,4.527015,0.000000,99.894984
"_Z9GetOutLodPKmS0_mPm",7,0,0,14,37755,4096576,16,0,0,1,2,0,0x0,0.000647,7.341354,810.450893,0,0.000000,53.812162,4.534532,0.000000,99.895179
"_Z9GetOutLodPKmS0_mPm",8,0,0,15,37755,4096576,16,0,0,1,2,0,0x0,0.000647,7.339908,810.450893,0,0.000000,53.763226,4.531490,0.000000,99.895179
"_Z9GetOutLodPKmS0_mPm",9,0,0,16,37755,4096576,16,0,0,1,2,0,0x0,0.000647,7.341283,810.450893,0,0.000000,53.814540,4.531373,0.000000,99.895179
"_Z9GetOutLodPKmS0_mPm",10,0,0,17,37755,4096576,16,0,0,1,2,0,0x0,0.000647,7.341141,810.450893,0,0.000000,53.800993,4.530827,0.000000,99.895179
