kernel-name,dispatch,gpu-id,queue-id,queue-index,tid,grd,wgr,lds,scr,vgpr,sgpr,fbar,sig,time,VALUBusy,performance,LDSInsts,LDSBankConflict,L1MemoryBusy,L1MemoryStalled,L2WriteUnitStalled,L2CacheHit
"_Z29devFindUniqueTriangleAffectediPiS_S_",0,0,0,6,88813,2822400,256,0,0,2,2,0,0x0,0.000049,1.759675,235.200000,0,0.000000,0.000000,0.000000,0.000000,83.854167
"_Z29devFindUniqueTriangleAffectediPiS_S_",1,0,0,8,88813,2822400,256,0,0,2,2,0,0x0,0.000054,1.594738,209.066667,0,0.000000,0.000000,0.000000,0.000000,66.804979
"_Z29devFindUniqueTriangleAffectediPiS_S_",2,0,0,9,88813,2822400,256,0,0,2,2,0,0x0,0.000048,1.809917,240.204255,0,0.000000,0.000000,0.000000,0.000000,83.854167
"_Z29devFindUniqueTriangleAffectediPiS_S_",3,0,0,10,88813,2822400,256,0,0,2,2,0,0x0,0.000052,1.662194,221.364706,0,0.000000,0.000000,0.000000,0.000000,66.804979
"_Z29devFindUniqueTriangleAffectediPiS_S_",4,0,0,11,88813,2822400,256,0,0,2,2,0,0x0,0.000051,1.683926,221.364706,0,0.000000,0.000000,0.000000,0.000000,66.804979
"_Z29devFindUniqueTriangleAffectediPiS_S_",5,0,0,12,88813,2822400,256,0,0,2,2,0,0x0,0.000052,1.666657,221.364706,0,0.000000,0.000000,0.000000,0.000000,66.804979
"_Z29devFindUniqueTriangleAffectediPiS_S_",6,0,0,13,88813,2822400,256,0,0,2,2,0,0x0,0.000053,1.625186,217.107692,0,0.000000,0.000000,0.000000,0.000000,66.804979
"_Z29devFindUniqueTriangleAffectediPiS_S_",7,0,0,14,88813,2822400,256,0,0,2,2,0,0x0,0.000053,1.637272,217.107692,0,0.000000,0.000000,0.000000,0.000000,66.804979
"_Z29devFindUniqueTriangleAffectediPiS_S_",8,0,0,15,88813,2822400,256,0,0,2,2,0,0x0,0.000052,1.659612,221.364706,0,0.000000,0.000000,0.000000,0.000000,66.804979
"_Z29devFindUniqueTriangleAffectediPiS_S_",9,0,0,16,88813,2822400,256,0,0,2,2,0,0x0,0.000049,1.766668,235.200000,0,0.000000,0.000000,0.000000,0.000000,83.854167
"_Z29devFindUniqueTriangleAffectediPiS_S_",10,0,0,17,88813,2822400,256,0,0,2,2,0,0x0,0.000049,1.748601,230.400000,0,0.000000,0.000000,0.000000,0.000000,83.854167
