kernel-name,dispatch,gpu-id,queue-id,queue-index,tid,grd,wgr,lds,scr,vgpr,sgpr,fbar,sig,time,VALUBusy,performance,LDSInsts,LDSBankConflict,L1MemoryBusy,L1MemoryStalled,L2WriteUnitStalled,L2CacheHit
"_Z5kCeilPfS_j",0,0,0,4,61914,1517824,256,0,0,1,1,0,0x0,0.000028,8.355628,774.400000,0,0.000000,0.496781,0.058282,0.000000,94.178082
"_Z5kCeilPfS_j",1,0,0,6,61914,1517824,256,0,0,1,1,0,0x0,0.000035,6.715036,619.520000,0,0.000000,0.761455,0.389426,0.000000,86.206897
"_Z5kCeilPfS_j",2,0,0,7,61914,1517824,256,0,0,1,1,0,0x0,0.000030,7.937600,747.696552,0,0.000000,0.465599,0.044820,0.000000,94.178082
"_Z5kCeilPfS_j",3,0,0,8,61914,1517824,256,0,0,1,1,0,0x0,0.000032,7.346181,677.600000,0,0.000000,0.816432,0.411388,0.000000,86.477987
"_Z5kCeilPfS_j",4,0,0,9,61914,1517824,256,0,0,1,1,0,0x0,0.000032,7.254979,677.600000,0,0.000000,0.817863,0.413510,0.000000,86.206897
"_Z5kCeilPfS_j",5,0,0,10,61914,1517824,256,0,0,1,1,0,0x0,0.000032,7.238234,677.600000,0,0.000000,0.722693,0.413036,0.000000,86.206897
"_Z5kCeilPfS_j",6,0,0,11,61914,1517824,256,0,0,1,1,0,0x0,0.000033,7.062596,657.066667,0,0.000000,0.815880,0.406767,0.000000,86.206897
"_Z5kCeilPfS_j",7,0,0,12,61914,1517824,256,0,0,1,1,0,0x0,0.000034,6.981107,657.066667,0,0.000000,0.674297,0.404393,0.000000,86.477987
"_Z5kCeilPfS_j",8,0,0,13,61914,1517824,256,0,0,1,1,0,0x0,0.000030,7.964646,747.696552,0,0.000000,0.516391,0.050793,0.000000,94.178082
"_Z5kCeilPfS_j",9,0,0,14,61914,1517824,256,0,0,1,1,0,0x0,0.000031,7.674719,722.773333,0,0.000000,0.517987,0.046904,0.000000,94.178082
"_Z5kCeilPfS_j",10,0,0,15,61914,1517824,256,0,0,1,1,0,0x0,0.000031,7.660814,722.773333,0,0.000000,0.477863,0.043257,0.000000,94.178082
