kernel-name,dispatch,gpu-id,queue-id,queue-index,tid,grd,wgr,lds,scr,vgpr,sgpr,fbar,sig,time,VALUBusy,performance,LDSInsts,LDSBankConflict,L1MemoryBusy,L1MemoryStalled,L2WriteUnitStalled,L2CacheHit
"_Z5kCeilPfS_j",0,0,0,4,62188,2822400,16,0,0,1,1,0,0x0,0.000447,3.863289,354.912215,0,0.000000,1.316729,0.160660,0.000000,94.662480
"_Z5kCeilPfS_j",1,0,0,6,62188,2822400,16,0,0,1,1,0,0x0,0.000453,3.816608,350.986195,0,0.000000,1.318010,0.177946,0.000000,84.691011
"_Z5kCeilPfS_j",2,0,0,7,62188,2822400,16,0,0,1,1,0,0x0,0.000447,3.863677,354.912215,0,0.000000,1.317281,0.160676,0.000000,94.662480
"_Z5kCeilPfS_j",3,0,0,8,62188,2822400,16,0,0,1,1,0,0x0,0.000451,3.833562,352.546133,0,0.000000,1.323691,0.179083,0.000000,84.691011
"_Z5kCeilPfS_j",4,0,0,9,62188,2822400,16,0,0,1,1,0,0x0,0.000451,3.831044,352.546133,0,0.000000,1.323722,0.179000,0.000000,84.691011
"_Z5kCeilPfS_j",5,0,0,10,62188,2822400,16,0,0,1,1,0,0x0,0.000453,3.815749,350.986195,0,0.000000,1.319093,0.238163,0.000000,67.752809
"_Z5kCeilPfS_j",6,0,0,11,62188,2822400,16,0,0,1,1,0,0x0,0.000449,3.845033,353.331314,0,0.000000,1.309081,0.159658,0.000000,94.514107
"_Z5kCeilPfS_j",7,0,0,12,62188,2822400,16,0,0,1,1,0,0x0,0.000447,3.862533,354.912215,0,0.000000,1.314760,0.160000,0.000000,94.662480
"_Z5kCeilPfS_j",8,0,0,13,62188,2822400,16,0,0,1,1,0,0x0,0.000447,3.862651,354.912215,0,0.000000,1.318224,0.161018,0.000000,94.662480
"_Z5kCeilPfS_j",9,0,0,14,62188,2822400,16,0,0,1,1,0,0x0,0.000447,3.862592,354.912215,0,0.000000,1.313487,0.160002,0.000000,94.662480
"_Z5kCeilPfS_j",10,0,0,15,62188,2822400,16,0,0,1,1,0,0x0,0.000447,3.863386,354.912215,0,0.000000,1.315190,0.160280,0.000000,94.662480
