kernel-name,dispatch,gpu-id,queue-id,queue-index,tid,grd,wgr,lds,scr,vgpr,sgpr,fbar,sig,time,VALUBusy,performance,LDSInsts,LDSBankConflict,L1MemoryBusy,L1MemoryStalled,L2WriteUnitStalled,L2CacheHit
"_Z8FillOnesPfi",0,0,0,2,31113,2822400,64,0,0,0,1,0,0x0,0.000116,3.346967,392.681739,0,0.000000,19.115139,4.300309,0.000000,99.697134
"_Z8FillOnesPfi",1,0,0,4,31113,2822400,64,0,0,0,1,0,0x0,0.000120,3.236386,379.482353,0,0.000000,18.664283,4.405073,0.000000,99.414018
"_Z8FillOnesPfi",2,0,0,5,31113,2822400,64,0,0,0,1,0,0x0,0.000116,3.347437,392.681739,0,0.000000,19.120656,4.310359,0.000000,99.697134
"_Z8FillOnesPfi",3,0,0,6,31113,2822400,64,0,0,0,1,0,0x0,0.000118,3.293955,385.969231,0,0.000000,19.250177,4.698148,0.000000,99.422982
"_Z8FillOnesPfi",4,0,0,7,31113,2822400,64,0,0,0,1,0,0x0,0.000118,3.295215,385.969231,0,0.000000,18.987348,4.475050,0.000000,99.414018
"_Z8FillOnesPfi",5,0,0,8,31113,2822400,64,0,0,0,1,0,0x0,0.000118,3.292032,385.969231,0,0.000000,18.953610,4.441133,0.000000,99.431946
"_Z8FillOnesPfi",6,0,0,9,31113,2822400,64,0,0,0,1,0,0x0,0.000118,3.287721,385.969231,0,0.000000,19.039591,4.560696,0.000000,99.431946
"_Z8FillOnesPfi",7,0,0,10,31113,2822400,64,0,0,0,1,0,0x0,0.000118,3.286693,385.969231,0,0.000000,18.992829,4.517534,0.000000,99.411778
"_Z8FillOnesPfi",8,0,0,11,31113,2822400,64,0,0,0,1,0,0x0,0.000116,3.344134,392.681739,0,0.000000,19.052851,4.298691,0.000000,99.697134
"_Z8FillOnesPfi",9,0,0,12,31113,2822400,64,0,0,0,1,0,0x0,0.000116,3.344206,392.681739,0,0.000000,19.104086,4.301884,0.000000,99.697134
"_Z8FillOnesPfi",10,0,0,13,31113,2822400,64,0,0,0,1,0,0x0,0.000116,3.342422,392.681739,0,0.000000,19.213947,4.335969,0.000000,99.697134
