kernel-name,dispatch,gpu-id,queue-id,queue-index,tid,grd,wgr,lds,scr,vgpr,sgpr,fbar,sig,time,VALUBusy,performance,LDSInsts,LDSBankConflict,L1MemoryBusy,L1MemoryStalled,L2WriteUnitStalled,L2CacheHit
"_Z8FillOnesPfi",0,0,0,2,27445,1048576,256,0,0,0,1,0,0x0,0.000022,6.556631,798.915048,0,0.000000,13.671030,2.289414,0.000000,99.437318
"_Z8FillOnesPfi",1,0,0,4,27445,1048576,256,0,0,0,1,0,0x0,0.000025,5.667757,671.088640,0,0.000000,12.630071,2.935967,0.000000,98.857143
"_Z8FillOnesPfi",2,0,0,5,27445,1048576,256,0,0,0,1,0,0x0,0.000021,6.703521,798.915048,0,0.000000,13.911114,2.368344,0.000000,99.437318
"_Z8FillOnesPfi",3,0,0,6,27445,1048576,256,0,0,0,1,0,0x0,0.000024,6.000781,729.444174,0,0.000000,13.007553,2.914442,0.000000,98.857143
"_Z8FillOnesPfi",4,0,0,7,27445,1048576,256,0,0,0,1,0,0x0,0.000024,5.966902,699.050667,0,0.000000,12.959366,2.917411,0.000000,98.863090
"_Z8FillOnesPfi",5,0,0,8,27445,1048576,256,0,0,0,1,0,0x0,0.000024,6.049626,729.444174,0,0.000000,13.440987,2.968360,0.000000,98.857143
"_Z8FillOnesPfi",6,0,0,9,27445,1048576,256,0,0,0,1,0,0x0,0.000024,6.023214,729.444174,0,0.000000,14.245007,3.645561,0.000000,98.874985
"_Z8FillOnesPfi",7,0,0,10,27445,1048576,256,0,0,0,1,0,0x0,0.000024,5.911633,699.050667,0,0.000000,12.735413,2.855750,0.000000,98.869037
"_Z8FillOnesPfi",8,0,0,11,27445,1048576,256,0,0,0,1,0,0x0,0.000022,6.578158,798.915048,0,0.000000,13.773019,2.338330,0.000000,99.437318
"_Z8FillOnesPfi",9,0,0,12,27445,1048576,256,0,0,0,1,0,0x0,0.000022,6.585303,798.915048,0,0.000000,13.938749,2.399463,0.000000,99.437318
"_Z8FillOnesPfi",10,0,0,13,27445,1048576,256,0,0,0,1,0,0x0,0.000022,6.494532,762.600727,0,0.000000,13.651483,2.271254,0.000000,99.437318
