kernel-name,dispatch,gpu-id,queue-id,queue-index,tid,grd,wgr,lds,scr,vgpr,sgpr,fbar,sig,time,VALUBusy,performance,LDSInsts,LDSBankConflict,L1MemoryBusy,L1MemoryStalled,L2WriteUnitStalled,L2CacheHit
"_Z8FillOnesPfi",0,0,0,2,23185,246016,64,0,0,0,1,0,0x0,0.000015,2.248129,262.417067,0,0.000000,9.916823,2.287378,0.000000,98.495486
"_Z8FillOnesPfi",1,0,0,4,23185,246016,64,0,0,0,1,0,0x0,0.000019,1.776121,207.171368,0,0.000000,9.142435,2.840480,0.000000,96.963713
"_Z8FillOnesPfi",2,0,0,5,23185,246016,64,0,0,0,1,0,0x0,0.000015,2.248596,262.417067,0,0.000000,9.877288,2.386647,0.000000,98.495486
"_Z8FillOnesPfi",3,0,0,6,23185,246016,64,0,0,0,1,0,0x0,0.000017,2.000009,246.016000,0,0.000000,10.240306,3.369654,0.000000,96.915865
"_Z8FillOnesPfi",4,0,0,7,23185,246016,64,0,0,0,1,0,0x0,0.000017,2.001194,246.016000,0,0.000000,10.349104,3.188398,0.000000,96.939783
"_Z8FillOnesPfi",5,0,0,8,23185,246016,64,0,0,0,1,0,0x0,0.000017,1.986924,231.544471,0,0.000000,9.582445,2.660259,0.000000,96.939783
"_Z8FillOnesPfi",6,0,0,9,23185,246016,64,0,0,0,1,0,0x0,0.000017,1.958134,231.544471,0,0.000000,9.170108,2.624429,0.000000,96.987654
"_Z8FillOnesPfi",7,0,0,10,23185,246016,64,0,0,0,1,0,0x0,0.000017,1.956362,231.544471,0,0.000000,8.848757,2.523434,0.000000,96.987654
"_Z8FillOnesPfi",8,0,0,11,23185,246016,64,0,0,0,1,0,0x0,0.000017,1.966111,231.544471,0,0.000000,9.777588,3.105223,0.000000,97.035573
"_Z8FillOnesPfi",9,0,0,12,23185,246016,64,0,0,0,1,0,0x0,0.000015,2.231056,262.417067,0,0.000000,10.142804,2.424780,0.000000,98.495486
"_Z8FillOnesPfi",10,0,0,13,23185,246016,64,0,0,0,1,0,0x0,0.000015,2.219149,262.417067,0,0.000000,10.195410,2.435445,0.000000,98.495486
