kernel-name,dispatch,gpu-id,queue-id,queue-index,tid,grd,wgr,lds,scr,vgpr,sgpr,fbar,sig,time,VALUBusy,performance,LDSInsts,LDSBankConflict,L1MemoryBusy,L1MemoryStalled,L2WriteUnitStalled,L2CacheHit
"_Z11MultiplyAddPfS_ii",0,0,0,4,123293,61440,256,0,0,1,1,0,0x0,0.000008,0.554647,72.000000,0,0.000000,3.746302,1.305854,0.000000,38.061017
"_Z11MultiplyAddPfS_ii",1,0,0,6,123293,61440,256,0,0,1,1,0,0x0,0.000014,0.321598,44.307692,0,0.000000,10.319341,1.062965,0.000000,37.031662
"_Z11MultiplyAddPfS_ii",2,0,0,7,123293,61440,256,0,0,1,1,0,0x0,0.000008,0.576037,82.285714,0,0.000000,3.621958,1.469399,0.000000,38.061017
"_Z11MultiplyAddPfS_ii",3,0,0,8,123293,61440,256,0,0,1,1,0,0x0,0.000012,0.373252,52.363636,0,0.000000,12.063230,1.042485,0.000000,37.031662
"_Z11MultiplyAddPfS_ii",4,0,0,9,123293,61440,256,0,0,1,1,0,0x0,0.000012,0.378325,52.363636,0,0.000000,12.212606,1.149578,0.000000,37.026777
"_Z11MultiplyAddPfS_ii",5,0,0,10,123293,61440,256,0,0,1,1,0,0x0,0.000012,0.370111,48.000000,0,0.000000,11.624071,1.066178,0.000000,37.046324
"_Z11MultiplyAddPfS_ii",6,0,0,11,123293,61440,256,0,0,1,1,0,0x0,0.000012,0.364301,48.000000,0,0.000000,13.157020,1.073729,0.000000,37.031662
"_Z11MultiplyAddPfS_ii",7,0,0,12,123293,61440,256,0,0,1,1,0,0x0,0.000012,0.358870,48.000000,0,0.000000,12.754357,1.017427,0.000000,37.041436
"_Z11MultiplyAddPfS_ii",8,0,0,13,123293,61440,256,0,0,1,1,0,0x0,0.000008,0.565252,82.285714,0,0.000000,3.482745,1.370488,0.000000,38.061017
"_Z11MultiplyAddPfS_ii",9,0,0,14,123293,61440,256,0,0,1,1,0,0x0,0.000008,0.564446,82.285714,0,0.000000,3.572843,1.422007,0.000000,38.061017
"_Z11MultiplyAddPfS_ii",10,0,0,15,123293,61440,256,0,0,1,1,0,0x0,0.000008,0.564535,82.285714,0,0.000000,3.531812,1.400444,0.000000,38.061017
