kernel-name,dispatch,gpu-id,queue-id,queue-index,tid,grd,wgr,lds,scr,vgpr,sgpr,fbar,sig,time,VALUBusy,performance,LDSInsts,LDSBankConflict,L1MemoryBusy,L1MemoryStalled,L2WriteUnitStalled,L2CacheHit
"_Z11MultiplyAddPfS_ii",0,0,0,4,123265,92160,192,0,0,1,1,0,0x0,0.000008,0.835091,123.428571,0,0.000000,5.772386,2.424207,0.000000,54.853672
"_Z11MultiplyAddPfS_ii",1,0,0,6,123265,92160,192,0,0,1,1,0,0x0,0.000014,0.476079,61.714286,0,0.000000,11.354626,1.637044,0.000000,53.627726
"_Z11MultiplyAddPfS_ii",2,0,0,7,123265,92160,192,0,0,1,1,0,0x0,0.000008,0.854521,123.428571,0,0.000000,5.942672,2.622531,0.000000,54.853672
"_Z11MultiplyAddPfS_ii",3,0,0,8,123265,92160,192,0,0,1,1,0,0x0,0.000012,0.561909,78.545455,0,0.000000,13.835436,2.150368,0.000000,53.656692
"_Z11MultiplyAddPfS_ii",4,0,0,9,123265,92160,192,0,0,1,1,0,0x0,0.000012,0.555166,72.000000,0,0.000000,13.895382,1.936263,0.000000,53.587226
"_Z11MultiplyAddPfS_ii",5,0,0,10,123265,92160,192,0,0,1,1,0,0x0,0.000012,0.551670,72.000000,0,0.000000,14.034997,2.146028,0.000000,53.650897
"_Z11MultiplyAddPfS_ii",6,0,0,11,123265,92160,192,0,0,1,1,0,0x0,0.000012,0.536764,72.000000,0,0.000000,14.072623,1.941138,0.000000,53.645102
"_Z11MultiplyAddPfS_ii",7,0,0,12,123265,92160,192,0,0,1,1,0,0x0,0.000013,0.521825,72.000000,0,0.000000,13.999561,1.918852,0.000000,53.639309
"_Z11MultiplyAddPfS_ii",8,0,0,13,123265,92160,192,0,0,1,1,0,0x0,0.000013,0.530371,72.000000,0,0.000000,14.192844,2.033398,0.000000,53.650897
"_Z11MultiplyAddPfS_ii",9,0,0,14,123265,92160,192,0,0,1,1,0,0x0,0.000008,0.821673,108.000000,0,0.000000,5.502806,2.323749,0.000000,54.853672
"_Z11MultiplyAddPfS_ii",10,0,0,15,123265,92160,192,0,0,1,1,0,0x0,0.000008,0.831324,108.000000,0,0.000000,5.641335,2.456052,0.000000,54.853672
