kernel-name,dispatch,gpu-id,queue-id,queue-index,tid,grd,wgr,lds,scr,vgpr,sgpr,fbar,sig,time,VALUBusy,performance,LDSInsts,LDSBankConflict,L1MemoryBusy,L1MemoryStalled,L2WriteUnitStalled,L2CacheHit
"_Z11getColNormsiiPfiS_",0,0,0,4,24476,752640,192,0,0,3,1,0,0x0,0.000430,26.662346,3486.648558,0,0.000000,90.369144,0.816176,0.000000,98.672245
"_Z11getColNormsiiPfiS_",1,0,0,6,24476,752640,192,0,0,3,1,0,0x0,0.000435,26.356549,3446.572138,0,0.000000,89.583085,0.871175,0.000000,98.375480
"_Z11getColNormsiiPfiS_",2,0,0,7,24476,752640,192,0,0,3,1,0,0x0,0.000416,27.575253,3603.987692,0,0.000000,93.756572,0.747681,0.000000,98.991766
"_Z11getColNormsiiPfiS_",3,0,0,8,24476,752640,192,0,0,3,1,0,0x0,0.000416,27.561341,3603.987692,0,0.000000,93.715242,0.889752,0.000000,98.671578
"_Z11getColNormsiiPfiS_",4,0,0,9,24476,752640,192,0,0,3,1,0,0x0,0.000415,27.630373,3612.672000,0,0.000000,94.188163,0.887541,0.000000,98.660714
"_Z11getColNormsiiPfiS_",5,0,0,10,24476,752640,192,0,0,3,1,0,0x0,0.000420,27.294108,3569.664000,0,0.000000,93.073665,0.912573,0.000000,98.451253
"_Z11getColNormsiiPfiS_",6,0,0,11,24476,752640,192,0,0,3,1,0,0x0,0.000417,27.523694,3603.987692,0,0.000000,93.952858,0.828262,0.000000,98.986392
"_Z11getColNormsiiPfiS_",7,0,0,12,24476,752640,192,0,0,3,1,0,0x0,0.000428,26.828934,3511.144918,0,0.000000,90.820070,0.863112,0.000000,98.665699
"_Z11getColNormsiiPfiS_",8,0,0,13,24476,752640,192,0,0,3,1,0,0x0,0.000418,27.435867,3586.743732,0,0.000000,94.337435,0.696186,0.000000,98.991935
"_Z11getColNormsiiPfiS_",9,0,0,14,24476,752640,192,0,0,3,1,0,0x0,0.000419,27.349250,3578.183484,0,0.000000,92.623098,0.740808,0.000000,98.969130
"_Z11getColNormsiiPfiS_",10,0,0,15,24476,752640,192,0,0,3,1,0,0x0,