kernel-name,dispatch,gpu-id,queue-id,queue-index,tid,grd,wgr,lds,scr,vgpr,sgpr,fbar,sig,time,VALUBusy,performance,LDSInsts,LDSBankConflict,L1MemoryBusy,L1MemoryStalled,L2WriteUnitStalled,L2CacheHit
"_Z12sgemm_kernelPKfS0_Pfiiiff",0,0,0,6,88840,1032256,64,0,0,5,2,0,0x0,0.000046,11.188668,1256.659478,0,0.000000,39.182272,3.546829,0.000000,99.506551
"_Z12sgemm_kernelPKfS0_Pfiiiff",1,0,0,8,88840,1032256,64,0,0,5,2,0,0x0,0.000051,10.292302,1156.126720,0,0.000000,35.629741,3.282660,0.000000,99.346958
"_Z12sgemm_kernelPKfS0_Pfiiiff",2,0,0,9,88840,1032256,64,0,0,5,2,0,0x0,0.000047,11.159367,1256.659478,0,0.000000,38.528263,3.578041,0.000000,99.508210
"_Z12sgemm_kernelPKfS0_Pfiiiff",3,0,0,10,88840,1032256,64,0,0,5,2,0,0x0,0.000048,10.747624,1204.298667,0,0.000000,37.134947,3.414700,0.000000,99.327519
"_Z12sgemm_kernelPKfS0_Pfiiiff",4,0,0,11,88840,1032256,64,0,0,5,2,0,0x0,0.000048,10.746218,1204.298667,0,0.000000,37.012740,3.410016,0.000000,99.351287
"_Z12sgemm_kernelPKfS0_Pfiiiff",5,0,0,12,88840,1032256,64,0,0,5,2,0,0x0,0.000048,10.732039,1204.298667,0,0.000000,37.397259,3.420924,0.000000,99.361613
"_Z12sgemm_kernelPKfS0_Pfiiiff",6,0,0,13,88840,1032256,64,0,0,5,2,0,0x0,0.000049,10.687531,1204.298667,0,0.000000,35.891200,3.250687,0.000000,99.356953
"_Z12sgemm_kernelPKfS0_Pfiiiff",7,0,0,14,88840,1032256,64,0,0,5,2,0,0x0,0.000049,10.693794,1204.298667,0,0.000000,36.589223,3.295962,0.000000,99.331239
"_Z12sgemm_kernelPKfS0_Pfiiiff",8,0,0,15,88840,1032256,64,0,0,5,2,0,0x0,0.000049,10.686549,1204.298667,0,0.000000,36.701936,3.289584,0.000000,99.345066
"_Z12sgemm_kernelPKfS0_Pfiiiff",9,0,0,16,88840,1032256,64,0,0,5,2,0,0x0,0.000047,11.151748,1256.659478,0,0.000000,38.187973,3.429644,0.000000,99.508388
"_Z12sgemm_kernelPKfS0_Pfiiiff",10,0,0,17,88840,1032256,64,0,0,5,2,0,0x0,0.000047,11.161661,1256.659478,0,0.000000,37.447498,3.477879,0.000000,99.506978
