kernel-name,dispatch,gpu-id,queue-id,queue-index,tid,grd,wgr,lds,scr,vgpr,sgpr,fbar,sig,time,VALUBusy,performance,LDSInsts,LDSBankConflict,L1MemoryBusy,L1MemoryStalled,L2WriteUnitStalled,L2CacheHit
"_Z4sumaiiPi",0,0,0,2,78650,2822400,16,0,0,0,0,0,0x0,0.000448,0.769004,100.800000,0,0.000000,20.066898,4.508423,0.000000,99.997167
"_Z4sumaiiPi",1,0,0,4,78650,2822400,16,0,0,0,0,0,0x0,0.000451,0.763580,100.129490,0,0.000000,20.073297,4.687136,0.000000,99.921870
"_Z4sumaiiPi",2,0,0,5,78650,2822400,16,0,0,0,0,0,0x0,0.000447,0.770196,101.025503,0,0.000000,20.098096,4.515374,0.000000,99.997167
"_Z4sumaiiPi",3,0,0,6,78650,2822400,16,0,0,0,0,0,0x0,0.000449,0.767165,100.575501,0,0.000000,20.092825,4.622993,0.000000,99.921870
"_Z4sumaiiPi",4,0,0,7,78650,2822400,16,0,0,0,0,0,0x0,0.000449,0.766649,100.575501,0,0.000000,20.088055,4.631709,0.000000,99.921870
"_Z4sumaiiPi",5,0,0,8,78650,2822400,16,0,0,0,0,0,0x0,0.000453,0.760452,99.687417,0,0.000000,19.919803,4.756014,0.000000,99.877764
"_Z4sumaiiPi",6,0,0,9,78650,2822400,16,0,0,0,0,0,0x0,0.000449,0.766618,100.575501,0,0.000000,19.974495,4.490124,0.000000,99.969413
"_Z4sumaiiPi",7,0,0,10,78650,2822400,16,0,0,0,0,0,0x0,0.000447,0.770178,101.025503,0,0.000000,20.093951,4.514638,0.000000,99.997167
"_Z4sumaiiPi",8,0,0,11,78650,2822400,16,0,0,0,0,0,0x0,0.000448,0.769891,101.025503,0,0.000000,20.085928,4.512542,0.000000,99.997167
"_Z4sumaiiPi",9,0,0,12,78650,2822400,16,0,0,0,0,0,0x0,0.000447,0.770036,101.025503,0,0.000000,20.092446,4.513805,0.000000,99.997167
"_Z4sumaiiPi",10,0,0,13,78650,2822400,16,0,0,0,0,0,0x0,0.000447,0.770130,101.025503,0,0.000000,20.095370,4.514640,0.000000,99.997167
