kernel-name,dispatch,gpu-id,queue-id,queue-index,tid,grd,wgr,lds,scr,vgpr,sgpr,fbar,sig,time,VALUBusy,performance,LDSInsts,LDSBankConflict,L1MemoryBusy,L1MemoryStalled,L2WriteUnitStalled,L2CacheHit
"_Z5gaxpyPdS_S_ii",0,0,0,6,61450,1517824,16,0,0,2,1,0,0x0,0.136923,13.546016,245.919444,116873372,0.000000,0.000177,0.000014,0.000000,92.824074
"_Z5gaxpyPdS_S_ii",1,0,0,8,61450,1517824,16,0,0,2,1,0,0x0,0.136999,13.538454,245.781226,116873372,0.000000,0.000261,0.000098,0.000000,82.680412
"_Z5gaxpyPdS_S_ii",2,0,0,9,61450,1517824,16,0,0,2,1,0,0x0,0.136999,13.538494,245.781226,116873372,0.000000,0.000177,0.000014,0.000000,93.255814
"_Z5gaxpyPdS_S_ii",3,0,0,10,61450,1517824,16,0,0,2,1,0,0x0,0.137025,13.535970,245.736383,116873372,0.000000,0.000177,0.000014,0.000000,93.255814
"_Z5gaxpyPdS_S_ii",4,0,0,11,61450,1517824,16,0,0,2,1,0,0x0,0.137003,13.538065,245.774050,116873372,0.000000,0.000177,0.000014,0.000000,93.255814
"_Z5gaxpyPdS_S_ii",5,0,0,12,61450,1517824,16,0,0,2,1,0,0x0,0.136994,13.538984,245.790196,116873372,0.000000,0.000177,0.000014,0.000000,93.255814
"_Z5gaxpyPdS_S_ii",6,0,0,13,61450,1517824,16,0,0,2,1,0,0x0,0.136682,13.569916,246.353057,116873372,0.000000,0.000177,0.000014,0.000000,93.255814
"_Z5gaxpyPdS_S_ii",7,0,0,14,61450,1517824,16,0,0,2,1,0,0x0,0.137012,13.537217,245.759699,116873372,0.000000,0.000177,0.000014,0.000000,93.255814
"_Z5gaxpyPdS_S_ii",8,0,0,15,61450,1517824,16,0,0,2,1,0,0x0,0.137066,13.531921,245.662876,116873372,0.000000,0.000177,0.000014,0.000000,93.255814
"_Z5gaxpyPdS_S_ii",9,0,0,16,61450,1517824,16,0,0,2,1,0,0x0,0.137185,13.520192,245.449777,116873372,0.000000,0.000177,0.000014,0.000000,93.255814
"_Z5gaxpyPdS_S_ii",10,0,0,17,61450,1517824,16,0,0,2,1,0,0x0,0.137130,13.525541,245.546431,116873372,0.000000,0.000177,0.000014,0.000000,93.255814
