kernel-name,dispatch,gpu-id,queue-id,queue-index,tid,grd,wgr,lds,scr,vgpr,sgpr,fbar,sig,time,VALUBusy,performance,LDSInsts,LDSBankConflict,L1MemoryBusy,L1MemoryStalled,L2WriteUnitStalled,L2CacheHit
"_Z18Mask_Invert_KernelPiS_",0,0,0,4,7598,614656,16,0,0,0,1,0,0x0,0.000102,4.058485,486.856238,0,0.000000,31.613652,4.243039,0.000000,99.693976
"_Z18Mask_Invert_KernelPiS_",1,0,0,6,7598,614656,16,0,0,0,1,0,0x0,0.000106,3.896554,468.309333,0,0.000000,30.394037,4.100005,0.000000,99.533284
"_Z18Mask_Invert_KernelPiS_",2,0,0,7,7598,614656,16,0,0,0,1,0,0x0,0.000102,4.058885,486.856238,0,0.000000,31.809632,4.243303,0.000000,99.693976
"_Z18Mask_Invert_KernelPiS_",3,0,0,8,7598,614656,16,0,0,0,1,0,0x0,0.000104,3.984281,477.402718,0,0.000000,30.852794,4.186881,0.000000,99.526101
"_Z18Mask_Invert_KernelPiS_",4,0,0,9,7598,614656,16,0,0,0,1,0,0x0,0.000104,3.984521,477.402718,0,0.000000,31.028302,4.178535,0.000000,99.528495
"_Z18Mask_Invert_KernelPiS_",5,0,0,10,7598,614656,16,0,0,0,1,0,0x0,0.000104,3.977249,477.402718,0,0.000000,30.809485,4.187021,0.000000,99.530889
"_Z18Mask_Invert_KernelPiS_",6,0,0,11,7598,614656,16,0,0,0,1,0,0x0,0.000104,3.976746,477.402718,0,0.000000,30.765687,4.169929,0.000000,99.535678
"_Z18Mask_Invert_KernelPiS_",7,0,0,12,7598,614656,16,0,0,0,1,0,0x0,0.000104,3.975189,477.402718,0,0.000000,30.862618,4.167394,0.000000,99.533284
"_Z18Mask_Invert_KernelPiS_",8,0,0,13,7598,614656,16,0,0,0,1,0,0x0,0.000102,4.050891,486.856238,0,0.000000,31.872910,4.239701,0.000000,99.693976
"_Z18Mask_Invert_KernelPiS_",9,0,0,14,7598,614656,16,0,0,0,1,0,0x0,0.000102,4.051662,486.856238,0,0.000000,31.548072,4.252626,0.000000,99.693976
"_Z18Mask_Invert_KernelPiS_",10,0,0,15,7598,614656,16,0,0,0,1,0,0x0,0.000102,4.057014,486.856238,0,0.000000,31.551653,4.255787,0.000000,99.693976
