kernel-name,dispatch,gpu-id,queue-id,queue-index,tid,grd,wgr,lds,scr,vgpr,sgpr,fbar,sig,time,VALUBusy,performance,LDSInsts,LDSBankConflict,L1MemoryBusy,L1MemoryStalled,L2WriteUnitStalled,L2CacheHit
"_Z18Mask_Invert_KernelPiS_",0,0,0,4,7304,246016,64,0,0,0,1,0,0x0,0.000015,2.711625,328.021333,0,0.000000,17.136261,2.500513,0.000000,98.443912
"_Z18Mask_Invert_KernelPiS_",1,0,0,6,7304,246016,64,0,0,0,1,0,0x0,0.000019,2.132351,258.964211,0,0.000000,13.110799,2.005067,0.000000,97.427653
"_Z18Mask_Invert_KernelPiS_",2,0,0,7,7304,246016,64,0,0,0,1,0,0x0,0.000015,2.707181,328.021333,0,0.000000,16.733251,2.392952,0.000000,98.443912
"_Z18Mask_Invert_KernelPiS_",3,0,0,8,7304,246016,64,0,0,0,1,0,0x0,0.000017,2.414529,289.430588,0,0.000000,13.990608,2.150714,0.000000,97.378214
"_Z18Mask_Invert_KernelPiS_",4,0,0,9,7304,246016,64,0,0,0,1,0,0x0,0.000017,2.425788,289.430588,0,0.000000,14.233918,2.128617,0.000000,97.411168
"_Z18Mask_Invert_KernelPiS_",5,0,0,10,7304,246016,64,0,0,0,1,0,0x0,0.000017,2.393015,289.430588,0,0.000000,13.935673,2.111630,0.000000,97.427653
"_Z18Mask_Invert_KernelPiS_",6,0,0,11,7304,246016,64,0,0,0,1,0,0x0,0.000017,2.377771,289.430588,0,0.000000,13.548190,2.043295,0.000000,97.411168
"_Z18Mask_Invert_KernelPiS_",7,0,0,12,7304,246016,64,0,0,0,1,0,0x0,0.000018,2.357998,289.430588,0,0.000000,13.678218,2.031657,0.000000,97.411168
"_Z18Mask_Invert_KernelPiS_",8,0,0,13,7304,246016,64,0,0,0,1,0,0x0,0.000017,2.378114,289.430588,0,0.000000,14.251134,2.177669,0.000000,97.427653
"_Z18Mask_Invert_KernelPiS_",9,0,0,14,7304,246016,64,0,0,0,1,0,0x0,0.000015,2.664600,328.021333,0,0.000000,16.887477,2.371446,0.000000,98.443912
"_Z18Mask_Invert_KernelPiS_",10,0,0,15,7304,246016,64,0,0,0,1,0,0x0,0.000015,2.704521,328.021333,0,0.000000,16.289042,2.362970,0.000000,98.443912
