kernel-name,dispatch,gpu-id,queue-id,queue-index,tid,grd,wgr,lds,scr,vgpr,sgpr,fbar,sig,time,VALUBusy,performance,LDSInsts,LDSBankConflict,L1MemoryBusy,L1MemoryStalled,L2WriteUnitStalled,L2CacheHit
"_Z16_cuda_add_scalarPiii",0,0,0,2,28338,61440,256,0,0,0,1,0,0x0,0.000094,21.606516,2519.040000,0,0.000000,53.405598,8.286812,0.000000,98.773506
"_Z16_cuda_add_scalarPiii",1,0,0,4,28338,61440,256,0,0,0,1,0,0x0,0.000100,20.323427,2367.897600,0,0.000000,48.037275,8.290303,0.000000,98.743155
"_Z16_cuda_add_scalarPiii",2,0,0,5,28338,61440,256,0,0,0,1,0,0x0,0.000094,21.655390,2546.126452,0,0.000000,52.689293,8.624899,0.000000,98.787954
"_Z16_cuda_add_scalarPiii",3,0,0,6,28338,61440,256,0,0,0,1,0,0x0,0.000097,21.004743,2466.560000,0,0.000000,49.494886,9.059465,0.000000,98.748166
"_Z16_cuda_add_scalarPiii",4,0,0,7,28338,61440,256,0,0,0,1,0,0x0,0.000094,21.556720,2519.040000,0,0.000000,68.902031,9.296708,0.000000,98.738087
"_Z16_cuda_add_scalarPiii",5,0,0,8,28338,61440,256,0,0,0,1,0,0x0,0.000098,20.778939,2441.131546,0,0.000000,52.483578,9.329456,0.000000,98.747274
"_Z16_cuda_add_scalarPiii",6,0,0,9,28338,61440,256,0,0,0,1,0,0x0,0.000101,20.147937,2367.897600,0,0.000000,48.934728,8.119990,0.000000,98.755890
"_Z16_cuda_add_scalarPiii",7,0,0,10,28338,61440,256,0,0,0,1,0,0x0,0.000100,20.294915,2367.897600,0,0.000000,46.707142,8.935218,0.000000,98.754883
"_Z16_cuda_add_scalarPiii",8,0,0,11,28338,61440,256,0,0,0,1,0,0x0,0.000098,20.794869,2441.131546,0,0.000000,47.290917,8.456261,0.000000,98.788811
"_Z16_cuda_add_scalarPiii",9,0,0,12,28338,61440,256,0,0,0,1,0,0x0,0.000097,20.927496,2441.131546,0,0.000000,50.558710,8.236947,0.000000,98.802449
"_Z16_cuda_add_scalarPiii",10,0,0,13,28338,61440,256,0,0,0,1,0,0x0,0.000098,20.853487,2441.131546,0,0.000000,52.421535,9.101218,0.000000,98.788451
