kernel-name,dispatch,gpu-id,queue-id,queue-index,tid,grd,wgr,lds,scr,vgpr,sgpr,fbar,sig,time,VALUBusy,performance,LDSInsts,LDSBankConflict,L1MemoryBusy,L1MemoryStalled,L2WriteUnitStalled,L2CacheHit
"_Z32conv_horizontal_naive_gradWeightiPfPKfii",0,0,0,4,5236,1517824,16,0,0,1,1,0,0x0,0.000243,0.825591,106.104099,0,0.000000,0.121526,0.014853,0.000000,93.245779
"_Z32conv_horizontal_naive_gradWeightiPfPKfii",1,0,0,6,5236,1517824,16,0,0,1,1,0,0x0,0.000247,0.812268,104.810146,0,0.000000,0.119565,0.052128,0.000000,84.523810
"_Z32conv_horizontal_naive_gradWeightiPfPKfii",2,0,0,7,5236,1517824,16,0,0,1,1,0,0x0,0.000243,0.825610,106.542545,0,0.000000,0.121529,0.014854,0.000000,93.245779
"_Z32conv_horizontal_naive_gradWeightiPfPKfii",3,0,0,8,5236,1517824,16,0,0,1,1,0,0x0,0.000248,0.809070,104.385814,0,0.000000,0.119094,0.056901,0.000000,63.963964
"_Z32conv_horizontal_naive_gradWeightiPfPKfii",4,0,0,9,5236,1517824,16,0,0,1,1,0,0x0,0.000246,0.816587,105.237943,0,0.000000,0.120201,0.014691,0.000000,93.071161
"_Z32conv_horizontal_naive_gradWeightiPfPKfii",5,0,0,10,5236,1517824,16,0,0,1,1,0,0x0,0.000246,0.815889,105.237943,0,0.000000,0.120098,0.054140,0.000000,84.812287
"_Z32conv_horizontal_naive_gradWeightiPfPKfii",6,0,0,11,5236,1517824,16,0,0,1,1,0,0x0,0.000247,0.811820,104.385814,0,0.000000,0.119499,0.095599,0.000000,64.294955
"_Z32conv_horizontal_naive_gradWeightiPfPKfii",7,0,0,12,5236,1517824,16,0,0,1,1,0,0x0,0.000246,0.815836,105.237943,0,0.000000,0.120090,0.014678,0.000000,93.071161
"_Z32conv_horizontal_naive_gradWeightiPfPKfii",8,0,0,13,5236,1517824,16,0,0,1,1,0,0x0,0.000243,0.825149,106.104099,0,0.000000,0.121461,0.014845,0.000000,93.245779
"_Z32conv_horizontal_naive_gradWeightiPfPKfii",9,0,0,14,5236,1517824,16,0,0,1,1,0,0x0,0.000243,0.825234,106.104099,0,0.000000,0.121474,0.014847,0.000000,93.245779
"_Z32conv_horizontal_naive_gradWeightiPfPKfii",10,0,0,15,5236,1517824,16,0,0,1,1,0,0x0,0.000243,0.825285,106.104099,0,0.000000,0.121481,0.014848,0.000000,93.245779
