kernel-name,dispatch,gpu-id,queue-id,queue-index,tid,grd,wgr,lds,scr,vgpr,sgpr,fbar,sig,time,VALUBusy,performance,LDSInsts,LDSBankConflict,L1MemoryBusy,L1MemoryStalled,L2WriteUnitStalled,L2CacheHit
"_Z9addKernelPiPKiS1_",0,0,0,6,121216,61440,64,0,0,0,0,0,0x0,0.000008,0.338168,46.080000,0,0.000000,8.790486,1.858045,0.000000,99.629630
"_Z9addKernelPiPKiS1_",1,0,0,8,121216,61440,64,0,0,0,0,0,0x0,0.000014,0.207603,28.356923,0,0.000000,12.008673,2.112936,0.000000,92.320892
"_Z9addKernelPiPKiS1_",2,0,0,9,121216,61440,64,0,0,0,0,0,0x0,0.000008,0.335096,46.080000,0,0.000000,8.451858,1.861643,0.000000,99.629630
"_Z9addKernelPiPKiS1_",3,0,0,10,121216,61440,64,0,0,0,0,0,0x0,0.000011,0.266682,36.864000,0,0.000000,14.594939,3.530580,0.000000,92.281304
"_Z9addKernelPiPKiS1_",4,0,0,11,121216,61440,64,0,0,0,0,0,0x0,0.000011,0.251467,33.512727,0,0.000000,13.879575,2.612462,0.000000,92.281304
"_Z9addKernelPiPKiS1_",5,0,0,12,121216,61440,64,0,0,0,0,0,0x0,0.000010,0.269058,36.864000,0,0.000000,15.475336,3.481315,0.000000,92.202228
"_Z9addKernelPiPKiS1_",6,0,0,13,121216,61440,64,0,0,0,0,0,0x0,0.000012,0.240295,33.512727,0,0.000000,14.206760,3.202595,0.000000,92.360515
"_Z9addKernelPiPKiS1_",7,0,0,14,121216,61440,64,0,0,0,0,0,0x0,0.000011,0.255885,36.864000,0,0.000000,14.271295,2.634198,0.000000,92.241749
"_Z9addKernelPiPKiS1_",8,0,0,15,121216,61440,64,0,0,0,0,0,0x0,0.000009,0.303010,40.960000,0,0.000000,7.630799,1.622786,0.000000,99.629630
"_Z9addKernelPiPKiS1_",9,0,0,16,121216,61440,64,0,0,0,0,0,0x0,0.000009,0.329260,46.080000,0,0.000000,7.708349,1.785322,0.000000,99.629630
"_Z9addKernelPiPKiS1_",10,0,0,17,121216,61440,64,0,0,0,0,0,0x0,0.000009,0.319443,46.080000,0,0.000000,7.579683,1.639810,0.000000,99.629630
