kernel-name,dispatch,gpu-id,queue-id,queue-index,tid,grd,wgr,lds,scr,vgpr,sgpr,fbar,sig,time,VALUBusy,performance,LDSInsts,LDSBankConflict,L1MemoryBusy,L1MemoryStalled,L2WriteUnitStalled,L2CacheHit
"_Z10kWriteRowsPfS_iiiif",0,0,0,4,128309,253952,128,0,0,1,2,0,0x0,0.000013,3.860153,468.834462,0,0.000000,14.814416,2.034243,0.000000,98.266423
"_Z10kWriteRowsPfS_iiiif",1,0,0,6,128309,253952,128,0,0,1,2,0,0x0,0.000020,2.570399,320.781474,0,0.000000,9.230794,1.398412,0.000000,97.415299
"_Z10kWriteRowsPfS_iiiif",2,0,0,7,128309,253952,128,0,0,1,2,0,0x0,0.000013,3.987533,507.904000,0,0.000000,13.794340,1.794637,0.000000,98.257520
"_Z10kWriteRowsPfS_iiiif",3,0,0,8,128309,253952,128,0,0,1,2,0,0x0,0.000019,2.634331,320.781474,0,0.000000,9.581318,1.454438,0.000000,97.326107
"_Z10kWriteRowsPfS_iiiif",4,0,0,9,128309,253952,128,0,0,1,2,0,0x0,0.000018,2.776821,338.602667,0,0.000000,13.214015,1.918969,0.000000,97.333814
"_Z10kWriteRowsPfS_iiiif",5,0,0,10,128309,253952,128,0,0,1,2,0,0x0,0.000019,2.667020,338.602667,0,0.000000,13.582443,1.917541,0.000000,97.302716
"_Z10kWriteRowsPfS_iiiif",6,0,0,11,128309,253952,128,0,0,1,2,0,0x0,0.000019,2.619690,320.781474,0,0.000000,9.596321,1.471544,0.000000,97.397116
"_Z10kWriteRowsPfS_iiiif",7,0,0,12,128309,253952,128,0,0,1,2,0,0x0,0.000020,2.581100,320.781474,0,0.000000,12.433951,1.704454,0.000000,97.310069
"_Z10kWriteRowsPfS_iiiif",8,0,0,13,128309,253952,128,0,0,1,2,0,0x0,0.000019,2.589225,320.781474,0,0.000000,11.437084,1.641556,0.000000,97.339565
"_Z10kWriteRowsPfS_iiiif",9,0,0,14,128309,253952,128,0,0,1,2,0,0x0,0.000014,3.680870,468.834462,0,0.000000,14.305613,1.979723,0.000000,98.270526
"_Z10kWriteRowsPfS_iiiif",10,0,0,15,128309,253952,128,0,0,1,2,0,0x0,0.000014,3.593882,435.346286,0,0.000000,12.855041,1.794712,0.000000,98.348975
