kernel-name,dispatch,gpu-id,queue-id,queue-index,tid,grd,wgr,lds,scr,vgpr,sgpr,fbar,sig,time,VALUBusy,performance,LDSInsts,LDSBankConflict,L1MemoryBusy,L1MemoryStalled,L2WriteUnitStalled,L2CacheHit
"_Z17get_conflict_edgePiS_S_S_iiS_iii",0,0,0,10,61966,1032256,64,0,0,1,2,0,0x0,0.000046,5.830995,688.170667,0,0.000000,22.782889,0.000000,0.000000,89.880952
"_Z17get_conflict_edgePiS_S_S_iiS_iii",1,0,0,12,61966,1032256,64,0,0,1,2,0,0x0,0.000051,5.281848,619.353600,0,0.000000,21.168925,0.000000,0.000000,75.500000
"_Z17get_conflict_edgePiS_S_S_iiS_iii",2,0,0,13,61966,1032256,64,0,0,1,2,0,0x0,0.000046,5.812090,673.210435,0,0.000000,22.872831,0.000000,0.000000,89.880952
"_Z17get_conflict_edgePiS_S_S_iiS_iii",3,0,0,14,61966,1032256,64,0,0,1,2,0,0x0,0.000050,5.373872,631.993469,0,0.000000,20.871381,0.000000,0.000000,75.124378
"_Z17get_conflict_edgePiS_S_S_iiS_iii",4,0,0,15,61966,1032256,64,0,0,1,2,0,0x0,0.000049,5.424632,631.993469,0,0.000000,21.433817,0.000000,0.000000,74.937965
"_Z17get_conflict_edgePiS_S_S_iiS_iii",5,0,0,16,61966,1032256,64,0,0,1,2,0,0x0,0.000050,5.323061,619.353600,0,0.000000,20.608809,0.000000,0.000000,75.124378
"_Z17get_conflict_edgePiS_S_S_iiS_iii",6,0,0,17,61966,1032256,64,0,0,1,2,0,0x0,0.000050,5.367947,631.993469,0,0.000000,21.681577,0.000000,0.000000,74.937965
"_Z17get_conflict_edgePiS_S_S_iiS_iii",7,0,0,18,61966,1032256,64,0,0,1,2,0,0x0,0.000051,5.264131,619.353600,0,0.000000,20.462979,0.000000,0.000000,75.124378
"_Z17get_conflict_edgePiS_S_S_iiS_iii",8,0,0,19,61966,1032256,64,0,0,1,2,0,0x0,0.000050,5.368081,631.993469,0,0.000000,21.783611,0.000000,0.000000,75.500000
"_Z17get_conflict_edgePiS_S_S_iiS_iii",9,0,0,20,61966,1032256,64,0,0,1,2,0,0x0,0.000046,5.792053,673.210435,0,0.000000,22.684472,0.000000,0.000000,89.880952
"_Z17get_conflict_edgePiS_S_S_iiS_iii",10,0,0,21,61966,1032256,64,0,0,1,2,0,0x0,0.000046,5.799423,673.210435,0,0.000000,23.336018,0.000000,0.000000,89.880952
