kernel-name,dispatch,gpu-id,queue-id,queue-index,tid,grd,wgr,lds,scr,vgpr,sgpr,fbar,sig,time,VALUBusy,performance,LDSInsts,LDSBankConflict,L1MemoryBusy,L1MemoryStalled,L2WriteUnitStalled,L2CacheHit
"_Z23kHingeQuadraticRowMajorPfS_S_jjf",0,0,0,6,22763,1040384,128,0,0,5,2,0,0x0,0.000027,1.187148,156.861630,0,0.000000,0.271577,0.025210,0.000000,84.883721
"_Z23kHingeQuadraticRowMajorPfS_S_jjf",1,0,0,8,22763,1040384,128,0,0,5,2,0,0x0,0.000031,1.038992,136.621419,0,0.000000,0.530528,0.373074,0.000000,70.873786
"_Z23kHingeQuadraticRowMajorPfS_S_jjf",2,0,0,9,22763,1040384,128,0,0,5,2,0,0x0,0.000026,1.254784,169.410560,0,0.000000,0.320963,0.069643,0.000000,85.171103
"_Z23kHingeQuadraticRowMajorPfS_S_jjf",3,0,0,10,22763,1040384,128,0,0,5,2,0,0x0,0.000029,1.104972,146.043586,0,0.000000,0.410632,0.302907,0.000000,71.061093
"_Z23kHingeQuadraticRowMajorPfS_S_jjf",4,0,0,11,22763,1040384,128,0,0,5,2,0,0x0,0.000028,1.152520,151.259429,0,0.000000,0.478362,0.315385,0.000000,70.873786
"_Z23kHingeQuadraticRowMajorPfS_S_jjf",5,0,0,12,22763,1040384,128,0,0,5,2,0,0x0,0.000029,1.105232,146.043586,0,0.000000,0.413395,0.305646,0.000000,71.061093
"_Z23kHingeQuadraticRowMajorPfS_S_jjf",6,0,0,13,22763,1040384,128,0,0,5,2,0,0x0,0.000031,1.049390,141.175467,0,0.000000,0.532292,0.322110,0.000000,69.966997
"_Z23kHingeQuadraticRowMajorPfS_S_jjf",7,0,0,14,22763,1040384,128,0,0,5,2,0,0x0,0.000029,1.134497,151.259429,0,0.000000,0.555750,0.328522,0.000000,70.198675
"_Z23kHingeQuadraticRowMajorPfS_S_jjf",8,0,0,15,22763,1040384,128,0,0,5,2,0,0x0,0.000026,1.242653,162.894769,0,0.000000,0.177522,0.056375,0.000000,85.283019
"_Z23kHingeQuadraticRowMajorPfS_S_jjf",9,0,0,16,22763,1040384,128,0,0,5,2,0,0x0,0.000028,1.163391,156.861630,0,0.000000,0.263897,0.051095,0.000000,84.883721
"_Z23kHingeQuadraticRowMajorPfS_S_jjf",10,0,0,17,22763,1040384,128,0,0,5,2,0,0x0,0.000028,1.165984,156.861630,0,0.000000,0.165444,0.051771,0.000000,85.283019
