kernel-name,dispatch,gpu-id,queue-id,queue-index,tid,grd,wgr,lds,scr,vgpr,sgpr,fbar,sig,time,VALUBusy,performance,LDSInsts,LDSBankConflict,L1MemoryBusy,L1MemoryStalled,L2WriteUnitStalled,L2CacheHit
"_Z5gaxpyPdS_S_ii",0,0,0,6,85908,57600,16,0,0,2,1,0,0x0,0.012210,1.123280,20.424749,864180,0.000000,0.002664,0.000211,0.000000,92.857143
"_Z5gaxpyPdS_S_ii",1,0,0,8,85908,57600,16,0,0,2,1,0,0x0,0.012218,1.122516,20.409704,864180,0.000000,0.003340,0.000307,0.000000,74.144487
"_Z5gaxpyPdS_S_ii",2,0,0,9,85908,57600,16,0,0,2,1,0,0x0,0.012204,1.123810,20.433117,864180,0.000000,0.002666,0.000211,0.000000,92.857143
"_Z5gaxpyPdS_S_ii",3,0,0,10,85908,57600,16,0,0,2,1,0,0x0,0.012211,1.123169,20.421404,864180,0.000000,0.002617,0.000211,0.000000,92.857143
"_Z5gaxpyPdS_S_ii",4,0,0,11,85908,57600,16,0,0,2,1,0,0x0,0.012204,1.123789,20.433117,864180,0.000000,0.002666,0.000211,0.000000,92.857143
"_Z5gaxpyPdS_S_ii",5,0,0,12,85908,57600,16,0,0,2,1,0,0x0,0.012209,1.123359,20.426422,864180,0.000000,0.002665,0.000211,0.000000,92.857143
"_Z5gaxpyPdS_S_ii",6,0,0,13,85908,57600,16,0,0,2,1,0,0x0,0.012212,1.123053,20.419731,864180,0.000000,0.002664,0.000211,0.000000,92.857143
"_Z5gaxpyPdS_S_ii",7,0,0,14,85908,57600,16,0,0,2,1,0,0x0,0.012198,1.124336,20.443168,864180,0.000000,0.002630,0.000211,0.000000,92.857143
"_Z5gaxpyPdS_S_ii",8,0,0,15,85908,57600,16,0,0,2,1,0,0x0,0.012215,1.122784,20.414716,864180,0.000000,0.002663,0.000211,0.000000,92.857143
"_Z5gaxpyPdS_S_ii",9,0,0,16,85908,57600,16,0,0,2,1,0,0x0,0.012215,1.122786,20.414716,864180,0.000000,0.002663,0.000211,0.000000,92.857143
"_Z5gaxpyPdS_S_ii",10,0,0,17,85908,57600,16,0,0,2,1,0,0x0,0.012209,1.123381,20.426422,864180,0.000000,0.002665,0.000211,0.000000,92.857143
