kernel-name,dispatch,gpu-id,queue-id,queue-index,tid,grd,wgr,lds,scr,vgpr,sgpr,fbar,sig,time,VALUBusy,performance,LDSInsts,LDSBankConflict,L1MemoryBusy,L1MemoryStalled,L2WriteUnitStalled,L2CacheHit
"_Z15conv2genericrevPfS_S_iiiiiifii",0,0,0,6,33846,4145152,128,49024,0,6,4,0,0x0,0.000692,6.994096,779.840463,97152,0.000000,8.261120,0.544085,0.000000,99.627136
"_Z15conv2genericrevPfS_S_iiiiiifii",1,0,0,8,33846,4145152,128,49024,0,6,4,0,0x0,0.000699,6.920837,770.915250,97152,0.000000,8.181964,0.544576,0.000000,99.535837
"_Z15conv2genericrevPfS_S_iiiiiifii",2,0,0,9,33846,4145152,128,49024,0,6,4,0,0x0,0.000695,6.960855,775.352173,97152,0.000000,8.215922,0.587129,0.000000,99.352453
"_Z15conv2genericrevPfS_S_iiiiiifii",3,0,0,10,33846,4145152,128,49024,0,6,4,0,0x0,0.000698,6.927568,772.019713,97152,0.000000,8.174599,0.671187,0.000000,99.331354
"_Z15conv2genericrevPfS_S_iiiiiifii",4,0,0,11,33846,4145152,128,49024,0,6,4,0,0x0,0.000697,6.944190,774.238161,97152,0.000000,8.173022,0.588886,0.000000,99.323189
"_Z15conv2genericrevPfS_S_iiiiiifii",5,0,0,12,33846,4145152,128,49024,0,6,4,0,0x0,0.000700,6.909767,769.813943,97152,0.000000,8.153973,0.621578,0.000000,99.364238
"_Z15conv2genericrevPfS_S_iiiiiifii",6,0,0,13,33846,4145152,128,49024,0,6,4,0,0x0,0.000694,6.968800,776.469395,97152,0.000000,8.226920,0.541869,0.000000,99.626560
"_Z15conv2genericrevPfS_S_iiiiiifii",7,0,0,14,33846,4145152,128,49024,0,6,4,0,0x0,0.000695,6.967031,776.469395,97152,0.000000,8.225305,0.541732,0.000000,99.628279
"_Z15conv2genericrevPfS_S_iiiiiifii",8,0,0,15,33846,4145152,128,49024,0,6,4,0,0x0,0.000695,6.964148,776.469395,97152,0.000000,8.217673,0.541260,0.000000,99.630775
"_Z15conv2genericrevPfS_S_iiiiiifii",9,0,0,16,33846,4145152,128,49024,0,6,4,0,0x0,0.000694,6.975864,777.589841,97152,0.000000,8.225911,0.541675,0.000000,99.626914
"_Z15conv2genericrevPfS_S_iiiiiifii",10,0,0,17,33846,4145152,128,49024,0,6,4,0,0x0,0.000694,6.973765,777.589841,97152,0.000000,8.234449,0.542255,0.000000,99.626631
