kernel-name,dispatch,gpu-id,queue-id,queue-index,tid,grd,wgr,lds,scr,vgpr,sgpr,fbar,sig,time,VALUBusy,performance,LDSInsts,LDSBankConflict,L1MemoryBusy,L1MemoryStalled,L2WriteUnitStalled,L2CacheHit
"_Z11unsignedGPUiPjS_S_S_",0,0,0,8,45483,285696,192,0,0,0,3,0,0x0,0.000014,4.080967,439.532308,0,0.000000,15.970566,3.262973,0.000000,99.841404
"_Z11unsignedGPUiPjS_S_S_",1,0,0,10,45483,285696,192,0,0,0,3,0,0x0,0.000020,2.808406,285.696000,0,0.000000,15.229040,2.975656,0.000000,98.065523
"_Z11unsignedGPUiPjS_S_S_",2,0,0,11,45483,285696,192,0,0,0,3,0,0x0,0.000013,4.219012,439.532308,0,0.000000,17.116834,3.505956,0.000000,99.840051
"_Z11unsignedGPUiPjS_S_S_",3,0,0,12,45483,285696,192,0,0,0,3,0,0x0,0.000018,3.163817,336.112941,0,0.000000,17.298500,3.866015,0.000000,98.044315
"_Z11unsignedGPUiPjS_S_S_",4,0,0,13,45483,285696,192,0,0,0,3,0,0x0,0.000018,3.166027,336.112941,0,0.000000,17.474686,3.777060,0.000000,98.046347
"_Z11unsignedGPUiPjS_S_S_",5,0,0,14,45483,285696,192,0,0,0,3,0,0x0,0.000018,3.131151,317.440000,0,0.000000,17.463483,4.227529,0.000000,98.062298
"_Z11unsignedGPUiPjS_S_S_",6,0,0,15,45483,285696,192,0,0,0,3,0,0x0,0.000019,3.018978,317.440000,0,0.000000,16.996837,3.454303,0.000000,98.032480
"_Z11unsignedGPUiPjS_S_S_",7,0,0,16,45483,285696,192,0,0,0,3,0,0x0,0.000019,3.030784,317.440000,0,0.000000,17.358279,3.451935,0.000000,98.043908
"_Z11unsignedGPUiPjS_S_S_",8,0,0,17,45483,285696,192,0,0,0,3,0,0x0,0.000019,3.058591,317.440000,0,0.000000,17.181070,3.669129,0.000000,98.034117
"_Z11unsignedGPUiPjS_S_S_",9,0,0,18,45483,285696,192,0,0,0,3,0,0x0,0.000014,4.172227,439.532308,0,0.000000,16.906318,3.403810,0.000000,99.840017
"_Z11unsignedGPUiPjS_S_S_",10,0,0,19,45483,285696,192,0,0,0,3,0,0x0,0.000014,4.114484,439.532308,0,0.000000,16.233324,3.382793,0.000000,99.841001
