kernel-name,dispatch,gpu-id,queue-id,queue-index,tid,grd,wgr,lds,scr,vgpr,sgpr,fbar,sig,time,VALUBusy,performance,LDSInsts,LDSBankConflict,L1MemoryBusy,L1MemoryStalled,L2WriteUnitStalled,L2CacheHit
"_Z26extract_with_interpolationiPfS_S_iiii",0,0,0,6,12325,2822400,16,0,0,9,4,0,0x0,0.000447,0.894282,114.615839,0,0.000000,2.784133,0.159508,0.000000,92.492492
"_Z26extract_with_interpolationiPfS_S_iiii",1,0,0,8,12325,2822400,16,0,0,9,4,0,0x0,0.000453,0.882922,113.347965,0,0.000000,2.784988,0.178870,0.000000,84.919473
"_Z26extract_with_interpolationiPfS_S_iiii",2,0,0,9,12325,2822400,16,0,0,9,4,0,0x0,0.000447,0.894246,114.615839,0,0.000000,2.790729,0.162576,0.000000,92.283951
"_Z26extract_with_interpolationiPfS_S_iiii",3,0,0,10,12325,2822400,16,0,0,9,4,0,0x0,0.000450,0.887713,113.851733,0,0.000000,2.803845,0.178973,0.000000,84.919473
"_Z26extract_with_interpolationiPfS_S_iiii",4,0,0,11,12325,2822400,16,0,0,9,4,0,0x0,0.000452,0.883786,113.347965,0,0.000000,2.769862,0.195931,0.000000,67.494357
"_Z26extract_with_interpolationiPfS_S_iiii",5,0,0,12,12325,2822400,16,0,0,9,4,0,0x0,0.000451,0.886543,113.599290,0,0.000000,2.760039,0.160794,0.000000,92.353823
"_Z26extract_with_interpolationiPfS_S_iiii",6,0,0,13,12325,2822400,16,0,0,9,4,0,0x0,0.000451,0.886701,113.599290,0,0.000000,2.760532,0.178839,0.000000,84.848485
"_Z26extract_with_interpolationiPfS_S_iiii",7,0,0,14,12325,2822400,16,0,0,9,4,0,0x0,0.000448,0.892820,114.615839,0,0.000000,2.772882,0.158863,0.000000,92.690058
"_Z26extract_with_interpolationiPfS_S_iiii",8,0,0,15,12325,2822400,16,0,0,9,4,0,0x0,0.000447,0.894049,114.615839,0,0.000000,2.783406,0.161911,0.000000,92.492492
"_Z26extract_with_interpolationiPfS_S_iiii",9,0,0,16,12325,2822400,16,0,0,9,4,0,0x0,0.000447,0.894061,114.615839,0,0.000000,2.783445,0.161844,0.000000,92.319508
"_Z26extract_with_interpolationiPfS_S_iiii",10,0,0,17,12325,2822400,16,0,0,9,4,0,0x0,0.000449,0.891587,114.360000,0,0.000000,2.794832,0.160072,0.000000,92.063492
