kernel-name,dispatch,gpu-id,queue-id,queue-index,tid,grd,wgr,lds,scr,vgpr,sgpr,fbar,sig,time,VALUBusy,performance,LDSInsts,LDSBankConflict,L1MemoryBusy,L1MemoryStalled,L2WriteUnitStalled,L2CacheHit
"_Z26extract_with_interpolationiPfS_S_iiii",0,0,0,6,11522,253952,256,0,0,9,4,0,0x0,0.000012,0.727209,94.293333,0,0.000000,0.411677,0.021939,0.000000,78.813559
"_Z26extract_with_interpolationiPfS_S_iiii",1,0,0,8,11522,253952,256,0,0,9,4,0,0x0,0.000017,0.503719,66.560000,0,0.000000,0.346837,0.075982,0.000000,65.034965
"_Z26extract_with_interpolationiPfS_S_iiii",2,0,0,9,11522,253952,256,0,0,9,4,0,0x0,0.000011,0.824699,113.152000,0,0.000000,0.616146,0.125863,0.000000,78.813559
"_Z26extract_with_interpolationiPfS_S_iiii",3,0,0,10,11522,253952,256,0,0,9,4,0,0x0,0.000014,0.610271,80.822857,0,0.000000,0.412623,0.083391,0.000000,63.099631
"_Z26extract_with_interpolationiPfS_S_iiii",4,0,0,11,11522,253952,256,0,0,9,4,0,0x0,0.000015,0.587763,80.822857,0,0.000000,0.416180,0.089703,0.000000,63.099631
"_Z26extract_with_interpolationiPfS_S_iiii",5,0,0,12,11522,253952,256,0,0,9,4,0,0x0,0.000014,0.623286,80.822857,0,0.000000,0.432484,0.094018,0.000000,65.034965
"_Z26extract_with_interpolationiPfS_S_iiii",6,0,0,13,11522,253952,256,0,0,9,4,0,0x0,0.000016,0.542745,70.720000,0,0.000000,0.375636,0.082832,0.000000,65.034965
"_Z26extract_with_interpolationiPfS_S_iiii",7,0,0,14,11522,253952,256,0,0,9,4,0,0x0,0.000015,0.593058,80.822857,0,0.000000,0.448346,0.089459,0.000000,65.034965
"_Z26extract_with_interpolationiPfS_S_iiii",8,0,0,15,11522,253952,256,0,0,9,4,0,0x0,0.000015,0.595616,80.822857,0,0.000000,0.447108,0.084559,0.000000,65.034965
"_Z26extract_with_interpolationiPfS_S_iiii",9,0,0,16,11522,253952,256,0,0,9,4,0,0x0,0.000011,0.785694,102.865455,0,0.000000,0.553542,0.119911,0.000000,77.375566
"_Z26extract_with_interpolationiPfS_S_iiii",10,0,0,17,11522,253952,256,0,0,9,4,0,0x0,0.000012,0.731438,94.293333,0,0.000000,0.510125,0.115524,0.000000,78.813559
