kernel-name,dispatch,gpu-id,queue-id,queue-index,tid,grd,wgr,lds,scr,vgpr,sgpr,fbar,sig,time,VALUBusy,performance,LDSInsts,LDSBankConflict,L1MemoryBusy,L1MemoryStalled,L2WriteUnitStalled,L2CacheHit
"_Z15dot_kernel_samePKfmmS0_mmmPfmf",0,0,0,6,46776,614656,256,128,0,4,3,0,0x0,0.000031,12.200235,1211.507613,73500,0.000000,9.476792,1.281092,0.000000,98.983338
"_Z15dot_kernel_samePKfmmS0_mmmPfmf",1,0,0,8,46776,614656,256,128,0,4,3,0,0x0,0.000029,13.074558,1295.059862,73500,0.000000,10.357265,1.380755,0.000000,98.973925
"_Z15dot_kernel_samePKfmmS0_mmmPfmf",2,0,0,9,46776,614656,256,128,0,4,3,0,0x0,0.000018,20.923871,2086.485333,73500,0.000000,15.073542,2.055755,0.000000,99.479610
"_Z15dot_kernel_samePKfmmS0_mmmPfmf",3,0,0,10,46776,614656,256,128,0,4,3,0,0x0,0.000021,17.832938,1788.416000,73500,0.000000,15.626458,2.032307,0.000000,98.973731
"_Z15dot_kernel_samePKfmmS0_mmmPfmf",4,0,0,11,46776,614656,256,128,0,4,3,0,0x0,0.000022,17.333402,1707.124364,73500,0.000000,13.497889,1.738601,0.000000,98.973828
"_Z15dot_kernel_samePKfmmS0_mmmPfmf",5,0,0,12,46776,614656,256,128,0,4,3,0,0x0,0.000023,16.659176,1707.124364,73500,0.000000,13.431941,1.757648,0.000000,98.973925
"_Z15dot_kernel_samePKfmmS0_mmmPfmf",6,0,0,13,46776,614656,256,128,0,4,3,0,0x0,0.000021,18.133598,1788.416000,73500,0.000000,14.898159,1.930090,0.000000,98.973828
"_Z15dot_kernel_samePKfmmS0_mmmPfmf",7,0,0,14,46776,614656,256,128,0,4,3,0,0x0,0.000021,17.877561,1788.416000,73500,0.000000,13.172161,1.818487,0.000000,98.973925
"_Z15dot_kernel_samePKfmmS0_mmmPfmf",8,0,0,15,46776,614656,256,128,0,4,3,0,0x0,0.000023,16.344609,1632.901565,73500,0.000000,11.896492,1.609800,0.000000,98.973828
"_Z15dot_kernel_samePKfmmS0_mmmPfmf",9,0,0,16,46776,614656,256,128,0,4,3,0,0x0,0.000018,20.988890,2086.485333,73500,0.000000,16.883963,2.188980,0.000000,99.479610
"_Z15dot_kernel_samePKfmmS0_mmmPfmf",10,0,0,17,46776,614656,256,128,0,4,3,0,0x0,0.000019,19.916406,1976.670316,73500,0.000000,14.365599,1.792342,0.000000,99.479610
