kernel-name,dispatch,gpu-id,queue-id,queue-index,tid,grd,wgr,lds,scr,vgpr,sgpr,fbar,sig,time,VALUBusy,performance,LDSInsts,LDSBankConflict,L1MemoryBusy,L1MemoryStalled,L2WriteUnitStalled,L2CacheHit
"_Z9addKernelPiPKiS1_",0,0,0,6,101995,1517824,16,0,0,0,0,0,0x0,0.000244,0.759336,99.529443,0,0.000000,34.843509,4.436076,0.000000,99.992638
"_Z9addKernelPiPKiS1_",1,0,0,8,101995,1517824,16,0,0,0,0,0,0x0,0.000249,0.744505,97.924129,0,0.000000,34.117142,4.403115,0.000000,99.773321
"_Z9addKernelPiPKiS1_",2,0,0,9,101995,1517824,16,0,0,0,0,0,0x0,0.000243,0.761867,99.939029,0,0.000000,34.736321,4.452276,0.000000,99.992638
"_Z9addKernelPiPKiS1_",3,0,0,10,101995,1517824,16,0,0,0,0,0,0x0,0.000247,0.751452,98.720260,0,0.000000,34.400499,4.451994,0.000000,99.763899
"_Z9addKernelPiPKiS1_",4,0,0,11,101995,1517824,16,0,0,0,0,0,0x0,0.000247,0.751560,98.720260,0,0.000000,34.441216,4.484327,0.000000,99.759711
"_Z9addKernelPiPKiS1_",5,0,0,12,101995,1517824,16,0,0,0,0,0,0x0,0.000247,0.749487,98.320583,0,0.000000,34.360123,4.430622,0.000000,99.769133
"_Z9addKernelPiPKiS1_",6,0,0,13,101995,1517824,16,0,0,0,0,0,0x0,0.000247,0.748768,98.320583,0,0.000000,34.372040,4.453711,0.000000,99.762852
"_Z9addKernelPiPKiS1_",7,0,0,14,101995,1517824,16,0,0,0,0,0,0x0,0.000247,0.749785,98.320583,0,0.000000,34.398806,4.471268,0.000000,99.765992
"_Z9addKernelPiPKiS1_",8,0,0,15,101995,1517824,16,0,0,0,0,0,0x0,0.000243,0.761505,99.939029,0,0.000000,34.701704,4.450353,0.000000,99.992638
"_Z9addKernelPiPKiS1_",9,0,0,16,101995,1517824,16,0,0,0,0,0,0x0,0.000243,0.761532,99.939029,0,0.000000,34.701861,4.449357,0.000000,99.992638
"_Z9addKernelPiPKiS1_",10,0,0,17,101995,1517824,16,0,0,0,0,0,0x0,0.000243,0.761618,99.939029,0,0.000000,34.740145,4.449860,0.000000,99.992638
