kernel-name,dispatch,gpu-id,queue-id,queue-index,tid,grd,wgr,lds,scr,vgpr,sgpr,fbar,sig,time,VALUBusy,performance,LDSInsts,LDSBankConflict,L1MemoryBusy,L1MemoryStalled,L2WriteUnitStalled,L2CacheHit
"_Z15mat_mult_kernelPiS_S_ii",0,0,0,6,41748,61440,256,0,0,4,3,0,0x0,0.000012,0.170213,23.505455,0,0.000000,0.190160,0.017287,0.000000,80.000000
"_Z15mat_mult_kernelPiS_S_ii",1,0,0,8,41748,61440,256,0,0,4,3,0,0x0,0.000012,0.160498,21.546667,0,0.000000,0.267078,0.101565,0.000000,64.062500
"_Z15mat_mult_kernelPiS_S_ii",2,0,0,9,41748,61440,256,0,0,4,3,0,0x0,0.000012,0.163390,21.546667,0,0.000000,10.947153,1.010978,0.000000,80.000000
"_Z15mat_mult_kernelPiS_S_ii",3,0,0,10,41748,61440,256,0,0,4,3,0,0x0,0.000014,0.141418,18.468571,0,0.000000,3.716634,0.101644,0.000000,64.062500
"_Z15mat_mult_kernelPiS_S_ii",4,0,0,11,41748,61440,256,0,0,4,3,0,0x0,0.000014,0.140833,18.468571,0,0.000000,0.234354,0.089121,0.000000,64.062500
"_Z15mat_mult_kernelPiS_S_ii",5,0,0,12,41748,61440,256,0,0,4,3,0,0x0,0.000016,0.126878,17.237333,0,0.000000,0.211134,0.080290,0.000000,64.062500
"_Z15mat_mult_kernelPiS_S_ii",6,0,0,13,41748,61440,256,0,0,4,3,0,0x0,0.000015,0.129765,17.237333,0,0.000000,0.215937,0.082117,0.000000,64.062500
"_Z15mat_mult_kernelPiS_S_ii",7,0,0,14,41748,61440,256,0,0,4,3,0,0x0,0.000017,0.117526,15.209412,0,0.000000,0.195571,0.074372,0.000000,64.062500
"_Z15mat_mult_kernelPiS_S_ii",8,0,0,15,41748,61440,256,0,0,4,3,0,0x0,0.000016,0.124766,16.160000,0,0.000000,0.207619,0.078954,0.000000,64.062500
"_Z15mat_mult_kernelPiS_S_ii",9,0,0,16,41748,61440,256,0,0,4,3,0,0x0,0.000014,0.140001,18.468571,0,0.000000,0.299689,0.068907,0.000000,80.000000
"_Z15mat_mult_kernelPiS_S_ii",10,0,0,17,41748,61440,256,0,0,4,3,0,0x0,0.000015,0.129796,17.237333,0,0.000000,0.145007,0.013182,0.000000,80.000000
