kernel-name,dispatch,gpu-id,queue-id,queue-index,tid,grd,wgr,lds,scr,vgpr,sgpr,fbar,sig,time,VALUBusy,performance,LDSInsts,LDSBankConflict,L1MemoryBusy,L1MemoryStalled,L2WriteUnitStalled,L2CacheHit
"matrix_floor",0,0,0,4,111813,614656,16,0,0,1,1,0,0x0,0.000102,0.742426,97.930139,0,0.000000,0.076765,0.006755,0.000000,85.096154
"matrix_floor",1,0,0,6,111813,614656,16,0,0,1,1,0,0x0,0.000106,0.709544,93.310792,0,0.000000,0.084664,0.017754,0.000000,68.604651
"matrix_floor",2,0,0,7,111813,614656,16,0,0,1,1,0,0x0,0.000102,0.743815,97.930139,0,0.000000,0.076909,0.006768,0.000000,85.096154
"matrix_floor",3,0,0,8,111813,614656,16,0,0,1,1,0,0x0,0.000104,0.724930,95.105231,0,0.000000,0.085300,0.017390,0.000000,68.604651
"matrix_floor",4,0,0,9,111813,614656,16,0,0,1,1,0,0x0,0.000104,0.724239,95.105231,0,0.000000,0.086118,0.017823,0.000000,68.339768
"matrix_floor",5,0,0,10,111813,614656,16,0,0,1,1,0,0x0,0.000104,0.723892,95.105231,0,0.000000,0.086525,0.018263,0.000000,68.339768
"matrix_floor",6,0,0,11,111813,614656,16,0,0,1,1,0,0x0,0.000105,0.722409,95.105231,0,0.000000,0.086647,0.018524,0.000000,68.076923
"matrix_floor",7,0,0,12,111813,614656,16,0,0,1,1,0,0x0,0.000104,0.723507,95.105231,0,0.000000,0.085282,0.017356,0.000000,68.339768
"matrix_floor",8,0,0,13,111813,614656,16,0,0,1,1,0,0x0,0.000102,0.742604,97.930139,0,0.000000,0.076784,0.006757,0.000000,85.096154
"matrix_floor",9,0,0,14,111813,614656,16,0,0,1,1,0,0x0,0.000102,0.740915,97.930139,0,0.000000,0.076609,0.006742,0.000000,85.096154
"matrix_floor",10,0,0,15,111813,614656,16,0,0,1,1,0,0x0,0.000102,0.741797,97.930139,0,0.000000,0.076700,0.006750,0.000000,85.096154
