kernel-name,dispatch,gpu-id,queue-id,queue-index,tid,grd,wgr,lds,scr,vgpr,sgpr,fbar,sig,time,VALUBusy,performance,LDSInsts,LDSBankConflict,L1MemoryBusy,L1MemoryStalled,L2WriteUnitStalled,L2CacheHit
"_Z13Order12KernelPdS_S_dS_",0,0,0,8,73228,614656,64,0,0,3,1,0,0x0,0.000114,23.052338,388.203789,0,0.000000,56.828320,3.733559,0.000000,99.947377
"_Z13Order12KernelPdS_S_dS_",1,0,0,10,73228,614656,64,0,0,3,1,0,0x0,0.000115,22.907768,384.828104,0,0.000000,56.850160,3.793678,0.000000,99.700403
"_Z13Order12KernelPdS_S_dS_",2,0,0,11,73228,614656,64,0,0,3,1,0,0x0,0.000114,23.089287,388.203789,0,0.000000,56.895537,3.791293,0.000000,99.947377
"_Z13Order12KernelPdS_S_dS_",3,0,0,12,73228,614656,64,0,0,3,1,0,0x0,0.000079,33.194254,560.192810,0,0.000000,82.429172,5.409421,0.000000,99.700403
"_Z13Order12KernelPdS_S_dS_",4,0,0,13,73228,614656,64,0,0,3,1,0,0x0,0.000115,22.957346,388.203789,0,0.000000,56.960142,3.747319,0.000000,99.700403
"_Z13Order12KernelPdS_S_dS_",5,0,0,14,73228,614656,64,0,0,3,1,0,0x0,0.000079,33.371238,567.374769,0,0.000000,83.111413,5.397320,0.000000,99.700403
"_Z13Order12KernelPdS_S_dS_",6,0,0,15,73228,614656,64,0,0,3,1,0,0x0,0.000116,22.680050,381.510621,0,0.000000,56.334712,3.673141,0.000000,99.700403
"_Z13Order12KernelPdS_S_dS_",7,0,0,16,73228,614656,64,0,0,3,1,0,0x0,0.000080,33.051625,560.192810,0,0.000000,82.079228,5.311528,0.000000,99.700403
"_Z13Order12KernelPdS_S_dS_",8,0,0,17,73228,614656,64,0,0,3,1,0,0x0,0.000072,36.379967,614.656000,0,0.000000,89.636051,5.833240,0.000000,99.947377
"_Z13Order12KernelPdS_S_dS_",9,0,0,18,73228,614656,64,0,0,3,1,0,0x0,0.000072,36.457329,614.656000,0,0.000000,89.838367,5.861209,0.000000,99.947377
"_Z13Order12KernelPdS_S_dS_",10,0,0,19,73228,614656,64,0,0,3,1,0,0x0,0.000072,36.427068,614.656000,0,0.000000,89.948730,5.939063,0.000000,99.947377
