kernel-name,dispatch,gpu-id,queue-id,queue-index,tid,grd,wgr,lds,scr,vgpr,sgpr,fbar,sig,time,VALUBusy,performance,LDSInsts,LDSBankConflict,L1MemoryBusy,L1MemoryStalled,L2WriteUnitStalled,L2CacheHit
"_Z16sgemm_gpu_kernelPKfS0_Pfiiiff",0,0,0,6,83438,4112768,16,0,0,5,2,0,0x0,0.000650,12.746875,1419.506983,0,0.000000,52.073804,6.131250,0.000000,99.961555
"_Z16sgemm_gpu_kernelPKfS0_Pfiiiff",1,0,0,8,83438,4112768,16,0,0,5,2,0,0x0,0.000654,12.670753,1410.811688,0,0.000000,51.939560,6.102371,0.000000,99.953812
"_Z16sgemm_gpu_kernelPKfS0_Pfiiiff",2,0,0,9,83438,4112768,16,0,0,5,2,0,0x0,0.000651,12.725218,1417.323126,0,0.000000,52.252919,6.347306,0.000000,99.940852
"_Z16sgemm_gpu_kernelPKfS0_Pfiiiff",3,0,0,10,83438,4112768,16,0,0,5,2,0,0x0,0.000654,12.674449,1410.811688,0,0.000000,52.085788,6.329753,0.000000,99.940393
"_Z16sgemm_gpu_kernelPKfS0_Pfiiiff",4,0,0,11,83438,4112768,16,0,0,5,2,0,0x0,0.000653,12.680129,1410.811688,0,0.000000,51.974759,6.356295,0.000000,99.940909
"_Z16sgemm_gpu_kernelPKfS0_Pfiiiff",5,0,0,12,83438,4112768,16,0,0,5,2,0,0x0,0.000654,12.665177,1408.654483,0,0.000000,51.827188,6.337751,0.000000,99.941139
"_Z16sgemm_gpu_kernelPKfS0_Pfiiiff",6,0,0,13,83438,4112768,16,0,0,5,2,0,0x0,0.000652,12.705843,1415.145978,0,0.000000,51.812082,6.103790,0.000000,99.961497
"_Z16sgemm_gpu_kernelPKfS0_Pfiiiff",7,0,0,14,83438,4112768,16,0,0,5,2,0,0x0,0.000650,12.745543,1419.506983,0,0.000000,52.052024,6.122848,0.000000,99.961555
"_Z16sgemm_gpu_kernelPKfS0_Pfiiiff",8,0,0,15,83438,4112768,16,0,0,5,2,0,0x0,0.000650,12.745350,1419.506983,0,0.000000,51.998695,6.126673,0.000000,99.961555
"_Z16sgemm_gpu_kernelPKfS0_Pfiiiff",9,0,0,16,83438,4112768,16,0,0,5,2,0,0x0,0.000650,12.745849,1419.506983,0,0.000000,51.960184,6.129595,0.000000,99.961555
"_Z16sgemm_gpu_kernelPKfS0_Pfiiiff",10,0,0,17,83438,4112768,16,0,0,5,2,0,0x0,0.000650,12.743552,1417.323126,0,0.000000,52.068264,6.130999,0.000000,99.961555
