kernel-name,dispatch,gpu-id,queue-id,queue-index,tid,grd,wgr,lds,scr,vgpr,sgpr,fbar,sig,time,VALUBusy,performance,LDSInsts,LDSBankConflict,L1MemoryBusy,L1MemoryStalled,L2WriteUnitStalled,L2CacheHit
"_Z16sgemm_gpu_kernelPKfS0_Pfiiiff",0,0,0,6,82928,1576960,64,0,0,5,2,0,0x0,0.000068,11.686893,1318.056119,0,0.000000,45.283223,9.525080,0.000000,99.884659
"_Z16sgemm_gpu_kernelPKfS0_Pfiiiff",1,0,0,8,82928,1576960,64,0,0,5,2,0,0x0,0.000072,11.039871,1243.799437,0,0.000000,42.612135,9.052084,0.000000,99.850315
"_Z16sgemm_gpu_kernelPKfS0_Pfiiiff",2,0,0,9,82928,1576960,64,0,0,5,2,0,0x0,0.000068,11.691640,1318.056119,0,0.000000,44.927350,9.479070,0.000000,99.884933
"_Z16sgemm_gpu_kernelPKfS0_Pfiiiff",3,0,0,10,82928,1576960,64,0,0,5,2,0,0x0,0.000070,11.384851,1279.851594,0,0.000000,43.929775,9.296986,0.000000,99.850320
"_Z16sgemm_gpu_kernelPKfS0_Pfiiiff",4,0,0,11,82928,1576960,64,0,0,5,2,0,0x0,0.000070,11.399620,1279.851594,0,0.000000,43.942963,9.245601,0.000000,99.850721
"_Z16sgemm_gpu_kernelPKfS0_Pfiiiff",5,0,0,12,82928,1576960,64,0,0,5,2,0,0x0,0.000070,11.373875,1279.851594,0,0.000000,44.010340,9.231458,0.000000,99.852688
"_Z16sgemm_gpu_kernelPKfS0_Pfiiiff",6,0,0,13,82928,1576960,64,0,0,5,2,0,0x0,0.000070,11.329456,1261.568000,0,0.000000,43.362670,9.274517,0.000000,99.852926
"_Z16sgemm_gpu_kernelPKfS0_Pfiiiff",7,0,0,14,82928,1576960,64,0,0,5,2,0,0x0,0.000070,11.340475,1261.568000,0,0.000000,43.651481,9.222870,0.000000,99.850395
"_Z16sgemm_gpu_kernelPKfS0_Pfiiiff",8,0,0,15,82928,1576960,64,0,0,5,2,0,0x0,0.000068,11.675161,1298.672941,0,0.000000,44.519333,9.564634,0.000000,99.884819
"_Z16sgemm_gpu_kernelPKfS0_Pfiiiff",9,0,0,16,82928,1576960,64,0,0,5,2,0,0x0,0.000068,11.674944,1298.672941,0,0.000000,44.583326,9.567796,0.000000,99.884695
"_Z16sgemm_gpu_kernelPKfS0_Pfiiiff",10,0,0,17,82928,1576960,64,0,0,5,2,0,0x0,0.000068,11.675782,1298.672941,0,0.000000,44.597320,9.607291,0.000000,99.884799
