kernel-name,dispatch,gpu-id,queue-id,queue-index,tid,grd,wgr,lds,scr,vgpr,sgpr,fbar,sig,time,VALUBusy,performance,LDSInsts,LDSBankConflict,L1MemoryBusy,L1MemoryStalled,L2WriteUnitStalled,L2CacheHit
"_Z9MatrixMulPfS_S_i",0,0,0,6,20997,57600,16,0,0,3,2,0,0x0,0.000016,6.318957,737.280000,0,0.000000,29.101304,2.339017,0.000000,99.529412
"_Z9MatrixMulPfS_S_i",1,0,0,8,20997,57600,16,0,0,3,2,0,0x0,0.000019,5.226828,614.400000,0,0.000000,22.634653,2.309760,0.000000,97.910688
"_Z9MatrixMulPfS_S_i",2,0,0,9,20997,57600,16,0,0,3,2,0,0x0,0.000015,6.692445,789.942857,0,0.000000,31.221849,2.509136,0.000000,99.533851
"_Z9MatrixMulPfS_S_i",3,0,0,10,20997,57600,16,0,0,3,2,0,0x0,0.000017,5.944069,691.200000,0,0.000000,26.169944,2.962600,0.000000,97.881599
"_Z9MatrixMulPfS_S_i",4,0,0,11,20997,57600,16,0,0,3,2,0,0x0,0.000017,5.942275,691.200000,0,0.000000,25.876250,2.150538,0.000000,97.925026
"_Z9MatrixMulPfS_S_i",5,0,0,12,20997,57600,16,0,0,3,2,0,0x0,0.000017,5.901308,691.200000,0,0.000000,25.723144,3.123009,0.000000,97.854919
"_Z9MatrixMulPfS_S_i",6,0,0,13,20997,57600,16,0,0,3,2,0,0x0,0.000017,5.842422,691.200000,0,0.000000,25.066771,2.539135,0.000000,97.879282
"_Z9MatrixMulPfS_S_i",7,0,0,14,20997,57600,16,0,0,3,2,0,0x0,0.000017,5.824920,691.200000,0,0.000000,24.658826,2.463109,0.000000,97.911319
"_Z9MatrixMulPfS_S_i",8,0,0,15,20997,57600,16,0,0,3,2,0,0x0,0.000015,6.631021,789.942857,0,0.000000,30.167986,2.439795,0.000000,99.525799
"_Z9MatrixMulPfS_S_i",9,0,0,16,20997,57600,16,0,0,3,2,0,0x0,0.000015,6.631300,789.942857,0,0.000000,30.654499,2.469370,0.000000,99.528567
"_Z9MatrixMulPfS_S_i",10,0,0,17,20997,57600,16,0,0,3,2,0,0x0,0.000015,6.690455,789.942857,0,0.000000,31.045835,2.506266,0.000000,99.533281
