kernel-name,dispatch,gpu-id,queue-id,queue-index,tid,grd,wgr,lds,scr,vgpr,sgpr,fbar,sig,time,VALUBusy,performance,LDSInsts,LDSBankConflict,L1MemoryBusy,L1MemoryStalled,L2WriteUnitStalled,L2CacheHit
"_Z7flip_3DPfmmmiii",0,0,0,2,57308,614656,256,0,0,3,2,0,0x0,0.000019,44.631431,4345.505684,0,0.000000,0.000000,0.000000,0.000000,91.362764
"_Z7flip_3DPfmmmiii",1,0,0,4,57308,614656,256,0,0,3,2,0,0x0,0.000022,38.928115,3752.936727,0,0.000000,0.000000,0.000000,0.000000,83.508772
"_Z7flip_3DPfmmmiii",2,0,0,5,57308,614656,256,0,0,3,2,0,0x0,0.000019,45.139251,4345.505684,0,0.000000,0.000000,0.000000,0.000000,91.362764
"_Z7flip_3DPfmmmiii",3,0,0,6,57308,614656,256,0,0,3,2,0,0x0,0.000020,43.603951,4345.505684,0,0.000000,0.000000,0.000000,0.000000,83.708839
"_Z7flip_3DPfmmmiii",4,0,0,7,57308,614656,256,0,0,3,2,0,0x0,0.000021,42.194071,4128.230400,0,0.000000,0.000000,0.000000,0.000000,83.708839
"_Z7flip_3DPfmmmiii",5,0,0,8,57308,614656,256,0,0,3,2,0,0x0,0.000020,43.972314,4345.505684,0,0.000000,0.000000,0.000000,0.000000,83.708839
"_Z7flip_3DPfmmmiii",6,0,0,9,57308,614656,256,0,0,3,2,0,0x0,0.000021,41.716067,4128.230400,0,0.000000,0.000000,0.000000,0.000000,83.508772
"_Z7flip_3DPfmmmiii",7,0,0,10,57308,614656,256,0,0,3,2,0,0x0,0.000021,40.915992,3931.648000,0,0.000000,0.000000,0.000000,0.000000,83.508772
"_Z7flip_3DPfmmmiii",8,0,0,11,57308,614656,256,0,0,3,2,0,0x0,0.000020,42.527145,4128.230400,0,0.000000,0.000000,0.000000,0.000000,91.124260
"_Z7flip_3DPfmmmiii",9,0,0,12,57308,614656,256,0,0,3,2,0,0x0,0.000019,45.145138,4345.505684,0,0.000000,0.000000,0.000000,0.000000,91.477273
"_Z7flip_3DPfmmmiii",10,0,0,13,57308,614656,256,0,0,3,2,0,0x0,0.000019,44.825053,4345.505684,0,0.000000,0.000000,0.000000,0.000000,91.362764
