kernel-name,dispatch,gpu-id,queue-id,queue-index,tid,grd,wgr,lds,scr,vgpr,sgpr,fbar,sig,time,VALUBusy,performance,LDSInsts,LDSBankConflict,L1MemoryBusy,L1MemoryStalled,L2WriteUnitStalled,L2CacheHit
"_Z7flip_3DPfmmmiii",0,0,0,2,58407,1040384,256,0,0,3,2,0,0x0,0.000025,57.735432,5572.608000,0,0.000000,0.000000,0.000000,0.000000,87.967914
"_Z7flip_3DPfmmmiii",1,0,0,4,58407,1040384,256,0,0,3,2,0,0x0,0.000029,50.316197,4803.972414,0,0.000000,0.000000,0.000000,0.000000,73.951435
"_Z7flip_3DPfmmmiii",2,0,0,5,58407,1040384,256,0,0,3,2,0,0x0,0.000025,57.566065,5572.608000,0,0.000000,0.000000,0.000000,0.000000,87.967914
"_Z7flip_3DPfmmmiii",3,0,0,6,58407,1040384,256,0,0,3,2,0,0x0,0.000026,56.200063,5572.608000,0,0.000000,0.000000,0.000000,0.000000,74.008811
"_Z7flip_3DPfmmmiii",4,0,0,7,58407,1040384,256,0,0,3,2,0,0x0,0.000027,53.182077,5159.822222,0,0.000000,0.000000,0.000000,0.000000,74.008811
"_Z7flip_3DPfmmmiii",5,0,0,8,58407,1040384,256,0,0,3,2,0,0x0,0.000026,55.347578,5358.276923,0,0.000000,0.000000,0.000000,0.000000,73.601790
"_Z7flip_3DPfmmmiii",6,0,0,9,58407,1040384,256,0,0,3,2,0,0x0,0.000028,52.855866,5159.822222,0,0.000000,0.000000,0.000000,0.000000,74.008811
"_Z7flip_3DPfmmmiii",7,0,0,10,58407,1040384,256,0,0,3,2,0,0x0,0.000027,53.545469,5159.822222,0,0.000000,0.000000,0.000000,0.000000,74.008811
"_Z7flip_3DPfmmmiii",8,0,0,11,58407,1040384,256,0,0,3,2,0,0x0,0.000028,52.828364,5159.822222,0,0.000000,0.000000,0.000000,0.000000,73.601790
"_Z7flip_3DPfmmmiii",9,0,0,12,58407,1040384,256,0,0,3,2,0,0x0,0.000025,58.240847,5572.608000,0,0.000000,0.000000,0.000000,0.000000,87.967914
"_Z7flip_3DPfmmmiii",10,0,0,13,58407,1040384,256,0,0,3,2,0,0x0,0.000026,57.119707,5572.608000,0,0.000000,0.000000,0.000000,0.000000,88.188976
