kernel-name,dispatch,gpu-id,queue-id,queue-index,tid,grd,wgr,lds,scr,vgpr,sgpr,fbar,sig,time,VALUBusy,performance,LDSInsts,LDSBankConflict,L1MemoryBusy,L1MemoryStalled,L2WriteUnitStalled,L2CacheHit
"_Z8cal_pi_dPdidii",0,0,0,2,43606,2822400,256,0,0,3,1,0,0x0,0.000049,2.902912,255.634286,0,0.000000,1.897459,0.094380,0.000000,95.460798
"_Z8cal_pi_dPdidii",1,0,0,4,43606,2822400,256,0,0,3,1,0,0x0,0.000053,2.685646,236.341132,0,0.000000,3.214227,0.199621,0.000000,89.317889
"_Z8cal_pi_dPdidii",2,0,0,5,43606,2822400,256,0,0,3,1,0,0x0,0.000050,2.882288,255.634286,0,0.000000,3.486464,0.173534,0.000000,95.435685
"_Z8cal_pi_dPdidii",3,0,0,6,43606,2822400,256,0,0,3,1,0,0x0,0.000050,2.845089,250.521600,0,0.000000,1.971447,0.161951,0.000000,89.189189
"_Z8cal_pi_dPdidii",4,0,0,7,43606,2822400,256,0,0,3,1,0,0x0,0.000051,2.796064,245.609412,0,0.000000,1.791464,0.111106,0.000000,89.248705
"_Z8cal_pi_dPdidii",5,0,0,8,43606,2822400,256,0,0,3,1,0,0x0,0.000051,2.787275,245.609412,0,0.000000,1.776692,0.127539,0.000000,89.276486
"_Z8cal_pi_dPdidii",6,0,0,9,43606,2822400,256,0,0,3,1,0,0x0,0.000051,2.811531,250.521600,0,0.000000,3.264884,0.227138,0.000000,89.304124
"_Z8cal_pi_dPdidii",7,0,0,10,43606,2822400,256,0,0,3,1,0,0x0,0.000052,2.733561,240.886154,0,0.000000,3.521114,0.245075,0.000000,89.147287
"_Z8cal_pi_dPdidii",8,0,0,11,43606,2822400,256,0,0,3,1,0,0x0,0.000049,2.922101,260.960000,0,0.000000,3.369543,0.212396,0.000000,95.454545
"_Z8cal_pi_dPdidii",9,0,0,12,43606,2822400,256,0,0,3,1,0,0x0,0.000050,2.826458,250.521600,0,0.000000,1.903179,0.129333,0.000000,95.429363
"_Z8cal_pi_dPdidii",10,0,0,13,43606,2822400,256,0,0,3,1,0,0x0,0.000048,2.990141,266.512340,0,0.000000,1.808487,0.109328,0.000000,95.473251
