kernel-name,dispatch,gpu-id,queue-id,queue-index,tid,grd,wgr,lds,scr,vgpr,sgpr,fbar,sig,time,VALUBusy,performance,LDSInsts,LDSBankConflict,L1MemoryBusy,L1MemoryStalled,L2WriteUnitStalled,L2CacheHit
"_Z15upsample_kernelmPfiiiiiifS_",0,0,0,4,128820,92160,192,0,0,3,2,0,0x0,0.000012,14.380268,1524.829091,0,0.000000,7.221089,0.970418,0.000000,97.098646
"_Z15upsample_kernelmPfiiiiiifS_",1,0,0,6,128820,92160,192,0,0,3,2,0,0x0,0.000016,10.648371,1118.208000,0,0.000000,5.696593,1.157012,0.000000,93.580013
"_Z15upsample_kernelmPfiiiiiifS_",2,0,0,7,128820,92160,192,0,0,3,2,0,0x0,0.000012,14.508517,1524.829091,0,0.000000,7.333983,0.974976,0.000000,97.106109
"_Z15upsample_kernelmPfiiiiiifS_",3,0,0,8,128820,92160,192,0,0,3,2,0,0x0,0.000014,12.356343,1290.240000,0,0.000000,6.129769,1.466993,0.000000,93.803351
"_Z15upsample_kernelmPfiiiiiifS_",4,0,0,9,128820,92160,192,0,0,3,2,0,0x0,0.000014,12.383770,1290.240000,0,0.000000,6.581137,1.524503,0.000000,93.548387
"_Z15upsample_kernelmPfiiiiiifS_",5,0,0,10,128820,92160,192,0,0,3,2,0,0x0,0.000014,12.385766,1290.240000,0,0.000000,6.828902,1.336416,0.000000,93.100159
"_Z15upsample_kernelmPfiiiiiifS_",6,0,0,11,128820,92160,192,0,0,3,2,0,0x0,0.000014,11.706832,1198.080000,0,0.000000,6.749137,1.320103,0.000000,93.690552
"_Z15upsample_kernelmPfiiiiiifS_",7,0,0,12,128820,92160,192,0,0,3,2,0,0x0,0.000014,11.646189,1198.080000,0,0.000000,6.595139,1.341421,0.000000,93.757921
"_Z15upsample_kernelmPfiiiiiifS_",8,0,0,13,128820,92160,192,0,0,3,2,0,0x0,0.000014,11.877772,1198.080000,0,0.000000,6.729490,1.320399,0.000000,93.563729
"_Z15upsample_kernelmPfiiiiiifS_",9,0,0,14,128820,92160,192,0,0,3,2,0,0x0,0.000012,14.028865,1524.829091,0,0.000000,6.992091,0.959776,0.000000,97.103315
"_Z15upsample_kernelmPfiiiiiifS_",10,0,0,15,128820,92160,192,0,0,3,2,0,0x0,0.000012,13.839182,1397.760000,0,0.000000,7.015708,0.864207,0.000000,97.106109
