kernel-name,dispatch,gpu-id,queue-id,queue-index,tid,grd,wgr,lds,scr,vgpr,sgpr,fbar,sig,time,VALUBusy,performance,LDSInsts,LDSBankConflict,L1MemoryBusy,L1MemoryStalled,L2WriteUnitStalled,L2CacheHit
"_Z15upsample_kernelmPfiiiiiifS_",0,0,0,4,129809,1576960,64,0,0,3,2,0,0x0,0.000068,50.090650,5013.805176,0,0.000000,28.313096,4.073475,0.000000,96.931512
"_Z15upsample_kernelmPfiiiiiifS_",1,0,0,6,129809,1576960,64,0,0,3,2,0,0x0,0.000073,47.250856,4735.260444,0,0.000000,26.726909,3.872241,0.000000,96.779335
"_Z15upsample_kernelmPfiiiiiifS_",2,0,0,7,129809,1576960,64,0,0,3,2,0,0x0,0.000068,50.104441,5013.805176,0,0.000000,28.319031,4.066138,0.000000,96.909465
"_Z15upsample_kernelmPfiiiiiifS_",3,0,0,8,129809,1576960,64,0,0,3,2,0,0x0,0.000070,48.800497,4870.553600,0,0.000000,27.653855,4.003480,0.000000,96.793534
"_Z15upsample_kernelmPfiiiiiifS_",4,0,0,9,129809,1576960,64,0,0,3,2,0,0x0,0.000070,48.800803,4870.553600,0,0.000000,27.775577,4.001478,0.000000,96.784291
"_Z15upsample_kernelmPfiiiiiifS_",5,0,0,10,129809,1576960,64,0,0,3,2,0,0x0,0.000070,48.664219,4870.553600,0,0.000000,27.086144,3.964362,0.000000,96.780140
"_Z15upsample_kernelmPfiiiiiifS_",6,0,0,11,129809,1576960,64,0,0,3,2,0,0x0,0.000071,48.602485,4870.553600,0,0.000000,26.924799,3.984788,0.000000,96.807059
"_Z15upsample_kernelmPfiiiiiifS_",7,0,0,12,129809,1576960,64,0,0,3,2,0,0x0,0.000070,48.604959,4870.553600,0,0.000000,27.028183,3.980567,0.000000,96.807472
"_Z15upsample_kernelmPfiiiiiifS_",8,0,0,13,129809,1576960,64,0,0,3,2,0,0x0,0.000068,50.024935,5013.805176,0,0.000000,27.537729,4.055805,0.000000,96.941279
"_Z15upsample_kernelmPfiiiiiifS_",9,0,0,14,129809,1576960,64,0,0,3,2,0,0x0,0.000069,50.003064,5013.805176,0,0.000000,27.801111,4.060186,0.000000,96.916624
"_Z15upsample_kernelmPfiiiiiifS_",10,0,0,15,129809,1576960,64,0,0,3,2,0,0x0,0.000069,49.667329,5013.805176,0,0.000000,27.582552,4.021606,0.000000,96.938760
