kernel-name,dispatch,gpu-id,queue-id,queue-index,tid,grd,wgr,lds,scr,vgpr,sgpr,fbar,sig,time,VALUBusy,performance,LDSInsts,LDSBankConflict,L1MemoryBusy,L1MemoryStalled,L2WriteUnitStalled,L2CacheHit
"_Z13mergeLocationPK15HIP_vector_typeIsLj2EEPfS3_if",0,0,0,6,114844,1576960,64,0,0,1,1,0,0x0,0.000067,0.722106,94.720000,0,0.000000,0.048917,0.006988,0.000000,85.201794
"_Z13mergeLocationPK15HIP_vector_typeIsLj2EEPfS3_if",1,0,0,8,114844,1576960,64,0,0,1,1,0,0x0,0.000071,0.679842,89.383662,0,0.000000,0.171057,0.133337,0.000000,69.090909
"_Z13mergeLocationPK15HIP_vector_typeIsLj2EEPfS3_if",2,0,0,9,114844,1576960,64,0,0,1,1,0,0x0,0.000067,0.721501,94.720000,0,0.000000,0.048876,0.006982,0.000000,85.201794
"_Z13mergeLocationPK15HIP_vector_typeIsLj2EEPfS3_if",3,0,0,10,114844,1576960,64,0,0,1,1,0,0x0,0.000070,0.695591,91.974493,0,0.000000,0.168513,0.129919,0.000000,69.090909
"_Z13mergeLocationPK15HIP_vector_typeIsLj2EEPfS3_if",4,0,0,11,114844,1576960,64,0,0,1,1,0,0x0,0.000070,0.695005,91.974493,0,0.000000,0.170388,0.130482,0.000000,69.090909
"_Z13mergeLocationPK15HIP_vector_typeIsLj2EEPfS3_if",5,0,0,12,114844,1576960,64,0,0,1,1,0,0x0,0.000070,0.693897,91.974493,0,0.000000,0.172803,0.134303,0.000000,69.090909
"_Z13mergeLocationPK15HIP_vector_typeIsLj2EEPfS3_if",6,0,0,13,114844,1576960,64,0,0,1,1,0,0x0,0.000070,0.691791,90.660571,0,0.000000,0.180089,0.141706,0.000000,69.090909
"_Z13mergeLocationPK15HIP_vector_typeIsLj2EEPfS3_if",7,0,0,14,114844,1576960,64,0,0,1,1,0,0x0,0.000070,0.691279,90.660571,0,0.000000,0.178395,0.140040,0.000000,69.090909
"_Z13mergeLocationPK15HIP_vector_typeIsLj2EEPfS3_if",8,0,0,15,114844,1576960,64,0,0,1,1,0,0x0,0.000067,0.720615,94.720000,0,0.000000,0.048816,0.006974,0.000000,85.201794
"_Z13mergeLocationPK15HIP_vector_typeIsLj2EEPfS3_if",9,0,0,16,114844,1576960,64,0,0,1,1,0,0x0,0.000067,0.720019,94.720000,0,0.000000,0.048776,0.006968,0.000000,85.201794
"_Z13mergeLocationPK15HIP_vector_typeIsLj2EEPfS3_if",10,0,0,17,114844,1576960,64,0,0,1,1,0,0x0,0.000067,0.720013,94.720000,0,0.000000,0.048775,0.006968,0.000000,85.201794
