kernel-name,dispatch,gpu-id,queue-id,queue-index,tid,grd,wgr,lds,scr,vgpr,sgpr,fbar,sig,time,VALUBusy,performance,LDSInsts,LDSBankConflict,L1MemoryBusy,L1MemoryStalled,L2WriteUnitStalled,L2CacheHit
"_Z15kSoftMaxGradCLSPfPiS_S_jj",0,0,0,8,26727,2822400,64,0,0,2,2,0,0x0,0.000116,3.813617,353.647304,0,0.000000,1.881839,0.154921,0.000000,91.095890
"_Z15kSoftMaxGradCLSPfPiS_S_jj",1,0,0,10,26727,2822400,64,0,0,2,2,0,0x0,0.000120,3.683626,341.760000,0,0.000000,1.883846,0.222181,0.000000,81.262729
"_Z15kSoftMaxGradCLSPfPiS_S_jj",2,0,0,11,26727,2822400,64,0,0,2,2,0,0x0,0.000116,3.813267,353.647304,0,0.000000,1.893126,0.154233,0.000000,91.095890
"_Z15kSoftMaxGradCLSPfPiS_S_jj",3,0,0,12,26727,2822400,64,0,0,2,2,0,0x0,0.000118,3.754311,347.602051,0,0.000000,1.924782,0.223658,0.000000,80.769231
"_Z15kSoftMaxGradCLSPfPiS_S_jj",4,0,0,13,26727,2822400,64,0,0,2,2,0,0x0,0.000118,3.753155,347.602051,0,0.000000,1.929630,0.226243,0.000000,81.097561
"_Z15kSoftMaxGradCLSPfPiS_S_jj",5,0,0,14,26727,2822400,64,0,0,2,2,0,0x0,0.000118,3.750806,347.602051,0,0.000000,1.915294,0.226366,0.000000,81.262729
"_Z15kSoftMaxGradCLSPfPiS_S_jj",6,0,0,15,26727,2822400,64,0,0,2,2,0,0x0,0.000118,3.744410,344.656271,0,0.000000,1.915073,0.223068,0.000000,81.262729
"_Z15kSoftMaxGradCLSPfPiS_S_jj",7,0,0,16,26727,2822400,64,0,0,2,2,0,0x0,0.000118,3.744410,344.656271,0,0.000000,1.899451,0.225318,0.000000,81.262729
"_Z15kSoftMaxGradCLSPfPiS_S_jj",8,0,0,17,26727,2822400,64,0,0,2,2,0,0x0,0.000116,3.808461,350.598621,0,0.000000,1.858829,0.156731,0.000000,91.216216
"_Z15kSoftMaxGradCLSPfPiS_S_jj",9,0,0,18,26727,2822400,64,0,0,2,2,0,0x0,0.000116,3.810472,353.647304,0,0.000000,1.883925,0.154659,0.000000,91.095890
"_Z15kSoftMaxGradCLSPfPiS_S_jj",10,0,0,19,26727,2822400,64,0,0,2,2,0,0x0,0.000116,3.808174,350.598621,0,0.000000,1.893021,0.154565,0.000000,91.095890
