kernel-name,dispatch,gpu-id,queue-id,queue-index,tid,grd,wgr,lds,scr,vgpr,sgpr,fbar,sig,time,VALUBusy,performance,LDSInsts,LDSBankConflict,L1MemoryBusy,L1MemoryStalled,L2WriteUnitStalled,L2CacheHit
"_Z8getValuePfS_",0,0,0,4,115032,1040384,32,0,0,0,0,0,0x0,0.000087,1.097635,145.169860,0,0.000000,18.928798,4.254055,0.000000,99.984666
"_Z8getValuePfS_",1,0,0,6,115032,1040384,32,0,0,0,0,0,0x0,0.000092,1.037433,137.193495,0,0.000000,18.329862,4.644454,0.000000,99.651557
"_Z8getValuePfS_",2,0,0,7,115032,1040384,32,0,0,0,0,0,0x0,0.000087,1.096490,145.169860,0,0.000000,18.919303,4.249617,0.000000,99.984666
"_Z8getValuePfS_",3,0,0,8,115032,1040384,32,0,0,0,0,0,0x0,0.000089,1.071753,141.870545,0,0.000000,18.961546,4.835369,0.000000,99.651557
"_Z8getValuePfS_",4,0,0,9,115032,1040384,32,0,0,0,0,0,0x0,0.000090,1.062954,140.276494,0,0.000000,18.811116,4.846939,0.000000,99.651557
"_Z8getValuePfS_",5,0,0,10,115032,1040384,32,0,0,0,0,0,0x0,0.000089,1.070713,141.870545,0,0.000000,18.917343,4.812063,0.000000,99.651557
"_Z8getValuePfS_",6,0,0,11,115032,1040384,32,0,0,0,0,0,0x0,0.000090,1.055760,138.717867,0,0.000000,18.676178,4.796122,0.000000,99.651557
"_Z8getValuePfS_",7,0,0,12,115032,1040384,32,0,0,0,0,0,0x0,0.000089,1.065347,140.276494,0,0.000000,18.836857,4.824644,0.000000,99.651557
"_Z8getValuePfS_",8,0,0,13,115032,1040384,32,0,0,0,0,0,0x0,0.000088,1.084582,143.501241,0,0.000000,18.685016,4.197772,0.000000,99.984666
"_Z8getValuePfS_",9,0,0,14,115032,1040384,32,0,0,0,0,0,0x0,0.000087,1.093830,143.501241,0,0.000000,18.838237,4.236437,0.000000,99.984666
"_Z8getValuePfS_",10,0,0,15,115032,1040384,32,0,0,0,0,0,0x0,0.000087,1.095481,145.169860,0,0.000000,18.885722,4.243191,0.000000,99.984666
