kernel-name,dispatch,gpu-id,queue-id,queue-index,tid,grd,wgr,lds,scr,vgpr,sgpr,fbar,sig,time,VALUBusy,performance,LDSInsts,LDSBankConflict,L1MemoryBusy,L1MemoryStalled,L2WriteUnitStalled,L2CacheHit
"_Z6kernelPfi",0,0,0,2,72118,614656,64,0,0,0,1,0,0x0,0.000030,2.847546,339.120552,0,0.000000,25.757975,3.487318,0.000000,99.596941
"_Z6kernelPfi",1,0,0,4,72118,614656,64,0,0,0,1,0,0x0,0.000034,2.481010,289.249882,0,0.000000,22.560438,3.087111,0.000000,99.171598
"_Z6kernelPfi",2,0,0,5,72118,614656,64,0,0,0,1,0,0x0,0.000030,2.850190,339.120552,0,0.000000,26.402870,3.610320,0.000000,99.596941
"_Z6kernelPfi",3,0,0,6,72118,614656,64,0,0,0,1,0,0x0,0.000031,2.686030,317.241806,0,0.000000,24.349655,3.345697,0.000000,99.202223
"_Z6kernelPfi",4,0,0,7,72118,614656,64,0,0,0,1,0,0x0,0.000031,2.685175,317.241806,0,0.000000,24.607332,3.563334,0.000000,99.161393
"_Z6kernelPfi",5,0,0,8,72118,614656,64,0,0,0,1,0,0x0,0.000031,2.680592,317.241806,0,0.000000,24.549947,3.339420,0.000000,99.176701
"_Z6kernelPfi",6,0,0,9,72118,614656,64,0,0,0,1,0,0x0,0.000032,2.662414,317.241806,0,0.000000,24.052280,3.309874,0.000000,99.181804
"_Z6kernelPfi",7,0,0,10,72118,614656,64,0,0,0,1,0,0x0,0.000032,2.663411,317.241806,0,0.000000,24.092845,3.304705,0.000000,99.171598
"_Z6kernelPfi",8,0,0,11,72118,614656,64,0,0,0,1,0,0x0,0.000030,2.842751,339.120552,0,0.000000,25.940348,3.576165,0.000000,99.596941
"_Z6kernelPfi",9,0,0,12,72118,614656,64,0,0,0,1,0,0x0,0.000030,2.841136,339.120552,0,0.000000,26.172269,3.534164,0.000000,99.596941
"_Z6kernelPfi",10,0,0,13,72118,614656,64,0,0,0,1,0,0x0,0.000030,2.841674,339.120552,0,0.000000,26.203526,3.530625,0.000000,99.596941
