kernel-name,dispatch,gpu-id,queue-id,queue-index,tid,grd,wgr,lds,scr,vgpr,sgpr,fbar,sig,time,VALUBusy,performance,LDSInsts,LDSBankConflict,L1MemoryBusy,L1MemoryStalled,L2WriteUnitStalled,L2CacheHit
"add_double",0,0,0,6,6310,4145152,256,0,0,1,1,0,0x0,0.000069,20.082988,1682.090667,0,0.000000,62.461212,7.023498,0.000000,99.185910
"add_double",1,0,0,8,6310,4145152,256,0,0,1,1,0,0x0,0.000073,18.941153,1589.921315,0,0.000000,59.248105,6.744978,0.000000,99.084198
"add_double",2,0,0,9,6310,4145152,256,0,0,1,1,0,0x0,0.000069,20.212438,1706.827294,0,0.000000,63.664094,7.101680,0.000000,99.188706
"add_double",3,0,0,10,6310,4145152,256,0,0,1,1,0,0x0,0.000071,19.525371,1634.707831,0,0.000000,61.341931,6.883079,0.000000,99.095334
"add_double",4,0,0,11,6310,4145152,256,0,0,1,1,0,0x0,0.000071,19.478906,1634.707831,0,0.000000,60.887330,6.943254,0.000000,99.092225
"add_double",5,0,0,12,6310,4145152,256,0,0,1,1,0,0x0,0.000071,19.530510,1634.707831,0,0.000000,60.612653,6.843661,0.000000,99.100294
"add_double",6,0,0,13,6310,4145152,256,0,0,1,1,0,0x0,0.000072,19.234890,1612.003556,0,0.000000,60.212919,7.044830,0.000000,99.078968
"add_double",7,0,0,14,6310,4145152,256,0,0,1,1,0,0x0,0.000071,19.563804,1634.707831,0,0.000000,60.446433,6.894650,0.000000,99.099294
"add_double",8,0,0,15,6310,4145152,256,0,0,1,1,0,0x0,0.000069,20.065250,1682.090667,0,0.000000,62.669884,6.978316,0.000000,99.186766
"add_double",9,0,0,16,6310,4145152,256,0,0,1,1,0,0x0,0.000071,19.690457,1658.060800,0,0.000000,61.845096,6.807730,0.000000,99.187921
"add_double",10,0,0,17,6310,4145152,256,0,0,1,1,0,0x0,0.000070,19.764923,1658.060800,0,0.000000,61.782252,6.914483,0.000000,99.186598
