kernel-name,dispatch,gpu-id,queue-id,queue-index,tid,grd,wgr,lds,scr,vgpr,sgpr,fbar,sig,time,VALUBusy,performance,LDSInsts,LDSBankConflict,L1MemoryBusy,L1MemoryStalled,L2WriteUnitStalled,L2CacheHit
"_Z13floyd2DKernelPiii",0,0,0,2,27062,1032256,16,0,0,2,1,0,0x0,0.000167,16.244449,1691.407422,0,0.000000,0.000000,0.000000,0.000000,87.121212
"_Z13floyd2DKernelPiii",1,0,0,4,27062,1032256,16,0,0,2,1,0,0x0,0.000171,15.853923,1651.609600,0,0.000000,0.000000,0.000000,0.000000,68.249258
"_Z13floyd2DKernelPiii",2,0,0,5,27062,1032256,16,0,0,2,1,0,0x0,0.000167,16.235505,1691.407422,0,0.000000,0.000000,0.000000,0.000000,87.121212
"_Z13floyd2DKernelPiii",3,0,0,6,27062,1032256,16,0,0,2,1,0,0x0,0.000169,16.068791,1671.271619,0,0.000000,0.000000,0.000000,0.000000,68.249258
"_Z13floyd2DKernelPiii",4,0,0,7,27062,1032256,16,0,0,2,1,0,0x0,0.000169,16.065991,1671.271619,0,0.000000,0.000000,0.000000,0.000000,68.249258
"_Z13floyd2DKernelPiii",5,0,0,8,27062,1032256,16,0,0,2,1,0,0x0,0.000169,16.038172,1671.271619,0,0.000000,0.000000,0.000000,0.000000,68.249258
"_Z13floyd2DKernelPiii",6,0,0,9,27062,1032256,16,0,0,2,1,0,0x0,0.000169,16.022580,1661.382438,0,0.000000,0.000000,0.000000,0.000000,68.249258
"_Z13floyd2DKernelPiii",7,0,0,10,27062,1032256,16,0,0,2,1,0,0x0,0.000169,16.038765,1671.271619,0,0.000000,0.000000,0.000000,0.000000,68.249258
"_Z13floyd2DKernelPiii",8,0,0,11,27062,1032256,16,0,0,2,1,0,0x0,0.000167,16.218193,1681.279234,0,0.000000,0.000000,0.000000,0.000000,87.121212
"_Z13floyd2DKernelPiii",9,0,0,12,27062,1032256,16,0,0,2,1,0,0x0,0.000167,16.231310,1691.407422,0,0.000000,0.000000,0.000000,0.000000,87.121212
"_Z13floyd2DKernelPiii",10,0,0,13,27062,1032256,16,0,0,2,1,0,0x0,0.000167,16.226024,1691.407422,0,0.000000,0.000000,0.000000,0.000000,87.121212
