kernel-name,dispatch,gpu-id,queue-id,queue-index,tid,grd,wgr,lds,scr,vgpr,sgpr,fbar,sig,time,VALUBusy,performance,LDSInsts,LDSBankConflict,L1MemoryBusy,L1MemoryStalled,L2WriteUnitStalled,L2CacheHit
"_Z13floyd2DKernelPiii",0,0,0,2,27765,3010560,256,0,0,2,1,0,0x0,0.000052,38.255765,4014.080000,0,0.000000,0.000000,0.000000,0.000000,87.121212
"_Z13floyd2DKernelPiii",1,0,0,4,27765,3010560,256,0,0,2,1,0,0x0,0.000054,36.504233,3791.075556,0,0.000000,0.000000,0.000000,0.000000,73.482428
"_Z13floyd2DKernelPiii",2,0,0,5,27765,3010560,256,0,0,2,1,0,0x0,0.000052,38.253450,4014.080000,0,0.000000,0.000000,0.000000,0.000000,87.121212
"_Z13floyd2DKernelPiii",3,0,0,6,27765,3010560,256,0,0,2,1,0,0x0,0.000052,37.927972,3936.886154,0,0.000000,0.000000,0.000000,0.000000,73.482428
"_Z13floyd2DKernelPiii",4,0,0,7,27765,3010560,256,0,0,2,1,0,0x0,0.000052,38.032033,4014.080000,0,0.000000,0.000000,0.000000,0.000000,73.482428
"_Z13floyd2DKernelPiii",5,0,0,8,27765,3010560,256,0,0,2,1,0,0x0,0.000053,37.363014,3936.886154,0,0.000000,0.000000,0.000000,0.000000,73.482428
"_Z13floyd2DKernelPiii",6,0,0,9,27765,3010560,256,0,0,2,1,0,0x0,0.000052,37.693207,3936.886154,0,0.000000,0.000000,0.000000,0.000000,73.482428
"_Z13floyd2DKernelPiii",7,0,0,10,27765,3010560,256,0,0,2,1,0,0x0,0.000053,37.348002,3936.886154,0,0.000000,0.000000,0.000000,0.000000,73.482428
"_Z13floyd2DKernelPiii",8,0,0,11,27765,3010560,256,0,0,2,1,0,0x0,0.000053,37.351975,3936.886154,0,0.000000,0.000000,0.000000,0.000000,73.482428
"_Z13floyd2DKernelPiii",9,0,0,12,27765,3010560,256,0,0,2,1,0,0x0,0.000053,37.606644,3936.886154,0,0.000000,0.000000,0.000000,0.000000,87.121212
"_Z13floyd2DKernelPiii",10,0,0,13,27765,3010560,256,0,0,2,1,0,0x0,0.000051,38.400321,4014.080000,0,0.000000,0.000000,0.000000,0.000000,87.121212
