kernel-name,dispatch,gpu-id,queue-id,queue-index,tid,grd,wgr,lds,scr,vgpr,sgpr,fbar,sig,time,VALUBusy,performance,LDSInsts,LDSBankConflict,L1MemoryBusy,L1MemoryStalled,L2WriteUnitStalled,L2CacheHit
"_Z16constrain_kernelifPfi",0,0,0,2,123202,4096576,64,0,0,0,1,0,0x0,0.000169,51.961313,6570.530083,0,0.000000,31.782691,4.320862,2.854080,75.016766
"_Z16constrain_kernelifPfi",1,0,0,4,123202,4096576,64,0,0,0,1,0,0x0,0.000174,51.494529,6545.665480,0,0.000000,31.153111,4.583735,2.595703,74.916281
"_Z16constrain_kernelifPfi",2,0,0,5,123202,4096576,64,0,0,0,1,0,0x0,0.000170,51.777619,6568.304852,0,0.000000,31.636915,4.312337,3.043916,75.016766
"_Z16constrain_kernelifPfi",3,0,0,6,123202,4096576,64,0,0,0,1,0,0x0,0.000173,51.579537,6547.763349,0,0.000000,31.452684,4.537433,2.816494,74.918032
"_Z16constrain_kernelifPfi",4,0,0,7,123202,4096576,64,0,0,0,1,0,0x0,0.000174,51.518761,6538.194867,0,0.000000,31.245521,4.581315,2.931062,74.920365
"_Z16constrain_kernelifPfi",5,0,0,8,123202,4096576,64,0,0,0,1,0,0x0,0.000173,51.559492,6547.677023,0,0.000000,31.129539,4.688801,2.779245,74.919782
"_Z16constrain_kernelifPfi",6,0,0,9,123202,4096576,64,0,0,0,1,0,0x0,0.000174,51.493336,6536.482775,0,0.000000,31.133047,4.568331,2.768358,74.920949
"_Z16constrain_kernelifPfi",7,0,0,10,123202,4096576,64,0,0,0,1,0,0x0,0.000173,51.545395,6521.233017,0,0.000000,31.204470,4.495679,2.795465,74.922116
"_Z16constrain_kernelifPfi",8,0,0,11,123202,4096576,64,0,0,0,1,0,0x0,0.000174,51.491983,6541.907607,0,0.000000,31.075277,4.535146,2.780456,74.919198
"_Z16constrain_kernelifPfi",9,0,0,12,123202,4096576,64,0,0,0,1,0,0x0,0.000168,51.824798,6554.412952,0,0.000000,32.067026,4.345636,2.877142,75.016766
"_Z16constrain_kernelifPfi",10,0,0,13,123202,4096576,64,0,0,0,1,0,0x0,0.000168,51.814772,6552.007619,0,0.000000,32.033951,4.345123,2.825552,75.016766
