kernel-name,dispatch,gpu-id,queue-id,queue-index,tid,grd,wgr,lds,scr,vgpr,sgpr,fbar,sig,time,VALUBusy,performance,LDSInsts,LDSBankConflict,L1MemoryBusy,L1MemoryStalled,L2WriteUnitStalled,L2CacheHit
"_Z12const_kernelifPfi",0,0,0,2,121842,4096576,16,0,0,0,1,0,0x0,0.000649,7.316557,706.959186,0,0.000000,20.073377,4.510769,0.540964,75.006635
"_Z12const_kernelifPfi",1,0,0,4,121842,4096576,16,0,0,0,1,0,0x0,0.000652,7.281945,703.706307,0,0.000000,20.094168,4.659670,0.487630,74.954564
"_Z12const_kernelifPfi",2,0,0,5,121842,4096576,16,0,0,0,1,0,0x0,0.000649,7.314804,706.959186,0,0.000000,20.124815,4.629548,0.625520,74.937905
"_Z12const_kernelifPfi",3,0,0,6,121842,4096576,16,0,0,0,1,0,0x0,0.000653,7.274349,702.628655,0,0.000000,20.079571,4.726585,0.637373,74.908405
"_Z12const_kernelifPfi",4,0,0,7,121842,4096576,16,0,0,0,1,0,0x0,0.000652,7.281798,703.706307,0,0.000000,20.060713,4.712553,0.849743,74.919793
"_Z12const_kernelifPfi",5,0,0,8,121842,4096576,16,0,0,0,1,0,0x0,0.000654,7.265949,702.628655,0,0.000000,20.006008,4.692737,0.890909,74.922130
"_Z12const_kernelifPfi",6,0,0,9,121842,4096576,16,0,0,0,1,0,0x0,0.000652,7.291109,704.787269,0,0.000000,20.014518,4.497574,0.816298,75.006342
"_Z12const_kernelifPfi",7,0,0,10,121842,4096576,16,0,0,0,1,0,0x0,0.000649,7.322421,708.050173,0,0.000000,20.092717,4.515348,0.802463,75.006635
"_Z12const_kernelifPfi",8,0,0,11,121842,4096576,16,0,0,0,1,0,0x0,0.000649,7.322485,708.050173,0,0.000000,20.094167,4.514520,0.737926,75.006635
"_Z12const_kernelifPfi",9,0,0,12,121842,4096576,16,0,0,0,1,0,0x0,0.000649,7.322640,708.050173,0,0.000000,20.100253,4.516783,0.757209,75.006635
"_Z12const_kernelifPfi",10,0,0,13,121842,4096576,16,0,0,0,1,0,0x0,0.000649,7.321928,708.050173,0,0.000000,20.099550,4.516175,0.826491,75.006635
