kernel-name,dispatch,gpu-id,queue-id,queue-index,tid,grd,wgr,lds,scr,vgpr,sgpr,fbar,sig,time,VALUBusy,performance,LDSInsts,LDSBankConflict,L1MemoryBusy,L1MemoryStalled,L2WriteUnitStalled,L2CacheHit
"_Z16manhattan_kernelPKfmmS0_mmmPfmf",0,0,0,6,106471,1040384,32,128,0,3,3,0,0x0,0.000103,11.746308,1346.379294,97536,0.000000,26.253643,3.774621,0.000000,99.384597
"_Z16manhattan_kernelPKfmmS0_mmmPfmf",1,0,0,8,106471,1040384,32,128,0,3,3,0,0x0,0.000099,12.155253,1387.178667,97536,0.000000,27.749163,3.798202,0.000000,99.370573
"_Z16manhattan_kernelPKfmmS0_mmmPfmf",2,0,0,9,106471,1040384,32,128,0,3,3,0,0x0,0.000088,13.658523,1560.576000,97536,0.000000,31.012396,4.144114,0.000000,99.522947
"_Z16manhattan_kernelPKfmmS0_mmmPfmf",3,0,0,10,106471,1040384,32,128,0,3,3,0,0x0,0.000092,13.059038,1492.724870,97536,0.000000,29.745266,4.169232,0.000000,99.368937
"_Z16manhattan_kernelPKfmmS0_mmmPfmf",4,0,0,11,106471,1040384,32,128,0,3,3,0,0x0,0.000093,12.967802,1476.674065,97536,0.000000,29.462048,4.014147,0.000000,99.367037
"_Z16manhattan_kernelPKfmmS0_mmmPfmf",5,0,0,12,106471,1040384,32,128,0,3,3,0,0x0,0.000092,13.152104,1509.128440,97536,0.000000,29.366547,4.378300,0.000000,99.373204
"_Z16manhattan_kernelPKfmmS0_mmmPfmf",6,0,0,13,106471,1040384,32,128,0,3,3,0,0x0,0.000092,13.110479,1492.724870,97536,0.000000,29.727114,4.048465,0.000000,99.357373
"_Z16manhattan_kernelPKfmmS0_mmmPfmf",7,0,0,14,106471,1040384,32,128,0,3,3,0,0x0,0.000092,13.071949,1492.724870,97536,0.000000,29.699170,4.057559,0.000000,99.376571
"_Z16manhattan_kernelPKfmmS0_mmmPfmf",8,0,0,15,106471,1040384,32,128,0,3,3,0,0x0,0.000094,12.855706,1476.674065,97536,0.000000,29.413322,4.009250,0.000000,99.377781
"_Z16manhattan_kernelPKfmmS0_mmmPfmf",9,0,0,16,106471,1040384,32,128,0,3,3,0,0x0,0.000088,13.653113,1560.576000,97536,0.000000,31.609956,4.158739,0.000000,99.516790
"_Z16manhattan_kernelPKfmmS0_mmmPfmf",10,0,0,17,106471,1040384,32,128,0,3,3,0,0x0,0.000089,13.485626,1543.041438,97536,0.000000,30.746446,4.089210,0.000000,99.522716
