kernel-name,dispatch,gpu-id,queue-id,queue-index,tid,grd,wgr,lds,scr,vgpr,sgpr,fbar,sig,time,VALUBusy,performance,LDSInsts,LDSBankConflict,L1MemoryBusy,L1MemoryStalled,L2WriteUnitStalled,L2CacheHit
"_Z11fill_kernelifPfi",0,0,0,2,129984,2903040,64,0,0,0,1,0,0x0,0.000120,6.991278,677.376000,0,0.000000,18.888326,4.273551,0.000000,93.708289
"_Z11fill_kernelifPfi",1,0,0,4,129984,2903040,64,0,0,0,1,0,0x0,0.000124,6.811939,660.854634,0,0.000000,18.632200,4.397125,0.000000,93.650724
"_Z11fill_kernelifPfi",2,0,0,5,129984,2903040,64,0,0,0,1,0,0x0,0.000120,7.036798,683.068235,0,0.000000,19.078978,4.318097,0.000000,93.708289
"_Z11fill_kernelifPfi",3,0,0,6,129984,2903040,64,0,0,0,1,0,0x0,0.000122,6.890821,666.271475,0,0.000000,18.818793,4.443182,0.000000,93.648669
"_Z11fill_kernelifPfi",4,0,0,7,129984,2903040,64,0,0,0,1,0,0x0,0.000122,6.890539,666.271475,0,0.000000,18.755725,4.365096,0.000000,93.646615
"_Z11fill_kernelifPfi",5,0,0,8,129984,2903040,64,0,0,0,1,0,0x0,0.000122,6.883847,666.271475,0,0.000000,18.706069,4.367757,0.000000,93.648669
"_Z11fill_kernelifPfi",6,0,0,9,129984,2903040,64,0,0,0,1,0,0x0,0.000122,6.872394,666.271475,0,0.000000,18.730320,4.404125,0.000000,93.646615
"_Z11fill_kernelifPfi",7,0,0,10,129984,2903040,64,0,0,0,1,0,0x0,0.000122,6.871833,666.271475,0,0.000000,18.645229,4.366768,0.000000,93.646615
"_Z11fill_kernelifPfi",8,0,0,11,129984,2903040,64,0,0,0,1,0,0x0,0.000120,7.032241,683.068235,0,0.000000,19.050174,4.298199,0.000000,93.708289
"_Z11fill_kernelifPfi",9,0,0,12,129984,2903040,64,0,0,0,1,0,0x0,0.000120,7.032241,683.068235,0,0.000000,19.090385,4.305379,0.000000,93.708289
"_Z11fill_kernelifPfi",10,0,0,13,129984,2903040,64,0,0,0,1,0,0x0,0.000120,7.031948,683.068235,0,0.000000,19.045592,4.307549,0.000000,93.708289
