kernel-name,dispatch,gpu-id,queue-id,queue-index,tid,grd,wgr,lds,scr,vgpr,sgpr,fbar,sig,time,VALUBusy,performance,LDSInsts,LDSBankConflict,L1MemoryBusy,L1MemoryStalled,L2WriteUnitStalled,L2CacheHit
"exp_double",0,0,0,4,10742,61440,128,0,0,10,7,0,0x0,0.000949,85.995993,2519.839562,0,0.000000,22.225377,1.962677,0.000000,97.953496
"exp_double",1,0,0,6,10742,61440,128,0,0,10,7,0,0x0,0.000956,85.419533,2504.008109,0,0.000000,21.887803,1.965101,0.000000,97.933028
"exp_double",2,0,0,7,10742,61440,128,0,0,10,7,0,0x0,0.000950,85.940916,2519.839562,0,0.000000,22.915214,2.126994,0.000000,97.904828
"exp_double",3,0,0,8,10742,61440,128,0,0,10,7,0,0x0,0.000954,85.562977,2506.632855,0,0.000000,22.046436,1.958829,0.000000,97.941490
"exp_double",4,0,0,9,10742,61440,128,0,0,10,7,0,0x0,0.000956,85.367827,2501.388854,0,0.000000,22.479201,2.120872,0.000000,97.881635
"exp_double",5,0,0,10,10742,61440,128,0,0,10,7,0,0x0,0.000951,85.862519,2517.187099,0,0.000000,23.776856,2.135384,0.000000,97.940643
"exp_double",6,0,0,11,10742,61440,128,0,0,10,7,0,0x0,0.000950,85.969735,2519.839562,0,0.000000,23.651464,2.146416,0.000000,97.952939
"exp_double",7,0,0,12,10742,61440,128,0,0,10,7,0,0x0,0.000950,85.924893,2517.187099,0,0.000000,22.835665,2.069442,0.000000,97.953419
"exp_double",8,0,0,13,10742,61440,128,0,0,10,7,0,0x0,0.000950,85.946012,2519.839562,0,0.000000,23.106438,2.069390,0.000000,97.952985
"exp_double",9,0,0,14,10742,61440,128,0,0,10,7,0,0x0,0.000950,85.942451,2519.839562,0,0.000000,23.164060,2.069138,0.000000,97.953358
"exp_double",10,0,0,15,10742,61440,128,0,0,10,7,0,0x0,0.000951,85.835586,2514.540215,0,0.000000,23.228743,2.093535,0.000000,97.953337
