kernel-name,dispatch,gpu-id,queue-id,queue-index,tid,grd,wgr,lds,scr,vgpr,sgpr,fbar,sig,time,VALUBusy,performance,LDSInsts,LDSBankConflict,L1MemoryBusy,L1MemoryStalled,L2WriteUnitStalled,L2CacheHit
"_Z19levels_image_kernelPfS_iiiifffff",0,0,0,4,28418,253952,128,0,0,5,2,0,0x0,0.000026,48.272492,4632.084480,0,0.000000,17.053472,2.475308,0.000000,97.718206
"_Z19levels_image_kernelPfS_iiiifffff",1,0,0,6,28418,253952,128,0,0,5,2,0,0x0,0.000028,43.840931,4135.277714,0,0.000000,16.965489,2.332582,0.000000,97.001406
"_Z19levels_image_kernelPfS_iiiifffff",2,0,0,7,28418,253952,128,0,0,5,2,0,0x0,0.000024,51.236351,4961.324522,0,0.000000,19.686375,2.701169,0.000000,97.749803
"_Z19levels_image_kernelPfS_iiiifffff",3,0,0,8,28418,253952,128,0,0,5,2,0,0x0,0.000026,43.614724,4063.232000,0,0.000000,18.880045,2.551536,0.000000,97.005288
"_Z19levels_image_kernelPfS_iiiifffff",4,0,0,9,28418,253952,128,0,0,5,2,0,0x0,0.000026,44.373867,4063.232000,0,0.000000,20.360661,2.545083,0.000000,97.023509
"_Z19levels_image_kernelPfS_iiiifffff",5,0,0,10,28418,253952,128,0,0,5,2,0,0x0,0.000026,43.939759,4063.232000,0,0.000000,21.606016,2.761402,0.000000,97.056035
"_Z19levels_image_kernelPfS_iiiifffff",6,0,0,11,28418,253952,128,0,0,5,2,0,0x0,0.000027,42.282787,3906.953846,0,0.000000,18.214611,2.424062,0.000000,97.158774
"_Z19levels_image_kernelPfS_iiiifffff",7,0,0,12,28418,253952,128,0,0,5,2,0,0x0,0.000027,42.600396,3906.953846,0,0.000000,18.823502,2.474951,0.000000,97.113071
"_Z19levels_image_kernelPfS_iiiifffff",8,0,0,13,28418,253952,128,0,0,5,2,0,0x0,0.000023,48.271168,4416.556522,0,0.000000,18.605906,2.652656,0.000000,97.826972
"_Z19levels_image_kernelPfS_iiiifffff",9,0,0,14,28418,253952,128,0,0,5,2,0,0x0,0.000023,48.316904,4416.556522,0,0.000000,18.715818,2.705226,0.000000,97.832597
"_Z19levels_image_kernelPfS_iiiifffff",10,0,0,15,28418,253952,128,0,0,5,2,0,0x0,0.000024,47.861988,4416.556522,0,0.000000,18.010781,2.651675,0.000000,97.795674
