kernel-name,dispatch,gpu-id,queue-id,queue-index,tid,grd,wgr,lds,scr,vgpr,sgpr,fbar,sig,time,VALUBusy,performance,LDSInsts,LDSBankConflict,L1MemoryBusy,L1MemoryStalled,L2WriteUnitStalled,L2CacheHit
"_Z8SubtractPfS_S_iii",0,0,0,6,44301,2903040,64,0,0,1,1,0,0x0,0.000120,1.652467,215.172303,0,0.000000,2.223519,0.365896,0.000000,97.225936
"_Z8SubtractPfS_S_iii",1,0,0,8,44301,2903040,64,0,0,1,1,0,0x0,0.000125,1.586337,206.496000,0,0.000000,2.513685,0.730401,0.000000,96.075301
"_Z8SubtractPfS_S_iii",2,0,0,9,44301,2903040,64,0,0,1,1,0,0x0,0.000119,1.664064,215.172303,0,0.000000,2.239123,0.368463,0.000000,97.225936
"_Z8SubtractPfS_S_iii",3,0,0,10,44301,2903040,64,0,0,1,1,0,0x0,0.000123,1.615255,209.881180,0,0.000000,2.564730,0.748938,0.000000,96.064726
"_Z8SubtractPfS_S_iii",4,0,0,11,44301,2903040,64,0,0,1,1,0,0x0,0.000123,1.609278,208.174829,0,0.000000,2.509302,0.700229,0.000000,96.112335
"_Z8SubtractPfS_S_iii",5,0,0,12,44301,2903040,64,0,0,1,1,0,0x0,0.000123,1.608829,208.174829,0,0.000000,2.527885,0.724391,0.000000,96.101751
"_Z8SubtractPfS_S_iii",6,0,0,13,44301,2903040,64,0,0,1,1,0,0x0,0.000123,1.608339,208.174829,0,0.000000,2.562880,0.755877,0.000000,96.070013
"_Z8SubtractPfS_S_iii",7,0,0,14,44301,2903040,64,0,0,1,1,0,0x0,0.000123,1.607989,208.174829,0,0.000000,2.487637,0.680014,0.000000,96.138805
"_Z8SubtractPfS_S_iii",8,0,0,15,44301,2903040,64,0,0,1,1,0,0x0,0.000119,1.661665,215.172303,0,0.000000,2.235896,0.367932,0.000000,97.225936
"_Z8SubtractPfS_S_iii",9,0,0,16,44301,2903040,64,0,0,1,1,0,0x0,0.000119,1.660977,215.172303,0,0.000000,2.234971,0.367780,0.000000,97.225936
"_Z8SubtractPfS_S_iii",10,0,0,17,44301,2903040,64,0,0,1,1,0,0x0,0.000119,1.661273,215.172303,0,0.000000,2.235369,0.367845,0.000000,97.225936
