kernel-name,dispatch,gpu-id,queue-id,queue-index,tid,grd,wgr,lds,scr,vgpr,sgpr,fbar,sig,time,VALUBusy,performance,LDSInsts,LDSBankConflict,L1MemoryBusy,L1MemoryStalled,L2WriteUnitStalled,L2CacheHit
"_Z9vcopyfromiiPKdPd",0,0,0,4,81400,253952,32,0,0,1,1,0,0x0,0.000025,0.621030,82.165760,0,0.000000,0.154485,0.013595,0.000000,83.919598
"_Z9vcopyfromiiPKdPd",1,0,0,6,81400,253952,32,0,0,1,1,0,0x0,0.000031,0.507801,68.471467,0,0.000000,0.161183,0.047496,0.000000,60.948905
"_Z9vcopyfromiiPKdPd",2,0,0,7,81400,253952,32,0,0,1,1,0,0x0,0.000025,0.620646,82.165760,0,0.000000,0.154390,0.013586,0.000000,83.919598
"_Z9vcopyfromiiPKdPd",3,0,0,8,81400,253952,32,0,0,1,1,0,0x0,0.000029,0.548521,73.362286,0,0.000000,0.177382,0.052942,0.000000,61.172161
"_Z9vcopyfromiiPKdPd",4,0,0,9,81400,253952,32,0,0,1,1,0,0x0,0.000029,0.548365,73.362286,0,0.000000,0.171330,0.051290,0.000000,60.948905
"_Z9vcopyfromiiPKdPd",5,0,0,10,81400,253952,32,0,0,1,1,0,0x0,0.000029,0.543138,73.362286,0,0.000000,0.172939,0.050801,0.000000,61.172161
"_Z9vcopyfromiiPKdPd",6,0,0,11,81400,253952,32,0,0,1,1,0,0x0,0.000029,0.540567,70.832552,0,0.000000,0.173196,0.050560,0.000000,61.172161
"_Z9vcopyfromiiPKdPd",7,0,0,12,81400,253952,32,0,0,1,1,0,0x0,0.000029,0.540962,70.832552,0,0.000000,0.177629,0.054904,0.000000,61.172161
"_Z9vcopyfromiiPKdPd",8,0,0,13,81400,253952,32,0,0,1,1,0,0x0,0.000029,0.540125,70.832552,0,0.000000,0.168218,0.050519,0.000000,60.727273
"_Z9vcopyfromiiPKdPd",9,0,0,14,81400,253952,32,0,0,1,1,0,0x0,0.000025,0.618644,82.165760,0,0.000000,0.153892,0.013542,0.000000,83.919598
"_Z9vcopyfromiiPKdPd",10,0,0,15,81400,253952,32,0,0,1,1,0,0x0,0.000025,0.616307,82.165760,0,0.000000,0.153310,0.013491,0.000000,83.919598
