kernel-name,dispatch,gpu-id,queue-id,queue-index,tid,grd,wgr,lds,scr,vgpr,sgpr,fbar,sig,time,VALUBusy,performance,LDSInsts,LDSBankConflict,L1MemoryBusy,L1MemoryStalled,L2WriteUnitStalled,L2CacheHit
"_Z9vcopyfromiiPKdPd",0,0,0,4,81308,246016,64,0,0,1,1,0,0x0,0.000015,0.550540,71.424000,0,0.000000,0.648152,0.057037,0.000000,87.692308
"_Z9vcopyfromiiPKdPd",1,0,0,6,81308,246016,64,0,0,1,1,0,0x0,0.000021,0.401157,53.568000,0,0.000000,0.581097,0.154153,0.000000,72.843450
"_Z9vcopyfromiiPKdPd",2,0,0,7,81308,246016,64,0,0,1,1,0,0x0,0.000015,0.553271,76.525714,0,0.000000,0.651367,0.057320,0.000000,87.692308
"_Z9vcopyfromiiPKdPd",3,0,0,8,81308,246016,64,0,0,1,1,0,0x0,0.000018,0.452070,59.520000,0,0.000000,0.651441,0.173718,0.000000,73.311897
"_Z9vcopyfromiiPKdPd",4,0,0,9,81308,246016,64,0,0,1,1,0,0x0,0.000018,0.450597,59.520000,0,0.000000,0.654410,0.181639,0.000000,72.380952
"_Z9vcopyfromiiPKdPd",5,0,0,10,81308,246016,64,0,0,1,1,0,0x0,0.000018,0.450551,59.520000,0,0.000000,0.656890,0.175680,0.000000,72.843450
"_Z9vcopyfromiiPKdPd",6,0,0,11,81308,246016,64,0,0,1,1,0,0x0,0.000019,0.441542,59.520000,0,0.000000,0.642092,0.169672,0.000000,72.843450
"_Z9vcopyfromiiPKdPd",7,0,0,12,81308,246016,64,0,0,1,1,0,0x0,0.000019,0.440809,59.520000,0,0.000000,0.638535,0.167730,0.000000,73.076923
"_Z9vcopyfromiiPKdPd",8,0,0,13,81308,246016,64,0,0,1,1,0,0x0,0.000019,0.440356,59.520000,0,0.000000,0.648661,0.175852,0.000000,73.076923
"_Z9vcopyfromiiPKdPd",9,0,0,14,81308,246016,64,0,0,1,1,0,0x0,0.000015,0.549378,71.424000,0,0.000000,0.646784,0.056917,0.000000,87.692308
"_Z9vcopyfromiiPKdPd",10,0,0,15,81308,246016,64,0,0,1,1,0,0x0,0.000015,0.549879,71.424000,0,0.000000,0.647373,0.056969,0.000000,87.692308
