kernel-name,dispatch,gpu-id,queue-id,queue-index,tid,grd,wgr,lds,scr,vgpr,sgpr,fbar,sig,time,VALUBusy,performance,LDSInsts,LDSBankConflict,L1MemoryBusy,L1MemoryStalled,L2WriteUnitStalled,L2CacheHit
"_Z9vcopyfromiiPKdPd",0,0,0,4,81561,614656,64,0,0,1,1,0,0x0,0.000029,0.681991,89.538207,0,0.000000,0.532754,0.046882,0.000000,89.189189
"_Z9vcopyfromiiPKdPd",1,0,0,6,81561,614656,64,0,0,1,1,0,0x0,0.000035,0.572619,76.370824,0,0.000000,0.510387,0.104672,0.000000,70.777480
"_Z9vcopyfromiiPKdPd",2,0,0,7,81561,614656,64,0,0,1,1,0,0x0,0.000029,0.682748,89.538207,0,0.000000,0.533345,0.046934,0.000000,89.189189
"_Z9vcopyfromiiPKdPd",3,0,0,8,81561,614656,64,0,0,1,1,0,0x0,0.000033,0.613380,81.144000,0,0.000000,0.549593,0.115956,0.000000,70.777480
"_Z9vcopyfromiiPKdPd",4,0,0,9,81561,614656,64,0,0,1,1,0,0x0,0.000033,0.613251,81.144000,0,0.000000,0.545644,0.116411,0.000000,70.777480
"_Z9vcopyfromiiPKdPd",5,0,0,10,81561,614656,64,0,0,1,1,0,0x0,0.000033,0.609723,81.144000,0,0.000000,0.542029,0.112407,0.000000,70.967742
"_Z9vcopyfromiiPKdPd",6,0,0,11,81561,614656,64,0,0,1,1,0,0x0,0.000033,0.605695,78.685091,0,0.000000,0.539395,0.114976,0.000000,70.777480
"_Z9vcopyfromiiPKdPd",7,0,0,12,81561,614656,64,0,0,1,1,0,0x0,0.000033,0.605879,78.685091,0,0.000000,0.542398,0.111698,0.000000,70.400000
"_Z9vcopyfromiiPKdPd",8,0,0,13,81561,614656,64,0,0,1,1,0,0x0,0.000033,0.605294,78.685091,0,0.000000,0.539511,0.113482,0.000000,71.159030
"_Z9vcopyfromiiPKdPd",9,0,0,14,81561,614656,64,0,0,1,1,0,0x0,0.000029,0.679515,89.538207,0,0.000000,0.530819,0.046712,0.000000,89.189189
"_Z9vcopyfromiiPKdPd",10,0,0,15,81561,614656,64,0,0,1,1,0,0x0,0.000029,0.680165,89.538207,0,0.000000,0.531327,0.046757,0.000000,89.189189
