kernel-name,dispatch,gpu-id,queue-id,queue-index,tid,grd,wgr,lds,scr,vgpr,sgpr,fbar,sig,time,VALUBusy,performance,LDSInsts,LDSBankConflict,L1MemoryBusy,L1MemoryStalled,L2WriteUnitStalled,L2CacheHit
"_Z4sumaiiPi",0,0,0,2,37596,253952,256,0,0,0,0,0,0x0,0.000009,0.862249,126.976000,0,0.000000,7.146582,1.486336,0.000000,99.876969
"_Z4sumaiiPi",1,0,0,4,37596,253952,256,0,0,0,0,0,0x0,0.000014,0.551185,72.557714,0,0.000000,8.109970,5.441837,0.000000,97.268152
"_Z4sumaiiPi",2,0,0,5,37596,253952,256,0,0,0,0,0,0x0,0.000009,0.850538,112.867556,0,0.000000,6.958639,1.527883,0.000000,99.876969
"_Z4sumaiiPi",3,0,0,6,37596,253952,256,0,0,0,0,0,0x0,0.000011,0.689310,92.346182,0,0.000000,10.004725,6.164879,0.000000,97.268152
"_Z4sumaiiPi",4,0,0,7,37596,253952,256,0,0,0,0,0,0x0,0.000012,0.644859,84.650667,0,0.000000,9.535077,6.262676,0.000000,97.268152
"_Z4sumaiiPi",5,0,0,8,37596,253952,256,0,0,0,0,0,0x0,0.000011,0.682631,92.346182,0,0.000000,10.001376,6.566199,0.000000,97.268152
"_Z4sumaiiPi",6,0,0,9,37596,253952,256,0,0,0,0,0,0x0,0.000012,0.630209,84.650667,0,0.000000,10.130362,6.655316,0.000000,97.268152
"_Z4sumaiiPi",7,0,0,10,37596,253952,256,0,0,0,0,0,0x0,0.000012,0.668932,92.346182,0,0.000000,10.874198,7.586179,0.000000,97.268152
"_Z4sumaiiPi",8,0,0,11,37596,253952,256,0,0,0,0,0,0x0,0.000010,0.769422,101.580800,0,0.000000,6.285679,1.329424,0.000000,99.876969
"_Z4sumaiiPi",9,0,0,12,37596,253952,256,0,0,0,0,0,0x0,0.000009,0.845320,112.867556,0,0.000000,6.990933,1.467380,0.000000,99.876969
"_Z4sumaiiPi",10,0,0,13,37596,253952,256,0,0,0,0,0,0x0,0.000009,0.846821,112.867556,0,0.000000,6.993103,1.509254,0.000000,99.876969
