kernel-name,dispatch,gpu-id,queue-id,queue-index,tid,grd,wgr,lds,scr,vgpr,sgpr,fbar,sig,time,VALUBusy,performance,LDSInsts,LDSBankConflict,L1MemoryBusy,L1MemoryStalled,L2WriteUnitStalled,L2CacheHit
"_Z15LowPassColMultiPfS_iii",0,0,0,4,115767,2822400,16,6144,0,3,3,0,0x0,0.000451,6.004968,757.766827,285352,13.736979,12.058224,1.705767,0.000000,97.957811
"_Z15LowPassColMultiPfS_iii",1,0,0,6,115767,2822400,16,6144,0,3,3,0,0x0,0.000456,5.932900,747.796211,285352,13.572161,12.011433,1.710979,0.000000,97.871375
"_Z15LowPassColMultiPfS_iii",2,0,0,7,115767,2822400,16,6144,0,3,3,0,0x0,0.000450,6.021797,759.454503,285352,13.775512,12.132254,1.709509,0.000000,97.959506
"_Z15LowPassColMultiPfS_iii",3,0,0,8,115767,2822400,16,6144,0,3,3,0,0x0,0.000455,5.955235,751.090467,285352,13.623131,12.254008,1.764074,0.000000,97.883777
"_Z15LowPassColMultiPfS_iii",4,0,0,9,115767,2822400,16,6144,0,3,3,0,0x0,0.000456,5.941026,749.439719,285352,13.590661,11.920565,1.703232,0.000000,97.810194
"_Z15LowPassColMultiPfS_iii",5,0,0,10,115767,2822400,16,6144,0,3,3,0,0x0,0.000451,6.004789,757.766827,285352,13.736541,12.356679,1.767393,0.000000,97.932656
"_Z15LowPassColMultiPfS_iii",6,0,0,11,115767,2822400,16,6144,0,3,3,0,0x0,0.000455,5.949582,749.439719,285352,13.610278,12.098624,1.752040,0.000000,97.877101
"_Z15LowPassColMultiPfS_iii",7,0,0,12,115767,2822400,16,6144,0,3,3,0,0x0,0.000450,6.014995,757.766827,285352,13.759924,12.126336,1.712434,0.000000,97.951661
"_Z15LowPassColMultiPfS_iii",8,0,0,13,115767,2822400,16,6144,0,3,3,0,0x0,0.000450,6.012816,757.766827,285352,13.754844,12.114642,1.705522,0.000000,97.961660
"_Z15LowPassColMultiPfS_iii",9,0,0,14,115767,2822400,16,6144,0,3,3,0,0x0,0.000450,6.012198,757.766827,285352,13.753469,12.091677,1.706635,0.000000,97.953472
"_Z15LowPassColMultiPfS_iii",10,0,0,15,115767,2822400,16,6144,0,3,3,0,0x0,0.000450,6.020000,759.454503,285352,13.771377,12.066463,1.701319,0.000000,97.952532
