kernel-name,dispatch,gpu-id,queue-id,queue-index,tid,grd,wgr,lds,scr,vgpr,sgpr,fbar,sig,time,VALUBusy,performance,LDSInsts,LDSBankConflict,L1MemoryBusy,L1MemoryStalled,L2WriteUnitStalled,L2CacheHit
"_Z15LowPassColMultiPfS_iii",0,0,0,4,115829,2903040,64,6144,0,3,3,0,0x0,0.000122,7.438995,907.357091,68688,35.666896,12.697854,1.998839,0.000000,96.963831
"_Z15LowPassColMultiPfS_iii",1,0,0,6,115829,2903040,64,6144,0,3,3,0,0x0,0.000127,7.123085,864.489827,68688,34.152240,11.943332,1.985183,0.000000,96.890644
"_Z15LowPassColMultiPfS_iii",2,0,0,7,115829,2903040,64,6144,0,3,3,0,0x0,0.000121,7.500793,914.918400,68688,35.963158,12.327513,1.940954,0.000000,96.978678
"_Z15LowPassColMultiPfS_iii",3,0,0,8,115829,2903040,64,6144,0,3,3,0,0x0,0.000125,7.238564,885.404903,68688,34.705915,11.893427,2.016867,0.000000,96.903072
"_Z15LowPassColMultiPfS_iii",4,0,0,9,115829,2903040,64,6144,0,3,3,0,0x0,0.000125,7.260699,885.404903,68688,34.811930,12.195724,2.029298,0.000000,96.904132
"_Z15LowPassColMultiPfS_iii",5,0,0,10,115829,2903040,64,6144,0,3,3,0,0x0,0.000126,7.204411,878.321664,68688,34.542165,11.859459,1.974005,0.000000,96.891672
"_Z15LowPassColMultiPfS_iii",6,0,0,11,115829,2903040,64,6144,0,3,3,0,0x0,0.000125,7.230168,878.321664,68688,34.665698,12.129261,2.086705,0.000000,96.870266
"_Z15LowPassColMultiPfS_iii",7,0,0,12,115829,2903040,64,6144,0,3,3,0,0x0,0.000125,7.222448,878.321664,68688,34.628683,12.281461,2.071255,0.000000,96.872790
"_Z15LowPassColMultiPfS_iii",8,0,0,13,115829,2903040,64,6144,0,3,3,0,0x0,0.000122,7.437649,907.357091,68688,35.660482,12.570200,1.982166,0.000000,96.969140
"_Z15LowPassColMultiPfS_iii",9,0,0,14,115829,2903040,64,6144,0,3,3,0,0x0,0.000121,7.455063,907.357091,68688,35.743862,12.130283,1.929762,0.000000,96.951520
"_Z15LowPassColMultiPfS_iii",10,0,0,15,115829,2903040,64,6144,0,3,3,0,0x0,0.000121,7.491848,914.918400,68688,35.920348,12.304298,1.942913,0.000000,96.958075
