kernel-name,dispatch,gpu-id,queue-id,queue-index,tid,grd,wgr,lds,scr,vgpr,sgpr,fbar,sig,time,VALUBusy,performance,LDSInsts,LDSBankConflict,L1MemoryBusy,L1MemoryStalled,L2WriteUnitStalled,L2CacheHit
"_Z15LowPassColMultiPfS_iii",0,0,0,4,115323,1517824,64,6144,0,3,3,0,0x0,0.000083,12.418429,1589.547181,128128,15.683046,20.667854,3.416167,0.000000,96.416690
"_Z15LowPassColMultiPfS_iii",1,0,0,6,115323,1517824,64,6144,0,3,3,0,0x0,0.000088,11.708439,1499.232000,128128,14.786536,19.182251,3.396826,0.000000,96.297775
"_Z15LowPassColMultiPfS_iii",2,0,0,7,115323,1517824,64,6144,0,3,3,0,0x0,0.000083,12.513347,1608.931902,128128,15.803021,20.145440,3.321541,0.000000,96.460310
"_Z15LowPassColMultiPfS_iii",3,0,0,8,115323,1517824,64,6144,0,3,3,0,0x0,0.000087,11.844051,1516.464552,128128,14.957714,19.336703,3.306109,0.000000,96.343951
"_Z15LowPassColMultiPfS_iii",4,0,0,9,115323,1517824,64,6144,0,3,3,0,0x0,0.000086,11.965159,1534.097860,128128,15.110589,19.728406,3.430249,0.000000,96.294402
"_Z15LowPassColMultiPfS_iii",5,0,0,10,115323,1517824,64,6144,0,3,3,0,0x0,0.000088,11.812735,1516.464552,128128,14.918434,19.188872,3.326328,0.000000,96.323890
"_Z15LowPassColMultiPfS_iii",6,0,0,11,115323,1517824,64,6144,0,3,3,0,0x0,0.000088,11.763141,1516.464552,128128,14.855675,19.385286,3.466715,0.000000,96.293633
"_Z15LowPassColMultiPfS_iii",7,0,0,12,115323,1517824,64,6144,0,3,3,0,0x0,0.000088,11.803524,1516.464552,128128,14.906520,19.390669,3.499437,0.000000,96.291040
"_Z15LowPassColMultiPfS_iii",8,0,0,13,115323,1517824,64,6144,0,3,3,0,0x0,0.000083,12.418278,1589.547181,128128,15.682810,20.383228,3.381795,0.000000,96.419668
"_Z15LowPassColMultiPfS_iii",9,0,0,14,115323,1517824,64,6144,0,3,3,0,0x0,0.000083,12.464704,1589.547181,128128,15.741619,20.286475,3.376781,0.000000,96.435712
"_Z15LowPassColMultiPfS_iii",10,0,0,15,115323,1517824,64,6144,0,3,3,0,0x0,0.000083,12.470091,1608.931902,128128,15.748497,20.164261,3.359235,0.000000,96.409922
