kernel-name,dispatch,gpu-id,queue-id,queue-index,tid,grd,wgr,lds,scr,vgpr,sgpr,fbar,sig,time,VALUBusy,performance,LDSInsts,LDSBankConflict,L1MemoryBusy,L1MemoryStalled,L2WriteUnitStalled,L2CacheHit
"_Z33trianguler_convolution_gpu_kernelPfS_S_S_S_iiff",0,0,0,10,10084,61440,64,0,0,6,2,0,0x0,0.000011,0.362292,50.240000,0,0.000000,0.636868,0.097299,0.000000,80.084746
"_Z33trianguler_convolution_gpu_kernelPfS_S_S_S_iiff",1,0,0,12,10084,61440,64,0,0,6,2,0,0x0,0.000016,0.238342,31.400000,0,0.000000,0.418978,0.125112,0.000000,60.967742
"_Z33trianguler_convolution_gpu_kernelPfS_S_S_S_iiff",2,0,0,13,10084,61440,64,0,0,6,2,0,0x0,0.000010,0.370016,50.240000,0,0.000000,0.650446,0.099374,0.000000,80.084746
"_Z33trianguler_convolution_gpu_kernelPfS_S_S_S_iiff",3,0,0,14,10084,61440,64,0,0,6,2,0,0x0,0.000014,0.278641,38.646154,0,0.000000,0.489818,0.146265,0.000000,60.967742
"_Z33trianguler_convolution_gpu_kernelPfS_S_S_S_iiff",4,0,0,15,10084,61440,64,0,0,6,2,0,0x0,0.000015,0.256760,35.885714,0,0.000000,0.451354,0.134779,0.000000,60.967742
"_Z33trianguler_convolution_gpu_kernelPfS_S_S_S_iiff",5,0,0,16,10084,61440,64,0,0,6,2,0,0x0,0.000016,0.243086,33.493333,0,0.000000,0.427317,0.127601,0.000000,60.967742
"_Z33trianguler_convolution_gpu_kernelPfS_S_S_S_iiff",6,0,0,17,10084,61440,64,0,0,6,2,0,0x0,0.000014,0.273481,35.885714,0,0.000000,0.480748,0.143557,0.000000,60.967742
"_Z33trianguler_convolution_gpu_kernelPfS_S_S_S_iiff",7,0,0,18,10084,61440,64,0,0,6,2,0,0x0,0.000015,0.253163,33.493333,0,0.000000,0.445030,0.132891,0.000000,60.967742
"_Z33trianguler_convolution_gpu_kernelPfS_S_S_S_iiff",8,0,0,19,10084,61440,64,0,0,6,2,0,0x0,0.000015,0.250092,33.493333,0,0.000000,0.439632,0.131279,0.000000,60.967742
"_Z33trianguler_convolution_gpu_kernelPfS_S_S_S_iiff",9,0,0,20,10084,61440,64,0,0,6,2,0,0x0,0.000013,0.298675,41.866667,0,0.000000,0.525036,0.080214,0.000000,80.084746
"_Z33trianguler_convolution_gpu_kernelPfS_S_S_S_iiff",10,0,0,21,10084,61440,64,0,0,6,2,0,0x0,0.000014,0.283593,38.646154,0,0.000000,0.498523,0.076163,0.000000,80.084746
