kernel-name,dispatch,gpu-id,queue-id,queue-index,tid,grd,wgr,lds,scr,vgpr,sgpr,fbar,sig,time,VALUBusy,performance,LDSInsts,LDSBankConflict,L1MemoryBusy,L1MemoryStalled,L2WriteUnitStalled,L2CacheHit
"daxpy_matrix_vector",0,0,0,6,106806,1040384,32,0,0,1,1,0,0x0,0.000087,12.068779,1258.996093,0,0.000000,0.078224,0.005934,0.000000,88.079470
"daxpy_matrix_vector",1,0,0,8,106806,1040384,32,0,0,1,1,0,0x0,0.000091,11.483943,1189.820484,0,0.000000,0.172138,0.103351,0.000000,74.301676
"daxpy_matrix_vector",2,0,0,9,106806,1040384,32,0,0,1,1,0,0x0,0.000087,12.067391,1258.996093,0,0.000000,0.078215,0.005934,0.000000,88.079470
"daxpy_matrix_vector",3,0,0,10,106806,1040384,32,0,0,1,1,0,0x0,0.000089,11.820090,1230.382545,0,0.000000,0.180523,0.109723,0.000000,74.301676
"daxpy_matrix_vector",4,0,0,11,106806,1040384,32,0,0,1,1,0,0x0,0.000089,11.793835,1230.382545,0,0.000000,0.174674,0.104031,0.000000,74.301676
"daxpy_matrix_vector",5,0,0,12,106806,1040384,32,0,0,1,1,0,0x0,0.000089,11.791100,1230.382545,0,0.000000,0.178499,0.107872,0.000000,74.509804
"daxpy_matrix_vector",6,0,0,13,106806,1040384,32,0,0,1,1,0,0x0,0.000090,11.671594,1216.558022,0,0.000000,0.179646,0.109735,0.000000,74.301676
"daxpy_matrix_vector",7,0,0,14,106806,1040384,32,0,0,1,1,0,0x0,0.000090,11.673056,1216.558022,0,0.000000,0.179842,0.109923,0.000000,75.141243
"daxpy_matrix_vector",8,0,0,15,106806,1040384,32,0,0,1,1,0,0x0,0.000087,11.999299,1244.524874,0,0.000000,0.077774,0.005900,0.000000,88.079470
"daxpy_matrix_vector",9,0,0,16,106806,1040384,32,0,0,1,1,0,0x0,0.000087,12.054473,1258.996093,0,0.000000,0.078131,0.005927,0.000000,88.079470
"daxpy_matrix_vector",10,0,0,17,106806,1040384,32,0,0,1,1,0,0x0,0.000087,11.997326,1244.524874,0,0.000000,0.077761,0.005899,0.000000,88.079470
