kernel-name,dispatch,gpu-id,queue-id,queue-index,tid,grd,wgr,lds,scr,vgpr,sgpr,fbar,sig,time,VALUBusy,performance,LDSInsts,LDSBankConflict,L1MemoryBusy,L1MemoryStalled,L2WriteUnitStalled,L2CacheHit
"daxpy_matrix_vector",0,0,0,6,105606,61440,128,0,0,1,1,0,0x0,0.000010,3.035638,320.409600,0,0.000000,0.540755,0.033606,0.000000,85.365854
"daxpy_matrix_vector",1,0,0,8,105606,61440,128,0,0,1,1,0,0x0,0.000015,2.036033,213.606400,0,0.000000,0.718208,0.094258,0.000000,70.707071
"daxpy_matrix_vector",2,0,0,9,105606,61440,128,0,0,1,1,0,0x0,0.000010,3.146175,356.010667,0,0.000000,0.560446,0.034830,0.000000,85.365854
"daxpy_matrix_vector",3,0,0,10,105606,61440,128,0,0,1,1,0,0x0,0.000013,2.469738,267.008000,0,0.000000,0.832671,0.114337,0.000000,70.707071
"daxpy_matrix_vector",4,0,0,11,105606,61440,128,0,0,1,1,0,0x0,0.000012,2.510549,267.008000,0,0.000000,0.886856,0.116226,0.000000,70.707071
"daxpy_matrix_vector",5,0,0,12,105606,61440,128,0,0,1,1,0,0x0,0.000013,2.420760,267.008000,0,0.000000,0.844175,0.112069,0.000000,70.707071
"daxpy_matrix_vector",6,0,0,13,105606,61440,128,0,0,1,1,0,0x0,0.000014,2.288720,246.468923,0,0.000000,0.821164,0.105957,0.000000,70.707071
"daxpy_matrix_vector",7,0,0,14,105606,61440,128,0,0,1,1,0,0x0,0.000013,2.315602,246.468923,0,0.000000,0.843626,0.107201,0.000000,70.707071
"daxpy_matrix_vector",8,0,0,15,105606,61440,128,0,0,1,1,0,0x0,0.000011,2.941459,320.409600,0,0.000000,0.523979,0.032564,0.000000,85.365854
"daxpy_matrix_vector",9,0,0,16,105606,61440,128,0,0,1,1,0,0x0,0.000011,2.930183,320.409600,0,0.000000,0.521970,0.032439,0.000000,85.365854
"daxpy_matrix_vector",10,0,0,17,105606,61440,128,0,0,1,1,0,0x0,0.000010,2.979385,320.409600,0,0.000000,0.530735,0.032984,0.000000,85.365854
