kernel-name,dispatch,gpu-id,queue-id,queue-index,tid,grd,wgr,lds,scr,vgpr,sgpr,fbar,sig,time,VALUBusy,performance,LDSInsts,LDSBankConflict,L1MemoryBusy,L1MemoryStalled,L2WriteUnitStalled,L2CacheHit
"daxpy_matrix_vector",0,0,0,6,106999,1040384,256,0,0,1,1,0,0x0,0.000022,23.822945,2460.765091,0,0.000000,0.228596,0.018458,0.000000,86.363636
"daxpy_matrix_vector",1,0,0,8,106999,1040384,256,0,0,1,1,0,0x0,0.000027,19.157475,2005.067852,0,0.000000,0.784979,0.337398,0.000000,67.256637
"daxpy_matrix_vector",2,0,0,9,106999,1040384,256,0,0,1,1,0,0x0,0.000022,23.375547,2460.765091,0,0.000000,0.282120,0.065480,0.000000,86.363636
"daxpy_matrix_vector",3,0,0,10,106999,1040384,256,0,0,1,1,0,0x0,0.000025,21.214439,2255.701333,0,0.000000,1.017196,0.379947,0.000000,66.863905
"daxpy_matrix_vector",4,0,0,11,106999,1040384,256,0,0,1,1,0,0x0,0.000025,20.799450,2165.473280,0,0.000000,0.849779,0.364457,0.000000,67.058824
"daxpy_matrix_vector",5,0,0,12,106999,1040384,256,0,0,1,1,0,0x0,0.000025,21.065815,2255.701333,0,0.000000,1.058407,0.386701,0.000000,67.062315
"daxpy_matrix_vector",6,0,0,13,106999,1040384,256,0,0,1,1,0,0x0,0.000026,20.511614,2165.473280,0,0.000000,0.881418,0.380807,0.000000,67.058824
"daxpy_matrix_vector",7,0,0,14,106999,1040384,256,0,0,1,1,0,0x0,0.000026,20.320334,2165.473280,0,0.000000,0.873804,0.377861,0.000000,67.256637
"daxpy_matrix_vector",8,0,0,15,106999,1040384,256,0,0,1,1,0,0x0,0.000023,22.636329,2353.775304,0,0.000000,0.256334,0.058012,0.000000,86.363636
"daxpy_matrix_vector",9,0,0,16,106999,1040384,256,0,0,1,1,0,0x0,0.000023,22.785730,2353.775304,0,0.000000,0.259384,0.059074,0.000000,86.363636
"daxpy_matrix_vector",10,0,0,17,106999,1040384,256,0,0,1,1,0,0x0,0.000023,23.145313,2460.765091,0,0.000000,0.253821,0.055179,0.000000,86.363636
