kernel-name,dispatch,gpu-id,queue-id,queue-index,tid,grd,wgr,lds,scr,vgpr,sgpr,fbar,sig,time,VALUBusy,performance,LDSInsts,LDSBankConflict,L1MemoryBusy,L1MemoryStalled,L2WriteUnitStalled,L2CacheHit
"_Z9rotate_3DPfmmmS_",0,0,0,4,74596,3010560,128,0,0,2,2,0,0x0,0.000065,2.856338,283.248000,0,0.000000,0.506927,0.085013,0.000000,89.240506
"_Z9rotate_3DPfmmmS_",1,0,0,6,74596,3010560,128,0,0,2,2,0,0x0,0.000069,2.657239,262.722783,0,0.000000,0.484210,0.089902,0.000000,76.839237
"_Z9rotate_3DPfmmmS_",2,0,0,7,74596,3010560,128,0,0,2,2,0,0x0,0.000064,2.871863,283.248000,0,0.000000,0.523806,0.097651,0.000000,89.206349
"_Z9rotate_3DPfmmmS_",3,0,0,8,74596,3010560,128,0,0,2,2,0,0x0,0.000066,2.792597,278.890338,0,0.000000,0.510059,0.095666,0.000000,76.839237
"_Z9rotate_3DPfmmmS_",4,0,0,9,74596,3010560,128,0,0,2,2,0,0x0,0.000067,2.741724,270.565254,0,0.000000,0.503557,0.096713,0.000000,76.839237
"_Z9rotate_3DPfmmmS_",5,0,0,10,74596,3010560,128,0,0,2,2,0,0x0,0.000066,2.785474,274.664727,0,0.000000,0.510884,0.097547,0.000000,76.839237
"_Z9rotate_3DPfmmmS_",6,0,0,11,74596,3010560,128,0,0,2,2,0,0x0,0.000068,2.720649,270.565254,0,0.000000,0.496457,0.092970,0.000000,76.839237
"_Z9rotate_3DPfmmmS_",7,0,0,12,74596,3010560,128,0,0,2,2,0,0x0,0.000067,2.764605,274.664727,0,0.000000,0.467439,0.088612,0.000000,76.839237
"_Z9rotate_3DPfmmmS_",8,0,0,13,74596,3010560,128,0,0,2,2,0,0x0,0.000066,2.776764,274.664727,0,0.000000,0.507874,0.095830,0.000000,89.240506
"_Z9rotate_3DPfmmmS_",9,0,0,14,74596,3010560,128,0,0,2,2,0,0x0,0.000064,2.859663,283.248000,0,0.000000,0.507517,0.085112,0.000000,89.240506
"_Z9rotate_3DPfmmmS_",10,0,0,15,74596,3010560,128,0,0,2,2,0,0x0,0.000065,2.816124,278.890338,0,0.000000,0.515789,0.097904,0.000000,89.240506
