kernel-name,dispatch,gpu-id,queue-id,queue-index,tid,grd,wgr,lds,scr,vgpr,sgpr,fbar,sig,time,VALUBusy,performance,LDSInsts,LDSBankConflict,L1MemoryBusy,L1MemoryStalled,L2WriteUnitStalled,L2CacheHit
"relu_backward",0,0,0,6,78378,3010560,256,0,0,1,1,0,0x0,0.000050,3.684128,491.553959,0,0.000000,0.039156,0.003446,0.000000,82.989691
"relu_backward",1,0,0,8,78378,3010560,256,0,0,1,1,0,0x0,0.000054,3.384829,446.039704,0,0.000000,0.194840,0.162031,0.000000,65.714286
"relu_backward",2,0,0,9,78378,3010560,256,0,0,1,1,0,0x0,0.000050,3.668683,481.722880,0,0.000000,0.060515,0.024955,0.000000,82.989691
"relu_backward",3,0,0,10,78378,3010560,256,0,0,1,1,0,0x0,0.000051,3.580843,472.277333,0,0.000000,0.206428,0.171719,0.000000,65.714286
"relu_backward",4,0,0,11,78378,3010560,256,0,0,1,1,0,0x0,0.000051,3.578751,472.277333,0,0.000000,0.205699,0.171010,0.000000,65.714286
"relu_backward",5,0,0,12,78378,3010560,256,0,0,1,1,0,0x0,0.000051,3.571231,472.277333,0,0.000000,0.210429,0.175813,0.000000,65.714286
"relu_backward",6,0,0,13,78378,3010560,256,0,0,1,1,0,0x0,0.000053,3.473069,463.195077,0,0.000000,0.209369,0.175705,0.000000,65.714286
"relu_backward",7,0,0,14,78378,3010560,256,0,0,1,1,0,0x0,0.000052,3.566898,472.277333,0,0.000000,0.215026,0.180452,0.000000,65.714286
"relu_backward",8,0,0,15,78378,3010560,256,0,0,1,1,0,0x0,0.000051,3.633995,481.722880,0,0.000000,0.059325,0.024101,0.000000,82.989691
"relu_backward",9,0,0,16,78378,3010560,256,0,0,1,1,0,0x0,0.000051,3.618521,481.722880,0,0.000000,0.060611,0.025537,0.000000,82.989691
"relu_backward",10,0,0,17,78378,3010560,256,0,0,1,1,0,0x0,0.000051,3.617675,481.722880,0,0.000000,0.059982,0.024915,0.000000,82.989691
