kernel-name,dispatch,gpu-id,queue-id,queue-index,tid,grd,wgr,lds,scr,vgpr,sgpr,fbar,sig,time,VALUBusy,performance,LDSInsts,LDSBankConflict,L1MemoryBusy,L1MemoryStalled,L2WriteUnitStalled,L2CacheHit
"_Z9bf_2flagsPiS_S_S_S_S_S_i",0,0,0,14,27256,253952,32,0,0,4,2,0,0x0,0.000025,2.469259,284.426240,0,0.000000,13.088067,0.000000,0.000000,98.099415
"_Z9bf_2flagsPiS_S_S_S_S_S_i",1,0,0,16,27256,253952,32,0,0,4,2,0,0x0,0.000031,1.985310,229.376000,0,0.000000,10.091160,0.000000,0.000000,92.128146
"_Z9bf_2flagsPiS_S_S_S_S_S_i",2,0,0,17,27256,253952,32,0,0,4,2,0,0x0,0.000025,2.480248,296.277333,0,0.000000,13.182568,0.000000,0.000000,98.099415
"_Z9bf_2flagsPiS_S_S_S_S_S_i",3,0,0,18,27256,253952,32,0,0,4,2,0,0x0,0.000028,2.185118,253.952000,0,0.000000,11.106767,0.000000,0.000000,92.128146
"_Z9bf_2flagsPiS_S_S_S_S_S_i",4,0,0,19,27256,253952,32,0,0,4,2,0,0x0,0.000028,2.190909,253.952000,0,0.000000,11.156080,0.000000,0.000000,92.128146
"_Z9bf_2flagsPiS_S_S_S_S_S_i",5,0,0,20,27256,253952,32,0,0,4,2,0,0x0,0.000029,2.167880,253.952000,0,0.000000,11.014227,0.000000,0.000000,92.128146
"_Z9bf_2flagsPiS_S_S_S_S_S_i",6,0,0,21,27256,253952,32,0,0,4,2,0,0x0,0.000029,2.145700,253.952000,0,0.000000,10.851250,0.000000,0.000000,92.128146
"_Z9bf_2flagsPiS_S_S_S_S_S_i",7,0,0,22,27256,253952,32,0,0,4,2,0,0x0,0.000029,2.143289,253.952000,0,0.000000,10.817993,0.000000,0.000000,92.128146
"_Z9bf_2flagsPiS_S_S_S_S_S_i",8,0,0,23,27256,253952,32,0,0,4,2,0,0x0,0.000025,2.450472,284.426240,0,0.000000,12.953288,0.000000,0.000000,98.099415
"_Z9bf_2flagsPiS_S_S_S_S_S_i",9,0,0,24,27256,253952,32,0,0,4,2,0,0x0,0.000025,2.465944,284.426240,0,0.000000,13.032589,0.000000,0.000000,98.099415
"_Z9bf_2flagsPiS_S_S_S_S_S_i",10,0,0,25,27256,253952,32,0,0,4,2,0,0x0,0.000025,2.466373,284.426240,0,0.000000,13.067800,0.000000,0.000000,98.099415
