kernel-name,dispatch,gpu-id,queue-id,queue-index,tid,grd,wgr,lds,scr,vgpr,sgpr,fbar,sig,time,VALUBusy,performance,LDSInsts,LDSBankConflict,L1MemoryBusy,L1MemoryStalled,L2WriteUnitStalled,L2CacheHit
"_Z24ForwardWarpKernel_PSF1x1PKfS0_S0_iiiifPf",0,0,0,8,31746,1032256,16,0,0,1,2,0,0x0,0.000167,1.511579,198.999133,0,0.000000,0.003842,0.000000,0.000000,84.403670
"_Z24ForwardWarpKernel_PSF1x1PKfS0_S0_iiiifPf",1,0,0,10,31746,1032256,16,0,0,1,2,0,0x0,0.000171,1.476100,194.316800,0,0.000000,0.003752,0.000000,0.000000,68.656716
"_Z24ForwardWarpKernel_PSF1x1PKfS0_S0_iiiifPf",2,0,0,11,31746,1032256,16,0,0,1,2,0,0x0,0.000167,1.510792,198.999133,0,0.000000,0.003840,0.000000,0.000000,84.403670
"_Z24ForwardWarpKernel_PSF1x1PKfS0_S0_iiiifPf",3,0,0,12,31746,1032256,16,0,0,1,2,0,0x0,0.000169,1.494022,196.630095,0,0.000000,0.003798,0.000000,0.000000,68.656716
"_Z24ForwardWarpKernel_PSF1x1PKfS0_S0_iiiifPf",4,0,0,13,31746,1032256,16,0,0,1,2,0,0x0,0.000169,1.494914,196.630095,0,0.000000,0.003800,0.000000,0.000000,68.656716
"_Z24ForwardWarpKernel_PSF1x1PKfS0_S0_iiiifPf",5,0,0,14,31746,1032256,16,0,0,1,2,0,0x0,0.000169,1.492827,196.630095,0,0.000000,0.003795,0.000000,0.000000,68.656716
"_Z24ForwardWarpKernel_PSF1x1PKfS0_S0_iiiifPf",6,0,0,15,31746,1032256,16,0,0,1,2,0,0x0,0.000169,1.492578,196.630095,0,0.000000,0.003794,0.000000,0.000000,68.656716
"_Z24ForwardWarpKernel_PSF1x1PKfS0_S0_iiiifPf",7,0,0,16,31746,1032256,16,0,0,1,2,0,0x0,0.000169,1.489046,195.466604,0,0.000000,0.003785,0.000000,0.000000,68.656716
"_Z24ForwardWarpKernel_PSF1x1PKfS0_S0_iiiifPf",8,0,0,17,31746,1032256,16,0,0,1,2,0,0x0,0.000167,1.509870,198.999133,0,0.000000,0.003838,0.000000,0.000000,84.403670
"_Z24ForwardWarpKernel_PSF1x1PKfS0_S0_iiiifPf",9,0,0,18,31746,1032256,16,0,0,1,2,0,0x0,0.000167,1.509762,198.999133,0,0.000000,0.003838,0.000000,0.000000,84.403670
"_Z24ForwardWarpKernel_PSF1x1PKfS0_S0_iiiifPf",10,0,0,19,31746,1032256,16,0,0,1,2,0,0x0,0.000167,1.509937,198.999133,0,0.000000,0.003838,0.000000,0.000000,84.403670
