kernel-name,dispatch,gpu-id,queue-id,queue-index,tid,grd,wgr,lds,scr,vgpr,sgpr,fbar,sig,time,VALUBusy,performance,LDSInsts,LDSBankConflict,L1MemoryBusy,L1MemoryStalled,L2WriteUnitStalled,L2CacheHit
"matrix_abs",0,0,0,4,112936,4145152,128,0,0,1,1,0,0x0,0.000086,1.467907,193.226419,0,0.000000,0.056792,0.003979,0.000000,83.769634
"matrix_abs",1,0,0,6,112936,4145152,128,0,0,1,1,0,0x0,0.000091,1.394780,184.638578,0,0.000000,0.148655,0.098473,0.000000,66.115702
"matrix_abs",2,0,0,7,112936,4145152,128,0,0,1,1,0,0x0,0.000086,1.468949,193.226419,0,0.000000,0.057556,0.004706,0.000000,83.769634
"matrix_abs",3,0,0,8,112936,4145152,128,0,0,1,1,0,0x0,0.000088,1.439701,188.834909,0,0.000000,0.155039,0.103241,0.000000,66.115702
"matrix_abs",4,0,0,9,112936,4145152,128,0,0,1,1,0,0x0,0.000088,1.436542,188.834909,0,0.000000,0.153106,0.101422,0.000000,66.115702
"matrix_abs",5,0,0,10,112936,4145152,128,0,0,1,1,0,0x0,0.000088,1.448955,191.005425,0,0.000000,0.158714,0.106583,0.000000,66.115702
"matrix_abs",6,0,0,11,112936,4145152,128,0,0,1,1,0,0x0,0.000089,1.423001,186.713169,0,0.000000,0.152540,0.101342,0.000000,66.115702
"matrix_abs",7,0,0,12,112936,4145152,128,0,0,1,1,0,0x0,0.000088,1.439558,188.834909,0,0.000000,0.154314,0.102522,0.000000,66.115702
"matrix_abs",8,0,0,13,112936,4145152,128,0,0,1,1,0,0x0,0.000087,1.452232,191.005425,0,0.000000,0.056901,0.004652,0.000000,83.769634
"matrix_abs",9,0,0,14,112936,4145152,128,0,0,1,1,0,0x0,0.000087,1.462827,193.226419,0,0.000000,0.056595,0.003965,0.000000,83.769634
"matrix_abs",10,0,0,15,112936,4145152,128,0,0,1,1,0,0x0,0.000087,1.456799,191.005425,0,0.000000,0.057798,0.005385,0.000000,83.769634
