kernel-name,dispatch,gpu-id,queue-id,queue-index,tid,grd,wgr,lds,scr,vgpr,sgpr,fbar,sig,time,VALUBusy,performance,LDSInsts,LDSBankConflict,L1MemoryBusy,L1MemoryStalled,L2WriteUnitStalled,L2CacheHit
"matrix_abs",0,0,0,4,108806,57600,16,0,0,1,1,0,0x0,0.000014,0.531231,70.765714,0,0.000000,6.106704,0.581902,0.000000,84.878049
"matrix_abs",1,0,0,6,108806,57600,16,0,0,1,1,0,0x0,0.000018,0.417066,55.040000,0,0.000000,5.061255,0.458559,0.000000,68.235294
"matrix_abs",2,0,0,7,108806,57600,16,0,0,1,1,0,0x0,0.000014,0.530999,70.765714,0,0.000000,6.102954,0.515206,0.000000,84.878049
"matrix_abs",3,0,0,8,108806,57600,16,0,0,1,1,0,0x0,0.000015,0.493501,66.048000,0,0.000000,6.306689,0.562844,0.000000,68.235294
"matrix_abs",4,0,0,9,108806,57600,16,0,0,1,1,0,0x0,0.000016,0.471197,61.920000,0,0.000000,6.084477,0.537406,0.000000,68.235294
"matrix_abs",5,0,0,10,108806,57600,16,0,0,1,1,0,0x0,0.000016,0.490857,66.048000,0,0.000000,6.448105,0.581981,0.000000,68.235294
"matrix_abs",6,0,0,11,108806,57600,16,0,0,1,1,0,0x0,0.000017,0.460636,61.920000,0,0.000000,5.527629,0.477171,0.000000,68.235294
"matrix_abs",7,0,0,12,108806,57600,16,0,0,1,1,0,0x0,0.000016,0.478579,66.048000,0,0.000000,6.114034,0.535027,0.000000,68.235294
"matrix_abs",8,0,0,13,108806,57600,16,0,0,1,1,0,0x0,0.000017,0.460653,61.920000,0,0.000000,5.971954,0.525381,0.000000,68.235294
"matrix_abs",9,0,0,14,108806,57600,16,0,0,1,1,0,0x0,0.000014,0.527894,70.765714,0,0.000000,6.426777,0.552259,0.000000,84.878049
"matrix_abs",10,0,0,15,108806,57600,16,0,0,1,1,0,0x0,0.000014,0.528788,70.765714,0,0.000000,6.332437,0.553193,0.000000,84.878049
