kernel-name,dispatch,gpu-id,queue-id,queue-index,tid,grd,wgr,lds,scr,vgpr,sgpr,fbar,sig,time,VALUBusy,performance,LDSInsts,LDSBankConflict,L1MemoryBusy,L1MemoryStalled,L2WriteUnitStalled,L2CacheHit
"_Z13xsigny_updateiPKdPdS1_",0,0,0,6,12052,57600,256,0,0,1,1,0,0x0,0.000011,0.221396,28.416000,0,0.000000,0.467883,0.000000,0.000000,83.500000
"_Z13xsigny_updateiPKdPdS1_",1,0,0,8,12052,57600,256,0,0,1,1,0,0x0,0.000014,0.165351,20.297143,0,0.000000,0.828961,0.000000,0.000000,66.800000
"_Z13xsigny_updateiPKdPdS1_",2,0,0,9,12052,57600,256,0,0,1,1,0,0x0,0.000010,0.225822,28.416000,0,0.000000,0.441106,0.000000,0.000000,83.500000
"_Z13xsigny_updateiPKdPdS1_",3,0,0,10,12052,57600,256,0,0,1,1,0,0x0,0.000012,0.193259,23.680000,0,0.000000,1.030715,0.000000,0.000000,66.800000
"_Z13xsigny_updateiPKdPdS1_",4,0,0,11,12052,57600,256,0,0,1,1,0,0x0,0.000012,0.195445,25.832727,0,0.000000,1.056705,0.000000,0.000000,66.800000
"_Z13xsigny_updateiPKdPdS1_",5,0,0,12,12052,57600,256,0,0,1,1,0,0x0,0.000013,0.183338,23.680000,0,0.000000,0.985137,0.000000,0.000000,66.800000
"_Z13xsigny_updateiPKdPdS1_",6,0,0,13,12052,57600,256,0,0,1,1,0,0x0,0.000014,0.173467,21.858462,0,0.000000,0.980664,0.000000,0.000000,66.800000
"_Z13xsigny_updateiPKdPdS1_",7,0,0,14,12052,57600,256,0,0,1,1,0,0x0,0.000013,0.175545,21.858462,0,0.000000,0.874216,0.000000,0.000000,66.800000
"_Z13xsigny_updateiPKdPdS1_",8,0,0,15,12052,57600,256,0,0,1,1,0,0x0,0.000013,0.181037,23.680000,0,0.000000,0.969151,0.000000,0.000000,66.533865
"_Z13xsigny_updateiPKdPdS1_",9,0,0,16,12052,57600,256,0,0,1,1,0,0x0,0.000011,0.209521,25.832727,0,0.000000,0.409264,0.000000,0.000000,83.500000
"_Z13xsigny_updateiPKdPdS1_",10,0,0,17,12052,57600,256,0,0,1,1,0,0x0,0.000011,0.213700,28.416000,0,0.000000,0.417426,0.000000,0.000000,83.500000
