kernel-name,dispatch,gpu-id,queue-id,queue-index,tid,grd,wgr,lds,scr,vgpr,sgpr,fbar,sig,time,VALUBusy,performance,LDSInsts,LDSBankConflict,L1MemoryBusy,L1MemoryStalled,L2WriteUnitStalled,L2CacheHit
"_Z20AccuracyDivideKerneliPf",0,0,0,2,55615,1032256,64,0,0,1,0,0,0x0,0.000046,5.500798,596.414578,0,0.000000,17.575679,3.982784,0.000000,99.963129
"_Z20AccuracyDivideKerneliPf",1,0,0,4,55615,1032256,64,0,0,1,0,0,0x0,0.000051,4.913543,526.248157,0,0.000000,15.457448,3.564596,0.000000,99.516701
"_Z20AccuracyDivideKerneliPf",2,0,0,5,55615,1032256,64,0,0,1,0,0,0x0,0.000046,5.496149,596.414578,0,0.000000,17.582976,3.976692,0.000000,99.963129
"_Z20AccuracyDivideKerneliPf",3,0,0,6,55615,1032256,64,0,0,1,0,0,0x0,0.000049,5.128132,547.727673,0,0.000000,16.138878,3.712006,0.000000,99.516701
"_Z20AccuracyDivideKerneliPf",4,0,0,7,55615,1032256,64,0,0,1,0,0,0x0,0.000049,5.131460,547.727673,0,0.000000,16.132491,3.716006,0.000000,99.516701
"_Z20AccuracyDivideKerneliPf",5,0,0,8,55615,1032256,64,0,0,1,0,0,0x0,0.000049,5.108705,547.727673,0,0.000000,16.060954,3.703645,0.000000,99.516701
"_Z20AccuracyDivideKerneliPf",6,0,0,9,55615,1032256,64,0,0,1,0,0,0x0,0.000050,5.084484,547.727673,0,0.000000,15.979131,3.680726,0.000000,99.516701
"_Z20AccuracyDivideKerneliPf",7,0,0,10,55615,1032256,64,0,0,1,0,0,0x0,0.000050,5.085895,547.727673,0,0.000000,15.952033,3.674495,0.000000,99.516701
"_Z20AccuracyDivideKerneliPf",8,0,0,11,55615,1032256,64,0,0,1,0,0,0x0,0.000046,5.484935,596.414578,0,0.000000,17.467184,3.943413,0.000000,99.963129
"_Z20AccuracyDivideKerneliPf",9,0,0,12,55615,1032256,64,0,0,1,0,0,0x0,0.000046,5.478749,596.414578,0,0.000000,17.462091,3.957309,0.000000,99.963129
"_Z20AccuracyDivideKerneliPf",10,0,0,13,55615,1032256,64,0,0,1,0,0,0x0,0.000046,5.484114,596.414578,0,0.000000,17.474091,3.960844,0.000000,99.963129
