kernel-name,dispatch,gpu-id,queue-id,queue-index,tid,grd,wgr,lds,scr,vgpr,sgpr,fbar,sig,time,VALUBusy,performance,LDSInsts,LDSBankConflict,L1MemoryBusy,L1MemoryStalled,L2WriteUnitStalled,L2CacheHit
"_Z25CorrelateDataBackward0_1diiiiiiiiiiiiiiiiiiiPfPKfS1_",0,0,0,6,10213,61440,256,0,0,4,6,0,0x0,0.000013,0.211337,26.308923,0,0.000000,0.085365,0.013042,0.000000,75.576037
"_Z25CorrelateDataBackward0_1diiiiiiiiiiiiiiiiiiiPfPKfS1_",1,0,0,8,10213,61440,256,0,0,4,6,0,0x0,0.000019,0.148641,19.000889,0,0.000000,0.553702,0.502835,0.000000,61.423221
"_Z25CorrelateDataBackward0_1diiiiiiiiiiiiiiiiiiiPfPKfS1_",2,0,0,9,10213,61440,256,0,0,4,6,0,0x0,0.000012,0.227522,28.501333,0,0.000000,0.091902,0.014041,0.000000,75.576037
"_Z25CorrelateDataBackward0_1diiiiiiiiiiiiiiiiiiiPfPKfS1_",3,0,0,10,10213,61440,256,0,0,4,6,0,0x0,0.000016,0.172369,21.376000,0,0.000000,0.617917,0.558929,0.000000,61.423221
"_Z25CorrelateDataBackward0_1diiiiiiiiiiiiiiiiiiiPfPKfS1_",4,0,0,11,10213,61440,256,0,0,4,6,0,0x0,0.000015,0.189121,24.429714,0,0.000000,0.680092,0.615372,0.000000,61.423221
"_Z25CorrelateDataBackward0_1diiiiiiiiiiiiiiiiiiiPfPKfS1_",5,0,0,12,10213,61440,256,0,0,4,6,0,0x0,0.000015,0.189708,24.429714,0,0.000000,0.689655,0.624734,0.000000,61.423221
"_Z25CorrelateDataBackward0_1diiiiiiiiiiiiiiiiiiiPfPKfS1_",6,0,0,13,10213,61440,256,0,0,4,6,0,0x0,0.000018,0.155086,20.118588,0,0.000000,0.627306,0.574233,0.000000,61.423221
"_Z25CorrelateDataBackward0_1diiiiiiiiiiiiiiiiiiiPfPKfS1_",7,0,0,14,10213,61440,256,0,0,4,6,0,0x0,0.000018,0.154158,19.000889,0,0.000000,0.606255,0.553499,0.000000,61.423221
"_Z25CorrelateDataBackward0_1diiiiiiiiiiiiiiiiiiiPfPKfS1_",8,0,0,15,10213,61440,256,0,0,4,6,0,0x0,0.000017,0.162762,20.118588,0,0.000000,0.642828,0.587129,0.000000,61.423221
"_Z25CorrelateDataBackward0_1diiiiiiiiiiiiiiiiiiiPfPKfS1_",9,0,0,16,10213,61440,256,0,0,4,6,0,0x0,0.000012,0.231157,28.501333,0,0.000000,0.093371,0.014265,0.000000,75.576037
"_Z25CorrelateDataBackward0_1diiiiiiiiiiiiiiiiiiiPfPKfS1_",10,0,0,17,10213,61440,256,0,0,4,6,0,0x0,0.000013,0.206394,26.308923,0,0.000000,0.083368,0.012737,0.000000,75.576037
