kernel-name,dispatch,gpu-id,queue-id,queue-index,tid,grd,wgr,lds,scr,vgpr,sgpr,fbar,sig,time,VALUBusy,performance,LDSInsts,LDSBankConflict,L1MemoryBusy,L1MemoryStalled,L2WriteUnitStalled,L2CacheHit
"_Z8ARR_ADDCPfS_S_i",0,0,0,6,34580,61440,32,0,0,1,1,0,0x0,0.000044,38.953170,5155.066182,1308871,0.000000,5.606889,0.520672,0.000000,97.966377
"_Z8ARR_ADDCPfS_S_i",1,0,0,8,34580,61440,32,0,0,1,1,0,0x0,0.000044,38.413791,5059.505455,1284171,0.000000,5.769122,0.630110,0.000000,95.990566
"_Z8ARR_ADDCPfS_S_i",2,0,0,9,34580,61440,32,0,0,1,1,0,0x0,0.000039,39.129897,5221.103158,1142493,0.000000,6.646765,0.621672,0.000000,97.957516
"_Z8ARR_ADDCPfS_S_i",3,0,0,10,34580,61440,32,0,0,1,1,0,0x0,0.000043,38.528758,5100.040930,1264738,0.000000,6.172817,0.670294,0.000000,95.824468
"_Z8ARR_ADDCPfS_S_i",4,0,0,11,34580,61440,32,0,0,1,1,0,0x0,0.000044,38.480459,5098.924651,1264481,0.000000,5.835045,0.643392,0.000000,96.051593
"_Z8ARR_ADDCPfS_S_i",5,0,0,12,34580,61440,32,0,0,1,1,0,0x0,0.000043,38.533781,5141.888000,1245207,0.000000,6.002978,0.653006,0.000000,96.003197
"_Z8ARR_ADDCPfS_S_i",6,0,0,13,34580,61440,32,0,0,1,1,0,0x0,0.000045,38.330162,5130.629818,1302578,0.000000,5.603915,0.634274,0.000000,96.056114
"_Z8ARR_ADDCPfS_S_i",7,0,0,14,34580,61440,32,0,0,1,1,0,0x0,0.000046,38.315458,5082.652444,1319976,0.000000,5.946865,0.653223,0.000000,95.908131
"_Z8ARR_ADDCPfS_S_i",8,0,0,15,34580,61440,32,0,0,1,1,0,0x0,0.000045,38.366543,5044.690489,1310007,0.000000,5.671728,0.633765,0.000000,95.875466
"_Z8ARR_ADDCPfS_S_i",9,0,0,16,34580,61440,32,0,0,1,1,0,0x0,0.000042,38.782434,5087.122286,1231727,0.000000,6.412265,0.607474,0.000000,97.968581
"_Z8ARR_ADDCPfS_S_i",10,0,0,17,34580,61440,32,0,0,1,1,0,0x0,0.000039,39.031437,5128.037744,1151680,0.000000,6.481940,0.613982,0.000000,97.996795
