kernel-name,dispatch,gpu-id,queue-id,queue-index,tid,grd,wgr,lds,scr,vgpr,sgpr,fbar,sig,time,VALUBusy,performance,LDSInsts,LDSBankConflict,L1MemoryBusy,L1MemoryStalled,L2WriteUnitStalled,L2CacheHit
"_Z22dotProduct_CUDA_doublePdiS_S_",0,0,0,6,52868,61440,32,0,0,1,1,0,0x0,0.000011,3.877335,344.064000,0,0.000000,17.495006,1.948948,0.000000,95.327103
"_Z22dotProduct_CUDA_doublePdiS_S_",1,0,0,8,52868,61440,32,0,0,1,1,0,0x0,0.000014,2.845441,245.760000,0,0.000000,12.745204,1.477689,0.000000,90.834879
"_Z22dotProduct_CUDA_doublePdiS_S_",2,0,0,9,52868,61440,32,0,0,1,1,0,0x0,0.000010,3.953753,344.064000,0,0.000000,16.325705,1.584496,0.000000,95.327103
"_Z22dotProduct_CUDA_doublePdiS_S_",3,0,0,10,52868,61440,32,0,0,1,1,0,0x0,0.000012,3.365287,286.720000,0,0.000000,15.072405,1.720885,0.000000,90.834879
"_Z22dotProduct_CUDA_doublePdiS_S_",4,0,0,11,52868,61440,32,0,0,1,1,0,0x0,0.000012,3.356899,286.720000,0,0.000000,16.474238,1.719139,0.000000,91.003717
"_Z22dotProduct_CUDA_doublePdiS_S_",5,0,0,12,52868,61440,32,0,0,1,1,0,0x0,0.000012,3.362543,286.720000,0,0.000000,15.300846,1.725851,0.000000,90.969900
"_Z22dotProduct_CUDA_doublePdiS_S_",6,0,0,13,52868,61440,32,0,0,1,1,0,0x0,0.000013,3.113795,264.664615,0,0.000000,14.661965,1.621768,0.000000,91.037560
"_Z22dotProduct_CUDA_doublePdiS_S_",7,0,0,14,52868,61440,32,0,0,1,1,0,0x0,0.000013,3.205128,286.720000,0,0.000000,15.070173,1.572213,0.000000,90.936107
"_Z22dotProduct_CUDA_doublePdiS_S_",8,0,0,15,52868,61440,32,0,0,1,1,0,0x0,0.000013,3.196590,286.720000,0,0.000000,14.891994,1.583765,0.000000,91.037560
"_Z22dotProduct_CUDA_doublePdiS_S_",9,0,0,16,52868,61440,32,0,0,1,1,0,0x0,0.000011,3.755334,344.064000,0,0.000000,16.055477,1.462304,0.000000,95.327103
"_Z22dotProduct_CUDA_doublePdiS_S_",10,0,0,17,52868,61440,32,0,0,1,1,0,0x0,0.000011,3.784404,344.064000,0,0.000000,14.764908,1.515195,0.000000,95.327103
