kernel-name,dispatch,gpu-id,queue-id,queue-index,tid,grd,wgr,lds,scr,vgpr,sgpr,fbar,sig,time,VALUBusy,performance,LDSInsts,LDSBankConflict,L1MemoryBusy,L1MemoryStalled,L2WriteUnitStalled,L2CacheHit
"_Z22dotProduct_CUDA_doublePdiS_S_",0,0,0,6,53108,61440,256,0,0,1,1,0,0x0,0.000012,1.669534,143.360000,0,0.000000,5.374127,0.578013,0.000000,92.537313
"_Z22dotProduct_CUDA_doublePdiS_S_",1,0,0,8,53108,61440,256,0,0,1,1,0,0x0,0.000016,1.261420,107.520000,0,0.000000,5.303696,0.543748,0.000000,88.942020
"_Z22dotProduct_CUDA_doublePdiS_S_",2,0,0,9,53108,61440,256,0,0,1,1,0,0x0,0.000012,1.703665,143.360000,0,0.000000,5.120031,0.383325,0.000000,92.537313
"_Z22dotProduct_CUDA_doublePdiS_S_",3,0,0,10,53108,61440,256,0,0,1,1,0,0x0,0.000014,1.492807,132.332308,0,0.000000,5.838913,0.610694,0.000000,88.729875
"_Z22dotProduct_CUDA_doublePdiS_S_",4,0,0,11,53108,61440,256,0,0,1,1,0,0x0,0.000014,1.488095,132.332308,0,0.000000,6.006494,0.674152,0.000000,88.624181
"_Z22dotProduct_CUDA_doublePdiS_S_",5,0,0,12,53108,61440,256,0,0,1,1,0,0x0,0.000014,1.477568,132.332308,0,0.000000,6.126310,0.612295,0.000000,88.835821
"_Z22dotProduct_CUDA_doublePdiS_S_",6,0,0,13,53108,61440,256,0,0,1,1,0,0x0,0.000015,1.345017,114.688000,0,0.000000,4.854290,0.586917,0.000000,88.888889
"_Z22dotProduct_CUDA_doublePdiS_S_",7,0,0,14,53108,61440,256,0,0,1,1,0,0x0,0.000015,1.362173,114.688000,0,0.000000,5.471394,0.575828,0.000000,88.995215
"_Z22dotProduct_CUDA_doublePdiS_S_",8,0,0,15,53108,61440,256,0,0,1,1,0,0x0,0.000015,1.365781,114.688000,0,0.000000,5.846991,0.606324,0.000000,88.942020
"_Z22dotProduct_CUDA_doublePdiS_S_",9,0,0,16,53108,61440,256,0,0,1,1,0,0x0,0.000013,1.574878,132.332308,0,0.000000,4.954901,0.394913,0.000000,92.537313
"_Z22dotProduct_CUDA_doublePdiS_S_",10,0,0,17,53108,61440,256,0,0,1,1,0,0x0,0.000013,1.570830,132.332308,0,0.000000,4.738671,0.336776,0.000000,92.537313
