kernel-name,dispatch,gpu-id,queue-id,queue-index,tid,grd,wgr,lds,scr,vgpr,sgpr,fbar,sig,time,VALUBusy,performance,LDSInsts,LDSBankConflict,L1MemoryBusy,L1MemoryStalled,L2WriteUnitStalled,L2CacheHit
"matrix_floor",0,0,0,4,120537,1040384,32,0,0,1,1,0,0x0,0.000087,0.735644,97.208558,0,0.000000,0.067515,0.005941,0.000000,83.769634
"matrix_floor",1,0,0,6,120537,1040384,32,0,0,1,1,0,0x0,0.000091,0.703019,92.888178,0,0.000000,0.077253,0.018410,0.000000,60.150376
"matrix_floor",2,0,0,7,120537,1040384,32,0,0,1,1,0,0x0,0.000087,0.735400,97.208558,0,0.000000,0.067493,0.005939,0.000000,83.769634
"matrix_floor",3,0,0,8,120537,1040384,32,0,0,1,1,0,0x0,0.000088,0.725873,96.091218,0,0.000000,0.078876,0.018653,0.000000,60.377358
"matrix_floor",4,0,0,9,120537,1040384,32,0,0,1,1,0,0x0,0.000089,0.720117,94.999273,0,0.000000,0.077546,0.018505,0.000000,60.150376
"matrix_floor",5,0,0,10,120537,1040384,32,0,0,1,1,0,0x0,0.000088,0.725611,96.091218,0,0.000000,0.081156,0.020422,0.000000,60.150376
"matrix_floor",6,0,0,11,120537,1040384,32,0,0,1,1,0,0x0,0.000089,0.717885,94.999273,0,0.000000,0.079941,0.019853,0.000000,59.925094
"matrix_floor",7,0,0,12,120537,1040384,32,0,0,1,1,0,0x0,0.000088,0.723985,94.999273,0,0.000000,0.079911,0.019313,0.000000,59.925094
"matrix_floor",8,0,0,13,120537,1040384,32,0,0,1,1,0,0x0,0.000088,0.727290,96.091218,0,0.000000,0.066748,0.005874,0.000000,83.769634
"matrix_floor",9,0,0,14,120537,1040384,32,0,0,1,1,0,0x0,0.000087,0.734501,97.208558,0,0.000000,0.067410,0.005932,0.000000,83.769634
"matrix_floor",10,0,0,15,120537,1040384,32,0,0,1,1,0,0x0,0.000087,0.734469,97.208558,0,0.000000,0.067407,0.005932,0.000000,83.769634
