kernel-name,dispatch,gpu-id,queue-id,queue-index,tid,grd,wgr,lds,scr,vgpr,sgpr,fbar,sig,time,VALUBusy,performance,LDSInsts,LDSBankConflict,L1MemoryBusy,L1MemoryStalled,L2WriteUnitStalled,L2CacheHit
"matrix_floor",0,0,0,4,121789,2903040,64,0,0,1,1,0,0x0,0.000119,0.747960,98.671729,0,0.000000,0.443761,0.039051,0.000000,81.976744
"matrix_floor",1,0,0,6,121789,2903040,64,0,0,1,1,0,0x0,0.000123,0.722225,94.660683,0,0.000000,0.494386,0.109313,0.000000,63.228700
"matrix_floor",2,0,0,7,121789,2903040,64,0,0,1,1,0,0x0,0.000119,0.748038,98.671729,0,0.000000,0.443808,0.039055,0.000000,81.976744
"matrix_floor",3,0,0,8,121789,2903040,64,0,0,1,1,0,0x0,0.000120,0.741076,97.842555,0,0.000000,0.513804,0.112818,0.000000,63.228700
"matrix_floor",4,0,0,9,121789,2903040,64,0,0,1,1,0,0x0,0.000121,0.736540,97.027200,0,0.000000,0.503278,0.110574,0.000000,63.228700
"matrix_floor",5,0,0,10,121789,2903040,64,0,0,1,1,0,0x0,0.000120,0.740660,97.027200,0,0.000000,0.515338,0.114577,0.000000,63.228700
"matrix_floor",6,0,0,11,121789,2903040,64,0,0,1,1,0,0x0,0.000121,0.735127,97.027200,0,0.000000,0.506319,0.114368,0.000000,63.228700
"matrix_floor",7,0,0,12,121789,2903040,64,0,0,1,1,0,0x0,0.000120,0.739789,97.027200,0,0.000000,0.509140,0.114703,0.000000,63.228700
"matrix_floor",8,0,0,13,121789,2903040,64,0,0,1,1,0,0x0,0.000120,0.741884,97.842555,0,0.000000,0.440157,0.038734,0.000000,81.976744
"matrix_floor",9,0,0,14,121789,2903040,64,0,0,1,1,0,0x0,0.000119,0.747453,98.671729,0,0.000000,0.443460,0.039025,0.000000,81.976744
"matrix_floor",10,0,0,15,121789,2903040,64,0,0,1,1,0,0x0,0.000119,0.747284,98.671729,0,0.000000,0.436004,0.037571,0.000000,81.976744
