kernel-name,dispatch,gpu-id,queue-id,queue-index,tid,grd,wgr,lds,scr,vgpr,sgpr,fbar,sig,time,VALUBusy,performance,LDSInsts,LDSBankConflict,L1MemoryBusy,L1MemoryStalled,L2WriteUnitStalled,L2CacheHit
"_Z8kSetOnesPfi",0,0,0,2,112815,1576960,64,0,0,1,1,0,0x0,0.000067,3.587770,423.660896,0,0.000000,18.102163,4.090524,0.000000,99.878954
"_Z8kSetOnesPfi",1,0,0,4,112815,1576960,64,0,0,1,1,0,0x0,0.000073,3.314965,394.240000,0,0.000000,16.821724,3.979034,0.000000,99.649773
"_Z8kSetOnesPfi",2,0,0,5,112815,1576960,64,0,0,1,1,0,0x0,0.000067,3.589476,423.660896,0,0.000000,18.061823,4.098995,0.000000,99.878954
"_Z8kSetOnesPfi",3,0,0,6,112815,1576960,64,0,0,1,1,0,0x0,0.000072,3.353746,399.792676,0,0.000000,16.795082,3.918003,0.000000,99.649773
"_Z8kSetOnesPfi",4,0,0,7,112815,1576960,64,0,0,1,1,0,0x0,0.000072,3.353220,399.792676,0,0.000000,17.028045,4.019945,0.000000,99.657796
"_Z8kSetOnesPfi",5,0,0,8,112815,1576960,64,0,0,1,1,0,0x0,0.000072,3.339608,394.240000,0,0.000000,16.773939,3.890860,0.000000,99.649773
"_Z8kSetOnesPfi",6,0,0,9,112815,1576960,64,0,0,1,1,0,0x0,0.000072,3.327140,394.240000,0,0.000000,16.654712,3.864235,0.000000,99.653784
"_Z8kSetOnesPfi",7,0,0,10,112815,1576960,64,0,0,1,1,0,0x0,0.000073,3.315821,394.240000,0,0.000000,16.722720,3.893506,0.000000,99.653784
"_Z8kSetOnesPfi",8,0,0,11,112815,1576960,64,0,0,1,1,0,0x0,0.000067,3.587135,423.660896,0,0.000000,17.961063,4.073028,0.000000,99.878954
"_Z8kSetOnesPfi",9,0,0,12,112815,1576960,64,0,0,1,1,0,0x0,0.000067,3.587402,423.660896,0,0.000000,18.071888,4.100121,0.000000,99.878954
"_Z8kSetOnesPfi",10,0,0,13,112815,1576960,64,0,0,1,1,0,0x0,0.000067,3.579497,423.660896,0,0.000000,17.941650,4.081092,0.000000,99.878954
