kernel-name,dispatch,gpu-id,queue-id,queue-index,tid,grd,wgr,lds,scr,vgpr,sgpr,fbar,sig,time,VALUBusy,performance,LDSInsts,LDSBankConflict,L1MemoryBusy,L1MemoryStalled,L2WriteUnitStalled,L2CacheHit
"_Z16partialSumKernelPii",0,0,0,2,5800,246016,16,64,0,1,1,0,0x0,0.000045,12.105985,1386.635636,184512,0.000000,28.335480,3.884861,0.000000,99.579832
"_Z16partialSumKernelPii",1,0,0,4,5800,246016,16,64,0,1,1,0,0x0,0.000049,11.121112,1271.082667,184512,0.000000,26.661931,3.599349,0.000000,99.042312
"_Z16partialSumKernelPii",2,0,0,5,5800,246016,16,64,0,1,1,0,0x0,0.000045,12.108866,1386.635636,184512,0.000000,28.429025,3.899786,0.000000,99.579832
"_Z16partialSumKernelPii",3,0,0,6,5800,246016,16,64,0,1,1,0,0x0,0.000046,11.638296,1326.347130,184512,0.000000,27.674426,3.740833,0.000000,99.059561
"_Z16partialSumKernelPii",4,0,0,7,5800,246016,16,64,0,1,1,0,0x0,0.000046,11.642213,1326.347130,184512,0.000000,27.790416,3.722237,0.000000,99.029380
"_Z16partialSumKernelPii",5,0,0,8,5800,246016,16,64,0,1,1,0,0x0,0.000047,11.592124,1326.347130,184512,0.000000,27.441329,3.711249,0.000000,99.050936
"_Z16partialSumKernelPii",6,0,0,9,5800,246016,16,64,0,1,1,0,0x0,0.000047,11.504696,1326.347130,184512,0.000000,27.192796,3.679600,0.000000,99.068188
"_Z16partialSumKernelPii",7,0,0,10,5800,246016,16,64,0,1,1,0,0x0,0.000047,11.572117,1326.347130,184512,0.000000,27.549839,3.692802,0.000000,99.046624
"_Z16partialSumKernelPii",8,0,0,11,5800,246016,16,64,0,1,1,0,0x0,0.000045,12.078428,1386.635636,184512,0.000000,28.697613,3.879509,0.000000,99.579832
"_Z16partialSumKernelPii",9,0,0,12,5800,246016,16,64,0,1,1,0,0x0,0.000045,12.076573,1386.635636,184512,0.000000,28.499120,3.890782,0.000000,99.579832
"_Z16partialSumKernelPii",10,0,0,13,5800,246016,16,64,0,1,1,0,0x0,0.000045,12.084504,1386.635636,184512,0.000000,28.432955,3.880762,0.000000,99.579832
