kernel-name,dispatch,gpu-id,queue-id,queue-index,tid,grd,wgr,lds,scr,vgpr,sgpr,fbar,sig,time,VALUBusy,performance,LDSInsts,LDSBankConflict,L1MemoryBusy,L1MemoryStalled,L2WriteUnitStalled,L2CacheHit
"_Z16partialSumKernelPii",0,0,0,2,9910,3010560,128,64,0,1,1,0,0x0,0.000065,21.117453,2315.815385,282240,0.000000,44.389030,5.033951,0.000000,99.665584
"_Z16partialSumKernelPii",1,0,0,4,9910,3010560,128,64,0,1,1,0,0x0,0.000070,19.706855,2181.565217,282240,0.000000,47.274555,4.894539,0.000000,99.443613
"_Z16partialSumKernelPii",2,0,0,5,9910,3010560,128,64,0,1,1,0,0x0,0.000065,21.084942,2315.815385,282240,0.000000,46.145424,5.103178,0.000000,99.666046
"_Z16partialSumKernelPii",3,0,0,6,9910,3010560,128,64,0,1,1,0,0x0,0.000068,20.292282,2246.686567,282240,0.000000,44.302516,4.616149,0.000000,99.446284
"_Z16partialSumKernelPii",4,0,0,7,9910,3010560,128,64,0,1,1,0,0x0,0.000068,20.310226,2246.686567,282240,0.000000,43.007019,4.761389,0.000000,99.393725
"_Z16partialSumKernelPii",5,0,0,8,9910,3010560,128,64,0,1,1,0,0x0,0.000068,20.223977,2213.647059,282240,0.000000,47.033129,5.088325,0.000000,99.382204
"_Z16partialSumKernelPii",6,0,0,9,9910,3010560,128,64,0,1,1,0,0x0,0.000068,20.148026,2213.647059,282240,0.000000,48.632584,5.199653,0.000000,99.397967
"_Z16partialSumKernelPii",7,0,0,10,9910,3010560,128,64,0,1,1,0,0x0,0.000069,20.094778,2213.647059,282240,0.000000,43.145676,4.941675,0.000000,99.395713
"_Z16partialSumKernelPii",8,0,0,11,9910,3010560,128,64,0,1,1,0,0x0,0.000065,21.161025,2315.815385,282240,0.000000,48.719782,5.151342,0.000000,99.667276
"_Z16partialSumKernelPii",9,0,0,12,9910,3010560,128,64,0,1,1,0,0x0,0.000065,21.156965,2315.815385,282240,0.000000,48.000403,5.030416,0.000000,99.667552
"_Z16partialSumKernelPii",10,0,0,13,9910,3010560,128,64,0,1,1,0,0x0,0.000065,21.168339,2315.815385,282240,0.000000,46.478664,5.220084,0.000000,99.667289
