kernel-name,dispatch,gpu-id,queue-id,queue-index,tid,grd,wgr,lds,scr,vgpr,sgpr,fbar,sig,time,VALUBusy,performance,LDSInsts,LDSBankConflict,L1MemoryBusy,L1MemoryStalled,L2WriteUnitStalled,L2CacheHit
"_Z11sobelFilterPfS_ii",0,0,0,4,64031,1517824,256,0,0,3,1,0,0x0,0.000034,62.709004,7727.104000,0,0.000000,56.954382,7.502989,1.379564,89.778754
"_Z11sobelFilterPfS_ii",1,0,0,6,64031,1517824,256,0,0,3,1,0,0x0,0.000038,55.833197,6710.379789,0,0.000000,52.166312,7.313708,1.359319,89.785491
"_Z11sobelFilterPfS_ii",2,0,0,7,64031,1517824,256,0,0,3,1,0,0x0,0.000035,61.634245,7499.836235,0,0.000000,56.120171,8.422975,1.012420,89.814000
"_Z11sobelFilterPfS_ii",3,0,0,8,64031,1517824,256,0,0,3,1,0,0x0,0.000036,59.274537,7285.555200,0,0.000000,55.628097,8.296097,1.790837,89.795148
"_Z11sobelFilterPfS_ii",4,0,0,9,64031,1517824,256,0,0,3,1,0,0x0,0.000036,59.633280,7285.555200,0,0.000000,57.488324,9.604418,1.311900,89.804393
"_Z11sobelFilterPfS_ii",5,0,0,10,64031,1517824,256,0,0,3,1,0,0x0,0.000036,59.305471,7285.555200,0,0.000000,56.611290,8.400887,2.087501,89.789779
"_Z11sobelFilterPfS_ii",6,0,0,11,64031,1517824,256,0,0,3,1,0,0x0,0.000037,57.660465,7083.178667,0,0.000000,52.903594,8.127273,3.585624,89.770594
"_Z11sobelFilterPfS_ii",7,0,0,12,64031,1517824,256,0,0,3,1,0,0x0,0.000037,57.919081,7083.178667,0,0.000000,53.306094,6.970660,2.888160,89.727696
"_Z11sobelFilterPfS_ii",8,0,0,13,64031,1517824,256,0,0,3,1,0,0x0,0.000036,59.348833,7285.555200,0,0.000000,56.119545,8.602005,3.603572,89.791692
"_Z11sobelFilterPfS_ii",9,0,0,14,64031,1517824,256,0,0,3,1,0,0x0,0.000035,60.803207,7285.555200,0,0.000000,54.805240,8.211311,3.709715,89.853869
"_Z11sobelFilterPfS_ii",10,0,0,15,64031,1517824,256,0,0,3,1,0,0x0,0.000035,60.855304,7285.555200,0,0.000000,54.913336,7.511023,3.534389,89.827063
