kernel-name,dispatch,gpu-id,queue-id,queue-index,tid,grd,wgr,lds,scr,vgpr,sgpr,fbar,sig,time,VALUBusy,performance,LDSInsts,LDSBankConflict,L1MemoryBusy,L1MemoryStalled,L2WriteUnitStalled,L2CacheHit
"_Z6reduceP5Vec3fS0_",0,0,0,4,23735,4145152,256,0,0,1,1,0,0x0,0.000069,7.361567,853.413647,259072,0.000000,53.648816,2.814664,0.000000,99.130330
"_Z6reduceP5Vec3fS0_",1,0,0,6,23735,4145152,256,0,0,1,1,0,0x0,0.000075,6.726910,773.761707,259072,0.000000,48.639165,2.853103,0.000000,99.010063
"_Z6reduceP5Vec3fS0_",2,0,0,7,23735,4145152,256,0,0,1,1,0,0x0,0.000069,7.320012,841.045333,259072,0.000000,52.496159,2.763217,0.000000,99.129528
"_Z6reduceP5Vec3fS0_",3,0,0,8,23735,4145152,256,0,0,1,1,0,0x0,0.000072,7.015146,806.001778,259072,0.000000,51.655797,3.086187,0.000000,99.012844
"_Z6reduceP5Vec3fS0_",4,0,0,9,23735,4145152,256,0,0,1,1,0,0x0,0.000073,6.915044,794.960658,259072,0.000000,50.024973,2.901100,0.000000,99.009337
"_Z6reduceP5Vec3fS0_",5,0,0,10,23735,4145152,256,0,0,1,1,0,0x0,0.000072,6.997379,806.001778,259072,0.000000,51.043899,2.962141,0.000000,99.012254
"_Z6reduceP5Vec3fS0_",6,0,0,11,23735,4145152,256,0,0,1,1,0,0x0,0.000073,6.978368,806.001778,259072,0.000000,50.865070,2.948690,0.000000,99.011018
"_Z6reduceP5Vec3fS0_",7,0,0,12,23735,4145152,256,0,0,1,1,0,0x0,0.000073,6.913290,794.960658,259072,0.000000,50.296207,3.054470,0.000000,99.007355
"_Z6reduceP5Vec3fS0_",8,0,0,13,23735,4145152,256,0,0,1,1,0,0x0,0.000070,7.215488,829.030400,259072,0.000000,52.182455,2.696996,0.000000,99.131444
"_Z6reduceP5Vec3fS0_",9,0,0,14,23735,4145152,256,0,0,1,1,0,0x0,0.000070,7.190824,829.030400,259072,0.000000,51.944129,2.726752,0.000000,99.131444
"_Z6reduceP5Vec3fS0_",10,0,0,15,23735,4145152,256,0,0,1,1,0,0x0,0.000071,7.167964,829.030400,259072,0.000000,51.632551,2.692304,0.000000,99.131568
