kernel-name,dispatch,gpu-id,queue-id,queue-index,tid,grd,wgr,lds,scr,vgpr,sgpr,fbar,sig,time,VALUBusy,performance,LDSInsts,LDSBankConflict,L1MemoryBusy,L1MemoryStalled,L2WriteUnitStalled,L2CacheHit
"_Z3addPiS_S_ii",0,0,0,6,114736,285696,192,0,0,1,1,0,0x0,0.000012,6.023928,714.240000,0,0.000000,16.654389,2.392806,0.000000,99.230154
"_Z3addPiS_S_ii",1,0,0,8,114736,285696,192,0,0,1,1,0,0x0,0.000017,4.374977,535.680000,0,0.000000,11.733941,1.808840,0.000000,98.956159
"_Z3addPiS_S_ii",2,0,0,9,114736,285696,192,0,0,1,1,0,0x0,0.000012,6.061497,714.240000,0,0.000000,15.390809,2.512524,0.000000,99.226208
"_Z3addPiS_S_ii",3,0,0,10,114736,285696,192,0,0,1,1,0,0x0,0.000014,5.373652,659.298462,0,0.000000,13.918472,2.284057,0.000000,98.991307
"_Z3addPiS_S_ii",4,0,0,11,114736,285696,192,0,0,1,1,0,0x0,0.000015,4.985075,612.205714,0,0.000000,13.636173,1.998024,0.000000,98.992109
"_Z3addPiS_S_ii",5,0,0,12,114736,285696,192,0,0,1,1,0,0x0,0.000014,5.429010,659.298462,0,0.000000,13.839797,2.252644,0.000000,98.997527
"_Z3addPiS_S_ii",6,0,0,13,114736,285696,192,0,0,1,1,0,0x0,0.000016,4.777782,571.392000,0,0.000000,12.791119,1.912926,0.000000,99.003753
"_Z3addPiS_S_ii",7,0,0,14,114736,285696,192,0,0,1,1,0,0x0,0.000014,5.448718,659.298462,0,0.000000,15.780948,2.442331,0.000000,98.979523
"_Z3addPiS_S_ii",8,0,0,15,114736,285696,192,0,0,1,1,0,0x0,0.000015,4.954042,612.205714,0,0.000000,14.357635,2.011698,0.000000,98.985483
"_Z3addPiS_S_ii",9,0,0,16,114736,285696,192,0,0,1,1,0,0x0,0.000012,5.972649,714.240000,0,0.000000,15.529139,2.619251,0.000000,99.219120
"_Z3addPiS_S_ii",10,0,0,17,114736,285696,192,0,0,1,1,0,0x0,0.000014,5.355933,659.298462,0,0.000000,12.874339,2.095849,0.000000,99.230872
