kernel-name,dispatch,gpu-id,queue-id,queue-index,tid,grd,wgr,lds,scr,vgpr,sgpr,fbar,sig,time,VALUBusy,performance,LDSInsts,LDSBankConflict,L1MemoryBusy,L1MemoryStalled,L2WriteUnitStalled,L2CacheHit
"_Z10degreeCalcPiS_S_ii",0,0,0,6,36932,627200,32,0,0,1,1,0,0x0,0.000055,5.247002,603.970370,0,0.000000,39.476870,3.936322,0.000000,99.432318
"_Z10degreeCalcPiS_S_ii",1,0,0,8,36932,627200,32,0,0,1,1,0,0x0,0.000060,4.760905,543.573333,0,0.000000,35.879219,3.599892,0.000000,99.048746
"_Z10degreeCalcPiS_S_ii",2,0,0,9,36932,627200,32,0,0,1,1,0,0x0,0.000055,5.243049,603.970370,0,0.000000,39.675402,3.960179,0.000000,99.432293
"_Z10degreeCalcPiS_S_ii",3,0,0,10,36932,627200,32,0,0,1,1,0,0x0,0.000059,4.877783,562.317241,0,0.000000,37.134863,3.720123,0.000000,99.053047
"_Z10degreeCalcPiS_S_ii",4,0,0,11,36932,627200,32,0,0,1,1,0,0x0,0.000059,4.868736,562.317241,0,0.000000,36.540826,3.693880,0.000000,99.035764
"_Z10degreeCalcPiS_S_ii",5,0,0,12,36932,627200,32,0,0,1,1,0,0x0,0.000059,4.865487,552.786441,0,0.000000,36.347508,3.669173,0.000000,99.061815
"_Z10degreeCalcPiS_S_ii",6,0,0,13,36932,627200,32,0,0,1,1,0,0x0,0.000060,4.823848,552.786441,0,0.000000,36.665967,3.685288,0.000000,99.057472
"_Z10degreeCalcPiS_S_ii",7,0,0,14,36932,627200,32,0,0,1,1,0,0x0,0.000060,4.823746,552.786441,0,0.000000,36.284285,3.653184,0.000000,99.048746
"_Z10degreeCalcPiS_S_ii",8,0,0,15,36932,627200,32,0,0,1,1,0,0x0,0.000055,5.220170,592.989091,0,0.000000,39.333523,3.940625,0.000000,99.432318
"_Z10degreeCalcPiS_S_ii",9,0,0,16,36932,627200,32,0,0,1,1,0,0x0,0.000055,5.225396,603.970370,0,0.000000,39.093355,3.947413,0.000000,99.432318
"_Z10degreeCalcPiS_S_ii",10,0,0,17,36932,627200,32,0,0,1,1,0,0x0,0.000055,5.231108,603.970370,0,0.000000,39.231746,3.918420,0.000000,99.432293
