kernel-name,dispatch,gpu-id,queue-id,queue-index,tid,grd,wgr,lds,scr,vgpr,sgpr,fbar,sig,time,VALUBusy,performance,LDSInsts,LDSBankConflict,L1MemoryBusy,L1MemoryStalled,L2WriteUnitStalled,L2CacheHit
"_Z9downscalePfS_liiii",0,0,0,4,38327,614656,64,0,0,3,2,0,0x0,0.000030,4.452265,424.417103,0,0.000000,0.212214,0.023285,0.000000,83.870968
"_Z9downscalePfS_liiii",1,0,0,6,38327,614656,64,0,0,3,2,0,0x0,0.000034,3.823813,362.002824,0,0.000000,0.182259,0.050451,0.000000,71.124620
"_Z9downscalePfS_liiii",2,0,0,7,38327,614656,64,0,0,3,2,0,0x0,0.000029,4.458872,424.417103,0,0.000000,0.212529,0.059890,0.000000,83.870968
"_Z9downscalePfS_liiii",3,0,0,8,38327,614656,64,0,0,3,2,0,0x0,0.000032,4.091687,384.628000,0,0.000000,0.195028,0.055444,0.000000,71.124620
"_Z9downscalePfS_liiii",4,0,0,9,38327,614656,64,0,0,3,2,0,0x0,0.000032,4.092961,384.628000,0,0.000000,0.195088,0.056435,0.000000,71.124620
"_Z9downscalePfS_liiii",5,0,0,10,38327,614656,64,0,0,3,2,0,0x0,0.000032,4.089937,384.628000,0,0.000000,0.194944,0.056879,0.000000,71.124620
"_Z9downscalePfS_liiii",6,0,0,11,38327,614656,64,0,0,3,2,0,0x0,0.000033,4.043156,384.628000,0,0.000000,0.192714,0.057190,0.000000,71.124620
"_Z9downscalePfS_liiii",7,0,0,12,38327,614656,64,0,0,3,2,0,0x0,0.000033,4.018591,384.628000,0,0.000000,0.191543,0.055409,0.000000,71.124620
"_Z9downscalePfS_liiii",8,0,0,13,38327,614656,64,0,0,3,2,0,0x0,0.000032,4.045645,384.628000,0,0.000000,0.192833,0.057225,0.000000,71.124620
"_Z9downscalePfS_liiii",9,0,0,14,38327,614656,64,0,0,3,2,0,0x0,0.000030,4.429573,424.417103,0,0.000000,0.211133,0.063708,0.000000,83.870968
"_Z9downscalePfS_liiii",10,0,0,15,38327,614656,64,0,0,3,2,0,0x0,0.000030,4.440140,424.417103,0,0.000000,0.211636,0.064388,0.000000,83.870968
