kernel-name,dispatch,gpu-id,queue-id,queue-index,tid,grd,wgr,lds,scr,vgpr,sgpr,fbar,sig,time,VALUBusy,performance,LDSInsts,LDSBankConflict,L1MemoryBusy,L1MemoryStalled,L2WriteUnitStalled,L2CacheHit
"_Z9downscalePfS_liiii",0,0,0,4,37930,61440,32,0,0,3,2,0,0x0,0.000011,2.373693,224.779636,0,0.000000,0.563392,0.154546,0.000000,83.870968
"_Z9downscalePfS_liiii",1,0,0,6,37930,61440,32,0,0,3,2,0,0x0,0.000016,1.628151,154.536000,0,0.000000,0.386439,0.106006,0.000000,71.124620
"_Z9downscalePfS_liiii",2,0,0,7,37930,61440,32,0,0,3,2,0,0x0,0.000011,2.408891,247.257600,0,0.000000,0.571746,0.062735,0.000000,83.870968
"_Z9downscalePfS_liiii",3,0,0,8,37930,61440,32,0,0,3,2,0,0x0,0.000014,1.942311,190.198154,0,0.000000,0.461004,0.126460,0.000000,71.124620
"_Z9downscalePfS_liiii",4,0,0,9,37930,61440,32,0,0,3,2,0,0x0,0.000014,1.943741,190.198154,0,0.000000,0.461344,0.126553,0.000000,71.124620
"_Z9downscalePfS_liiii",5,0,0,10,37930,61440,32,0,0,3,2,0,0x0,0.000014,1.870737,176.612571,0,0.000000,0.444016,0.121800,0.000000,71.124620
"_Z9downscalePfS_liiii",6,0,0,11,37930,61440,32,0,0,3,2,0,0x0,0.000015,1.799868,176.612571,0,0.000000,0.427196,0.117186,0.000000,71.124620
"_Z9downscalePfS_liiii",7,0,0,12,37930,61440,32,0,0,3,2,0,0x0,0.000015,1.762760,176.612571,0,0.000000,0.418388,0.114770,0.000000,71.124620
"_Z9downscalePfS_liiii",8,0,0,13,37930,61440,32,0,0,3,2,0,0x0,0.000015,1.781421,176.612571,0,0.000000,0.422817,0.115985,0.000000,71.124620
"_Z9downscalePfS_liiii",9,0,0,14,37930,61440,32,0,0,3,2,0,0x0,0.000013,1.956889,190.198154,0,0.000000,0.464464,0.050964,0.000000,83.870968
"_Z9downscalePfS_liiii",10,0,0,15,37930,61440,32,0,0,3,2,0,0x0,0.000012,2.256638,224.779636,0,0.000000,0.535609,0.058770,0.000000,83.870968
