kernel-name,dispatch,gpu-id,queue-id,queue-index,tid,grd,wgr,lds,scr,vgpr,sgpr,fbar,sig,time,VALUBusy,performance,LDSInsts,LDSBankConflict,L1MemoryBusy,L1MemoryStalled,L2WriteUnitStalled,L2CacheHit
"_Z13kCrossEntropyPfS_S_jf",0,0,0,6,71637,4145152,128,0,0,1,1,0,0x0,0.000088,7.174321,660.247273,0,0.000000,0.047095,0.003895,0.000000,87.323944
"_Z13kCrossEntropyPfS_S_jf",1,0,0,8,71637,4145152,128,0,0,1,1,0,0x0,0.000094,6.755513,624.750108,0,0.000000,0.139038,0.097693,0.000000,73.809524
"_Z13kCrossEntropyPfS_S_jf",2,0,0,9,71637,4145152,128,0,0,1,1,0,0x0,0.000087,7.238967,667.836322,0,0.000000,0.047519,0.003930,0.000000,87.323944
"_Z13kCrossEntropyPfS_S_jf",3,0,0,10,71637,4145152,128,0,0,1,1,0,0x0,0.000092,6.895014,638.480879,0,0.000000,0.142079,0.099200,0.000000,73.809524
"_Z13kCrossEntropyPfS_S_jf",4,0,0,11,71637,4145152,128,0,0,1,1,0,0x0,0.000090,7.015873,645.575111,0,0.000000,0.145435,0.103190,0.000000,72.997033
"_Z13kCrossEntropyPfS_S_jf",5,0,0,12,71637,4145152,128,0,0,1,1,0,0x0,0.000092,6.874381,631.540870,0,0.000000,0.143520,0.100770,0.000000,73.809524
"_Z13kCrossEntropyPfS_S_jf",6,0,0,13,71637,4145152,128,0,0,1,1,0,0x0,0.000092,6.857118,631.540870,0,0.000000,0.147390,0.106101,0.000000,73.590504
"_Z13kCrossEntropyPfS_S_jf",7,0,0,14,71637,4145152,128,0,0,1,1,0,0x0,0.000091,6.948264,638.480879,0,0.000000,0.157923,0.105625,0.000000,73.652695
"_Z13kCrossEntropyPfS_S_jf",8,0,0,15,71637,4145152,128,0,0,1,1,0,0x0,0.000088,7.201914,667.836322,0,0.000000,0.061494,0.018128,0.000000,87.234043
"_Z13kCrossEntropyPfS_S_jf",9,0,0,16,71637,4145152,128,0,0,1,1,0,0x0,0.000087,7.281948,675.601860,0,0.000000,0.048520,0.003953,0.000000,87.234043
"_Z13kCrossEntropyPfS_S_jf",10,0,0,17,71637,4145152,128,0,0,1,1,0,0x0,0.000089,7.075607,652.828764,0,0.000000,0.058669,0.005762,0.000000,87.323944
