kernel-name,dispatch,gpu-id,queue-id,queue-index,tid,grd,wgr,lds,scr,vgpr,sgpr,fbar,sig,time,VALUBusy,performance,LDSInsts,LDSBankConflict,L1MemoryBusy,L1MemoryStalled,L2WriteUnitStalled,L2CacheHit
"_Z12Find3DMinMaxPiPfS0_S0_iii",0,0,0,8,79338,246016,16,7680,0,6,4,0,0x0,0.000339,23.179126,3043.103811,6047232,0.000000,0.115328,0.025890,0.000000,94.225217
"_Z12Find3DMinMaxPiPfS0_S0_iii",1,0,0,10,79338,246016,16,7680,0,6,4,0,0x0,0.000344,22.788533,2990.026419,6047232,0.000000,0.108938,0.066515,0.000000,89.324818
"_Z12Find3DMinMaxPiPfS0_S0_iii",2,0,0,11,79338,246016,16,7680,0,6,4,0,0x0,0.000339,23.147933,3034.127103,6047232,0.000000,0.097106,0.021799,0.000000,94.225217
"_Z12Find3DMinMaxPiPfS0_S0_iii",3,0,0,12,79338,246016,16,7680,0,6,4,0,0x0,0.000343,22.875051,2998.743697,6047232,0.000000,0.089266,0.137088,0.000000,78.194888
"_Z12Find3DMinMaxPiPfS0_S0_iii",4,0,0,13,79338,246016,16,7680,0,6,4,0,0x0,0.000340,23.052146,3025.203200,6047232,0.000000,0.089957,0.020195,0.000000,94.225217
"_Z12Find3DMinMaxPiPfS0_S0_iii",5,0,0,14,79338,246016,16,7680,0,6,4,0,0x0,0.000342,22.977145,3016.331636,6047232,0.000000,0.096390,0.103297,0.000000,89.324818
"_Z12Find3DMinMaxPiPfS0_S0_iii",6,0,0,15,79338,246016,16,7680,0,6,4,0,0x0,0.000343,22.900750,3007.511953,6047232,0.000000,0.089367,0.076919,0.000000,78.070175
"_Z12Find3DMinMaxPiPfS0_S0_iii",7,0,0,16,79338,246016,16,7680,0,6,4,0,0x0,0.000341,23.045334,3025.203200,6047232,0.000000,0.087683,0.022529,0.000000,94.225217
"_Z12Find3DMinMaxPiPfS0_S0_iii",8,0,0,17,79338,246016,16,7680,0,6,4,0,0x0,0.000339,23.148018,3034.127103,6047232,0.000000,0.088073,0.019772,0.000000,94.225217
"_Z12Find3DMinMaxPiPfS0_S0_iii",9,0,0,18,79338,246016,16,7680,0,6,4,0,0x0,0.000340,23.091444,3034.127103,6047232,0.000000,0.099122,0.022252,0.000000,94.225217
"_Z12Find3DMinMaxPiPfS0_S0_iii",10,0,0,19,79338,246016,16,7680,0,6,4,0,0x0,0.000339,23.164844,3043.103811,6047232,0.000000,0.106217,0.023845,0.000000,94.225217
