kernel-name,dispatch,gpu-id,queue-id,queue-index,tid,grd,wgr,lds,scr,vgpr,sgpr,fbar,sig,time,VALUBusy,performance,LDSInsts,LDSBankConflict,L1MemoryBusy,L1MemoryStalled,L2WriteUnitStalled,L2CacheHit
"_Z15shortcut_kerneliiiiiiiiiiPfiiiS_",0,0,0,4,11852,57600,256,0,0,2,2,0,0x0,0.000010,14.993337,1463.040000,0,0.000000,6.555432,0.594688,0.000000,97.261108
"_Z15shortcut_kerneliiiiiiiiiiPfiiiS_",1,0,0,6,11852,57600,256,0,0,2,2,0,0x0,0.000014,10.951494,1125.415385,0,0.000000,6.677843,0.927134,0.000000,87.648456
"_Z15shortcut_kerneliiiiiiiiiiPfiiiS_",2,0,0,7,11852,57600,256,0,0,2,2,0,0x0,0.000010,15.596152,1625.600000,0,0.000000,5.450670,0.443939,0.000000,97.246022
"_Z15shortcut_kerneliiiiiiiiiiPfiiiS_",3,0,0,8,11852,57600,256,0,0,2,2,0,0x0,0.000012,12.922304,1330.036364,0,0.000000,7.236178,1.113973,0.000000,87.723480
"_Z15shortcut_kerneliiiiiiiiiiPfiiiS_",4,0,0,9,11852,57600,256,0,0,2,2,0,0x0,0.000012,12.877084,1330.036364,0,0.000000,7.164594,1.553321,0.000000,87.779083
"_Z15shortcut_kerneliiiiiiiiiiPfiiiS_",5,0,0,10,11852,57600,256,0,0,2,2,0,0x0,0.000012,12.863785,1330.036364,0,0.000000,9.615486,1.113901,0.000000,87.112172
"_Z15shortcut_kerneliiiiiiiiiiPfiiiS_",6,0,0,11,11852,57600,256,0,0,2,2,0,0x0,0.000012,12.382333,1219.200000,0,0.000000,5.378314,1.702030,0.000000,90.418435
"_Z15shortcut_kerneliiiiiiiiiiPfiiiS_",7,0,0,12,11852,57600,256,0,0,2,2,0,0x0,0.000013,11.826539,1219.200000,0,0.000000,9.774263,1.595228,0.000000,87.067938
"_Z15shortcut_kerneliiiiiiiiiiPfiiiS_",8,0,0,13,11852,57600,256,0,0,2,2,0,0x0,0.000013,11.875107,1219.200000,0,0.000000,10.370407,1.041921,0.000000,87.119857
"_Z15shortcut_kerneliiiiiiiiiiPfiiiS_",9,0,0,14,11852,57600,256,0,0,2,2,0,0x0,0.000010,15.284857,1625.600000,0,0.000000,5.282088,0.416222,0.000000,97.242647
"_Z15shortcut_kerneliiiiiiiiiiPfiiiS_",10,0,0,15,11852,57600,256,0,0,2,2,0,0x0,0.000010,15.160184,1463.040000,0,0.000000,5.119018,0.395688,0.000000,97.242647
