kernel-name,dispatch,gpu-id,queue-id,queue-index,tid,grd,wgr,lds,scr,vgpr,sgpr,fbar,sig,time,VALUBusy,performance,LDSInsts,LDSBankConflict,L1MemoryBusy,L1MemoryStalled,L2WriteUnitStalled,L2CacheHit
"_Z8mmKernelPfS_S_i",0,0,0,6,34702,1517824,64,0,0,3,1,0,0x0,0.000065,7.813578,887.343262,71148,0.000000,40.660223,4.050615,0.000000,99.950108
"_Z8mmKernelPfS_S_i",1,0,0,8,34702,1517824,64,0,0,3,1,0,0x0,0.000069,7.365184,835.903072,71148,0.000000,38.476845,4.514943,0.000000,98.909689
"_Z8mmKernelPfS_S_i",2,0,0,9,34702,1517824,64,0,0,3,1,0,0x0,0.000065,7.805798,887.343262,71148,0.000000,40.484967,4.048736,0.000000,99.950108
"_Z8mmKernelPfS_S_i",3,0,0,10,34702,1517824,64,0,0,3,1,0,0x0,0.000067,7.602133,860.855403,71148,0.000000,39.959949,4.627324,0.000000,98.921899
"_Z8mmKernelPfS_S_i",4,0,0,11,34702,1517824,64,0,0,3,1,0,0x0,0.000067,7.598448,860.855403,71148,0.000000,39.866017,4.605508,0.000000,98.913759
"_Z8mmKernelPfS_S_i",5,0,0,12,34702,1517824,64,0,0,3,1,0,0x0,0.000067,7.589535,860.855403,71148,0.000000,39.748501,4.805848,0.000000,99.003377
"_Z8mmKernelPfS_S_i",6,0,0,13,34702,1517824,64,0,0,3,1,0,0x0,0.000067,7.585792,860.855403,71148,0.000000,40.112963,4.622263,0.000000,98.909689
"_Z8mmKernelPfS_S_i",7,0,0,14,34702,1517824,64,0,0,3,1,0,0x0,0.000067,7.561799,860.855403,71148,0.000000,39.644977,4.831648,0.000000,99.027846
"_Z8mmKernelPfS_S_i",8,0,0,15,34702,1517824,64,0,0,3,1,0,0x0,0.000065,7.797659,887.343262,71148,0.000000,40.279199,4.050732,0.000000,99.950108
"_Z8mmKernelPfS_S_i",9,0,0,16,34702,1517824,64,0,0,3,1,0,0x0,0.000065,7.798182,887.343262,71148,0.000000,40.368703,4.034981,0.000000,99.950108
"_Z8mmKernelPfS_S_i",10,0,0,17,34702,1517824,64,0,0,3,1,0,0x0,0.000065,7.805648,887.343262,71148,0.000000,40.961969,4.058473,0.000000,99.950108
