kernel-name,dispatch,gpu-id,queue-id,queue-index,tid,grd,wgr,lds,scr,vgpr,sgpr,fbar,sig,time,VALUBusy,performance,LDSInsts,LDSBankConflict,L1MemoryBusy,L1MemoryStalled,L2WriteUnitStalled,L2CacheHit
"_Z3addPiS_S_",0,0,0,6,106033,2903040,64,0,0,1,1,0,0x0,0.000119,5.200635,634.277647,0,0.000000,39.787939,4.302546,0.000000,99.296005
"_Z3addPiS_S_",1,0,0,8,106033,2903040,64,0,0,1,1,0,0x0,0.000123,5.026468,613.650732,0,0.000000,38.859705,4.296624,0.000000,99.028492
"_Z3addPiS_S_",2,0,0,9,106033,2903040,64,0,0,1,1,0,0x0,0.000119,5.199872,634.277647,0,0.000000,40.399299,4.313444,0.000000,99.296005
"_Z3addPiS_S_",3,0,0,10,106033,2903040,64,0,0,1,1,0,0x0,0.000120,5.152939,628.992000,0,0.000000,39.650628,4.460688,0.000000,99.008285
"_Z3addPiS_S_",4,0,0,11,106033,2903040,64,0,0,1,1,0,0x0,0.000121,5.120392,623.793719,0,0.000000,39.153000,4.470441,0.000000,99.028492
"_Z3addPiS_S_",5,0,0,12,106033,2903040,64,0,0,1,1,0,0x0,0.000121,5.146445,628.992000,0,0.000000,39.544768,4.473608,0.000000,99.028492
"_Z3addPiS_S_",6,0,0,13,106033,2903040,64,0,0,1,1,0,0x0,0.000121,5.109344,623.793719,0,0.000000,39.573153,4.374675,0.000000,99.045327
"_Z3addPiS_S_",7,0,0,14,106033,2903040,64,0,0,1,1,0,0x0,0.000121,5.138104,628.992000,0,0.000000,39.581133,4.393473,0.000000,99.026601
"_Z3addPiS_S_",8,0,0,15,106033,2903040,64,0,0,1,1,0,0x0,0.000120,5.155938,628.992000,0,0.000000,39.880903,4.265568,0.000000,99.296005
"_Z3addPiS_S_",9,0,0,16,106033,2903040,64,0,0,1,1,0,0x0,0.000119,5.193694,634.277647,0,0.000000,39.964878,4.299682,0.000000,99.296005
"_Z3addPiS_S_",10,0,0,17,106033,2903040,64,0,0,1,1,0,0x0,0.000119,5.195162,634.277647,0,0.000000,39.864656,4.293175,0.000000,99.299018
