kernel-name,dispatch,gpu-id,queue-id,queue-index,tid,grd,wgr,lds,scr,vgpr,sgpr,fbar,sig,time,VALUBusy,performance,LDSInsts,LDSBankConflict,L1MemoryBusy,L1MemoryStalled,L2WriteUnitStalled,L2CacheHit
"_Z9kApplyAbsPfS_j",0,0,0,4,38973,3010560,128,0,0,1,1,0,0x0,0.000064,7.157806,659.456000,0,0.000000,0.344638,0.034780,0.000000,86.178862
"_Z9kApplyAbsPfS_j",1,0,0,6,38973,3010560,128,0,0,1,1,0,0x0,0.000071,6.499331,602.931200,0,0.000000,0.330822,0.129193,0.000000,71.380471
"_Z9kApplyAbsPfS_j",2,0,0,7,38973,3010560,128,0,0,1,1,0,0x0,0.000064,7.159687,659.456000,0,0.000000,0.361028,0.051089,0.000000,86.178862
"_Z9kApplyAbsPfS_j",3,0,0,8,38973,3010560,128,0,0,1,1,0,0x0,0.000068,6.789872,629.928119,0,0.000000,0.342842,0.133122,0.000000,71.380471
"_Z9kApplyAbsPfS_j",4,0,0,9,38973,3010560,128,0,0,1,1,0,0x0,0.000068,6.751863,620.664471,0,0.000000,0.480641,0.165873,0.000000,71.283784
"_Z9kApplyAbsPfS_j",5,0,0,10,38973,3010560,128,0,0,1,1,0,0x0,0.000069,6.642325,611.669333,0,0.000000,0.468555,0.158894,0.000000,71.283784
"_Z9kApplyAbsPfS_j",6,0,0,11,38973,3010560,128,0,0,1,1,0,0x0,0.000069,6.643644,611.669333,0,0.000000,0.334781,0.137479,0.000000,71.380471
"_Z9kApplyAbsPfS_j",7,0,0,12,38973,3010560,128,0,0,1,1,0,0x0,0.000070,6.597060,611.669333,0,0.000000,0.332658,0.135843,0.000000,71.380471
"_Z9kApplyAbsPfS_j",8,0,0,13,38973,3010560,128,0,0,1,1,0,0x0,0.000068,6.749757,620.664471,0,0.000000,0.317652,0.138528,0.000000,71.000000
"_Z9kApplyAbsPfS_j",9,0,0,14,38973,3010560,128,0,0,1,1,0,0x0,0.000065,7.103762,659.456000,0,0.000000,0.361346,0.053828,0.000000,86.178862
"_Z9kApplyAbsPfS_j",10,0,0,15,38973,3010560,128,0,0,1,1,0,0x0,0.000065,7.061762,649.310523,0,0.000000,0.356810,0.051110,0.000000,86.178862
