kernel-name,dispatch,gpu-id,queue-id,queue-index,tid,grd,wgr,lds,scr,vgpr,sgpr,fbar,sig,time,VALUBusy,performance,LDSInsts,LDSBankConflict,L1MemoryBusy,L1MemoryStalled,L2WriteUnitStalled,L2CacheHit
"_Z14knapsackKernelPiS_S_S_iii",0,0,0,8,4456,2903040,64,0,0,1,1,0,0x0,0.000119,1.120134,147.612203,0,0.000000,0.000000,0.000000,0.000000,95.833333
"_Z14knapsackKernelPiS_S_S_iii",1,0,0,10,4456,2903040,64,0,0,1,1,0,0x0,0.000124,1.073880,141.611707,0,0.000000,0.000000,0.000000,0.000000,74.193548
"_Z14knapsackKernelPiS_S_S_iii",2,0,0,11,4456,2903040,64,0,0,1,1,0,0x0,0.000119,1.120542,147.612203,0,0.000000,0.000000,0.000000,0.000000,95.833333
"_Z14knapsackKernelPiS_S_S_iii",3,0,0,12,4456,2903040,64,0,0,1,1,0,0x0,0.000122,1.093429,143.952397,0,0.000000,0.000000,0.000000,0.000000,74.193548
"_Z14knapsackKernelPiS_S_S_iii",4,0,0,13,4456,2903040,64,0,0,1,1,0,0x0,0.000122,1.092783,143.952397,0,0.000000,0.000000,0.000000,0.000000,74.193548
"_Z14knapsackKernelPiS_S_S_iii",5,0,0,14,4456,2903040,64,0,0,1,1,0,0x0,0.000121,1.094212,143.952397,0,0.000000,0.000000,0.000000,0.000000,74.193548
"_Z14knapsackKernelPiS_S_S_iii",6,0,0,15,4456,2903040,64,0,0,1,1,0,0x0,0.000122,1.092536,143.952397,0,0.000000,0.000000,0.000000,0.000000,74.193548
"_Z14knapsackKernelPiS_S_S_iii",7,0,0,16,4456,2903040,64,0,0,1,1,0,0x0,0.000122,1.091398,143.952397,0,0.000000,0.000000,0.000000,0.000000,74.193548
"_Z14knapsackKernelPiS_S_S_iii",8,0,0,17,4456,2903040,64,0,0,1,1,0,0x0,0.000119,1.118108,147.612203,0,0.000000,0.000000,0.000000,0.000000,95.833333
"_Z14knapsackKernelPiS_S_S_iii",9,0,0,18,4456,2903040,64,0,0,1,1,0,0x0,0.000119,1.118631,147.612203,0,0.000000,0.000000,0.000000,0.000000,95.833333
"_Z14knapsackKernelPiS_S_S_iii",10,0,0,19,4456,2903040,64,0,0,1,1,0,0x0,0.000119,1.118032,147.612203,0,0.000000,0.000000,0.000000,0.000000,95.833333
