kernel-name,dispatch,gpu-id,queue-id,queue-index,tid,grd,wgr,lds,scr,vgpr,sgpr,fbar,sig,time,VALUBusy,performance,LDSInsts,LDSBankConflict,L1MemoryBusy,L1MemoryStalled,L2WriteUnitStalled,L2CacheHit
"_Z12translate_3DPfmmmfff",0,0,0,2,61530,2903040,192,0,0,1,2,0,0x0,0.000054,3.279702,323.328000,0,0.000000,0.639664,0.177813,0.000000,90.476190
"_Z12translate_3DPfmmmfff",1,0,0,4,61530,2903040,192,0,0,1,2,0,0x0,0.000055,3.252289,323.328000,0,0.000000,0.754826,0.216114,0.000000,74.146341
"_Z12translate_3DPfmmmfff",2,0,0,5,61530,2903040,192,0,0,1,2,0,0x0,0.000049,3.645292,363.744000,0,0.000000,0.725726,0.209825,0.000000,90.476190
"_Z12translate_3DPfmmmfff",3,0,0,6,61530,2903040,192,0,0,1,2,0,0x0,0.000052,3.420622,342.347294,0,0.000000,0.701469,0.204118,0.000000,74.146341
"_Z12translate_3DPfmmmfff",4,0,0,7,61530,2903040,192,0,0,1,2,0,0x0,0.000052,3.406674,335.763692,0,0.000000,0.678820,0.177501,0.000000,74.146341
"_Z12translate_3DPfmmmfff",5,0,0,8,61530,2903040,192,0,0,1,2,0,0x0,0.000052,3.412075,335.763692,0,0.000000,0.681698,0.181986,0.000000,74.146341
"_Z12translate_3DPfmmmfff",6,0,0,9,61530,2903040,192,0,0,1,2,0,0x0,0.000053,3.331048,329.428528,0,0.000000,0.682221,0.197601,0.000000,74.146341
"_Z12translate_3DPfmmmfff",7,0,0,10,61530,2903040,192,0,0,1,2,0,0x0,0.000052,3.424787,342.347294,0,0.000000,0.778283,0.218836,0.000000,74.146341
"_Z12translate_3DPfmmmfff",8,0,0,11,61530,2903040,192,0,0,1,2,0,0x0,0.000051,3.461177,342.347294,0,0.000000,0.762182,0.200141,0.000000,90.476190
"_Z12translate_3DPfmmmfff",9,0,0,12,61530,2903040,192,0,0,1,2,0,0x0,0.000050,3.532457,349.194240,0,0.000000,0.765132,0.206750,0.000000,90.476190
"_Z12translate_3DPfmmmfff",10,0,0,13,61530,2903040,192,0,0,1,2,0,0x0,0.000048,3.686499,363.744000,0,0.000000,0.730685,0.208953,0.000000,90.476190
