kernel-name,dispatch,gpu-id,queue-id,queue-index,tid,grd,wgr,lds,scr,vgpr,sgpr,fbar,sig,time,VALUBusy,performance,LDSInsts,LDSBankConflict,L1MemoryBusy,L1MemoryStalled,L2WriteUnitStalled,L2CacheHit
"_Z25batcherBitonicMergesort64PfPKf",0,0,0,4,92102,1040384,64,0,0,0,0,0,0x0,0.000046,0.686616,90.468174,32512,0.000000,24.469832,3.892290,0.000000,99.957411
"_Z25batcherBitonicMergesort64PfPKf",1,0,0,6,92102,1040384,64,0,0,0,0,0,0x0,0.000051,0.619255,81.598745,32512,0.000000,21.545944,3.504340,0.000000,99.286880
"_Z25batcherBitonicMergesort64PfPKf",2,0,0,7,92102,1040384,64,0,0,0,0,0,0x0,0.000046,0.686218,90.468174,32512,0.000000,24.592727,3.921774,0.000000,99.957411
"_Z25batcherBitonicMergesort64PfPKf",3,0,0,8,92102,1040384,64,0,0,0,0,0,0x0,0.000049,0.645727,84.929306,32512,0.000000,22.599179,3.783160,0.000000,99.280880
"_Z25batcherBitonicMergesort64PfPKf",4,0,0,9,92102,1040384,64,0,0,0,0,0,0x0,0.000049,0.643853,84.929306,32512,0.000000,22.528200,3.633714,0.000000,99.292880
"_Z25batcherBitonicMergesort64PfPKf",5,0,0,10,92102,1040384,64,0,0,0,0,0,0x0,0.000049,0.642428,84.929306,32512,0.000000,22.379071,3.766361,0.000000,99.286880
"_Z25batcherBitonicMergesort64PfPKf",6,0,0,11,92102,1040384,64,0,0,0,0,0,0x0,0.000050,0.640638,84.929306,32512,0.000000,22.496721,3.762485,0.000000,99.280880
"_Z25batcherBitonicMergesort64PfPKf",7,0,0,12,92102,1040384,64,0,0,0,0,0,0x0,0.000050,0.636360,84.929306,32512,0.000000,22.142956,3.708239,0.000000,99.292880
"_Z25batcherBitonicMergesort64PfPKf",8,0,0,13,92102,1040384,64,0,0,0,0,0,0x0,0.000047,0.681898,90.468174,32512,0.000000,24.242933,3.865540,0.000000,99.957411
"_Z25batcherBitonicMergesort64PfPKf",9,0,0,14,92102,1040384,64,0,0,0,0,0,0x0,0.000047,0.680391,90.468174,32512,0.000000,24.128082,3.871730,0.000000,99.957411
"_Z25batcherBitonicMergesort64PfPKf",10,0,0,15,92102,1040384,64,0,0,0,0,0,0x0,0.000046,0.683071,90.468174,32512,0.000000,24.372059,3.889337,0.000000,99.957411
