kernel-name,dispatch,gpu-id,queue-id,queue-index,tid,grd,wgr,lds,scr,vgpr,sgpr,fbar,sig,time,VALUBusy,performance,LDSInsts,LDSBankConflict,L1MemoryBusy,L1MemoryStalled,L2WriteUnitStalled,L2CacheHit
"_Z25batcherBitonicMergesort64PfPKf",0,0,0,4,92317,1517824,256,0,0,0,0,0,0x0,0.000025,1.876266,252.970667,47432,0.000000,24.245570,2.557595,0.000000,99.970706
"_Z25batcherBitonicMergesort64PfPKf",1,0,0,6,92317,1517824,256,0,0,0,0,0,0x0,0.000031,1.501469,202.376533,47432,0.000000,22.702087,3.536264,0.000000,99.289277
"_Z25batcherBitonicMergesort64PfPKf",2,0,0,7,92317,1517824,256,0,0,0,0,0,0x0,0.000025,1.889276,252.970667,47432,0.000000,24.804349,2.577241,0.000000,99.970706
"_Z25batcherBitonicMergesort64PfPKf",3,0,0,8,92317,1517824,256,0,0,0,0,0,0x0,0.000029,1.614616,216.832000,47432,0.000000,24.799569,3.940546,0.000000,99.272773
"_Z25batcherBitonicMergesort64PfPKf",4,0,0,9,92317,1517824,256,0,0,0,0,0,0x0,0.000029,1.611141,216.832000,47432,0.000000,24.954891,4.075543,0.000000,99.268647
"_Z25batcherBitonicMergesort64PfPKf",5,0,0,10,92317,1517824,256,0,0,0,0,0,0x0,0.000029,1.609147,216.832000,47432,0.000000,24.833359,3.698678,0.000000,99.289277
"_Z25batcherBitonicMergesort64PfPKf",6,0,0,11,92317,1517824,256,0,0,0,0,0,0x0,0.000029,1.583465,209.355034,47432,0.000000,24.012905,3.807367,0.000000,99.305786
"_Z25batcherBitonicMergesort64PfPKf",7,0,0,12,92317,1517824,256,0,0,0,0,0,0x0,0.000029,1.581775,209.355034,47432,0.000000,23.587634,3.863064,0.000000,99.285150
"_Z25batcherBitonicMergesort64PfPKf",8,0,0,13,92317,1517824,256,0,0,0,0,0,0x0,0.000025,1.862497,252.970667,47432,0.000000,21.805262,2.039983,0.000000,99.970706
"_Z25batcherBitonicMergesort64PfPKf",9,0,0,14,92317,1517824,256,0,0,0,0,0,0x0,0.000025,1.867378,252.970667,47432,0.000000,24.420480,2.488788,0.000000,99.970706
"_Z25batcherBitonicMergesort64PfPKf",10,0,0,15,92317,1517824,256,0,0,0,0,0,0x0,0.000025,1.886774,252.970667,47432,0.000000,24.885438,2.615835,0.000000,99.970706
