kernel-name,dispatch,gpu-id,queue-id,queue-index,tid,grd,wgr,lds,scr,vgpr,sgpr,fbar,sig,time,VALUBusy,performance,LDSInsts,LDSBankConflict,L1MemoryBusy,L1MemoryStalled,L2WriteUnitStalled,L2CacheHit
"_Z9gpuSignifPKfS0_mPf",0,0,0,6,14204,4145152,32,0,0,5,2,0,0x0,0.002104,84.842226,9350.737560,0,0.000000,81.070259,22.225154,0.387393,86.940938
"_Z9gpuSignifPKfS0_mPf",1,0,0,8,14204,4145152,32,0,0,5,2,0,0x0,0.002099,85.039915,9373.022444,0,0.000000,81.213413,22.202840,0.719717,86.868828
"_Z9gpuSignifPKfS0_mPf",2,0,0,9,14204,4145152,32,0,0,5,2,0,0x0,0.002082,85.743091,9449.592065,0,0.000000,80.238782,20.418981,0.266008,87.058249
"_Z9gpuSignifPKfS0_mPf",3,0,0,10,14204,4145152,32,0,0,5,2,0,0x0,0.002056,86.805749,9564.494693,0,0.000000,80.920686,20.376561,0.089363,87.191732
"_Z9gpuSignifPKfS0_mPf",4,0,0,11,14204,4145152,32,0,0,5,2,0,0x0,0.002059,86.677680,9550.559052,0,0.000000,80.961924,20.361969,0.091052,87.076601
"_Z9gpuSignifPKfS0_mPf",5,0,0,12,14204,4145152,32,0,0,5,2,0,0x0,0.002077,85.925017,9467.790606,0,0.000000,80.368802,20.565602,0.287032,87.065654
"_Z9gpuSignifPKfS0_mPf",6,0,0,13,14204,4145152,32,0,0,5,2,0,0x0,0.002070,86.210989,9499.807289,0,0.000000,80.757061,20.373606,0.095694,87.068285
"_Z9gpuSignifPKfS0_mPf",7,0,0,14,14204,4145152,32,0,0,5,2,0,0x0,0.002054,86.888968,9573.807735,0,0.000000,80.908305,20.211660,0.072411,87.163585
"_Z9gpuSignifPKfS0_mPf",8,0,0,15,14204,4145152,32,0,0,5,2,0,0x0,0.004479,39.854552,4391.380323,0,0.000000,38.524029,11.003991,0.424801,87.145987
"_Z9gpuSignifPKfS0_mPf",9,0,0,16,14204,4145152,32,0,0,5,2,0,0x0,0.002054,86.895393,9573.807735,0,0.000000,81.791224,20.991729,0.275364,87.017715
"_Z9gpuSignifPKfS0_mPf",10,0,0,17,14204,4145152,32,0,0,5,2,0,0x0,0.002071,86.204535,9499.807289,0,0.000000,80.721600,20.919126,0.089952,87.140209
