kernel-name,dispatch,gpu-id,queue-id,queue-index,tid,grd,wgr,lds,scr,vgpr,sgpr,fbar,sig,time,VALUBusy,performance,LDSInsts,LDSBankConflict,L1MemoryBusy,L1MemoryStalled,L2WriteUnitStalled,L2CacheHit
"_Z20recover_deleted_colsPiii",0,0,0,2,55614,1032256,16,0,0,1,1,0,0x0,0.000167,4.151014,497.472771,0,0.000000,16.216047,0.000000,0.000000,86.403509
"_Z20recover_deleted_colsPiii",1,0,0,4,55614,1032256,16,0,0,1,1,0,0x0,0.000172,4.019373,480.119070,0,0.000000,15.707497,0.000000,0.000000,69.858156
"_Z20recover_deleted_colsPiii",2,0,0,5,55614,1032256,16,0,0,1,1,0,0x0,0.000167,4.148514,494.493892,0,0.000000,16.230036,0.000000,0.000000,86.403509
"_Z20recover_deleted_colsPiii",3,0,0,6,55614,1032256,16,0,0,1,1,0,0x0,0.000171,4.044132,482.926784,0,0.000000,15.778451,0.000000,0.000000,69.858156
"_Z20recover_deleted_colsPiii",4,0,0,7,55614,1032256,16,0,0,1,1,0,0x0,0.000171,4.046582,482.926784,0,0.000000,15.855065,0.000000,0.000000,69.858156
"_Z20recover_deleted_colsPiii",5,0,0,8,55614,1032256,16,0,0,1,1,0,0x0,0.000171,4.041303,482.926784,0,0.000000,15.771510,0.000000,0.000000,69.858156
"_Z20recover_deleted_colsPiii",6,0,0,9,55614,1032256,16,0,0,1,1,0,0x0,0.000172,4.039477,482.926784,0,0.000000,15.865567,0.000000,0.000000,69.858156
"_Z20recover_deleted_colsPiii",7,0,0,10,55614,1032256,16,0,0,1,1,0,0x0,0.000172,4.034891,482.926784,0,0.000000,15.821538,0.000000,0.000000,69.858156
"_Z20recover_deleted_colsPiii",8,0,0,11,55614,1032256,16,0,0,1,1,0,0x0,0.000167,4.143151,494.493892,0,0.000000,16.160668,0.000000,0.000000,86.403509
"_Z20recover_deleted_colsPiii",9,0,0,12,55614,1032256,16,0,0,1,1,0,0x0,0.000167,4.145769,494.493892,0,0.000000,16.211725,0.000000,0.000000,86.403509
"_Z20recover_deleted_colsPiii",10,0,0,13,55614,1032256,16,0,0,1,1,0,0x0,0.000167,4.142578,494.493892,0,0.000000,16.170202,0.000000,0.000000,86.403509
