kernel-name,dispatch,gpu-id,queue-id,queue-index,tid,grd,wgr,lds,scr,vgpr,sgpr,fbar,sig,time,VALUBusy,performance,LDSInsts,LDSBankConflict,L1MemoryBusy,L1MemoryStalled,L2WriteUnitStalled,L2CacheHit
"_Z19weighted_sum_kerneliPfS_S_S_",0,0,0,8,20554,3010560,256,0,0,1,1,0,0x0,0.000053,26.017699,2894.769231,0,0.000000,43.087906,3.052212,0.000000,96.399147
"_Z19weighted_sum_kerneliPfS_S_S_",1,0,0,10,20554,3010560,256,0,0,1,1,0,0x0,0.000056,24.575638,2688.000000,0,0.000000,40.772433,3.304058,0.000000,96.228925
"_Z19weighted_sum_kerneliPfS_S_S_",2,0,0,11,20554,3010560,256,0,0,1,1,0,0x0,0.000052,26.698794,2951.529412,0,0.000000,44.355718,3.149368,0.000000,96.399147
"_Z19weighted_sum_kerneliPfS_S_S_",3,0,0,12,20554,3010560,256,0,0,1,1,0,0x0,0.000055,25.225947,2787.555556,0,0.000000,41.857911,3.407791,0.000000,96.239401
"_Z19weighted_sum_kerneliPfS_S_S_",4,0,0,13,20554,3010560,256,0,0,1,1,0,0x0,0.000055,25.214985,2787.555556,0,0.000000,42.020401,3.279663,0.000000,96.237073
"_Z19weighted_sum_kerneliPfS_S_S_",5,0,0,14,20554,3010560,256,0,0,1,1,0,0x0,0.000055,25.056818,2736.872727,0,0.000000,40.964205,3.307955,0.000000,96.240565
"_Z19weighted_sum_kerneliPfS_S_S_",6,0,0,15,20554,3010560,256,0,0,1,1,0,0x0,0.000055,24.928775,2736.872727,0,0.000000,39.161353,3.254590,0.000000,96.254537
"_Z19weighted_sum_kerneliPfS_S_S_",7,0,0,16,20554,3010560,256,0,0,1,1,0,0x0,0.000055,25.080188,2787.555556,0,0.000000,39.532860,3.502411,0.000000,96.235909
"_Z19weighted_sum_kerneliPfS_S_S_",8,0,0,17,20554,3010560,256,0,0,1,1,0,0x0,0.000053,26.215670,2894.769231,0,0.000000,40.726132,3.147367,0.000000,96.399147
"_Z19weighted_sum_kerneliPfS_S_S_",9,0,0,18,20554,3010560,256,0,0,1,1,0,0x0,0.000053,26.145418,2894.769231,0,0.000000,40.337163,3.127964,0.000000,96.399147
"_Z19weighted_sum_kerneliPfS_S_S_",10,0,0,19,20554,3010560,256,0,0,1,1,0,0x0,0.000052,26.487123,2894.769231,0,0.000000,41.222011,3.203681,0.000000,96.399147
