kernel-name,dispatch,gpu-id,queue-id,queue-index,tid,grd,wgr,lds,scr,vgpr,sgpr,fbar,sig,time,VALUBusy,performance,LDSInsts,LDSBankConflict,L1MemoryBusy,L1MemoryStalled,L2WriteUnitStalled,L2CacheHit
"_Z19weighted_sum_kerneliPfS_S_S_",0,0,0,8,20430,2849280,32,0,0,1,1,0,0x0,0.000230,11.320210,1238.817391,0,0.000000,59.698969,4.417764,0.000000,93.744809
"_Z19weighted_sum_kerneliPfS_S_S_",1,0,0,10,20430,2849280,32,0,0,1,1,0,0x0,0.000234,11.159043,1222.866953,0,0.000000,58.909254,4.443899,0.000000,93.708522
"_Z19weighted_sum_kerneliPfS_S_S_",2,0,0,11,20430,2849280,32,0,0,1,1,0,0x0,0.000230,11.359739,1244.227074,0,0.000000,59.962141,4.440199,0.000000,93.744809
"_Z19weighted_sum_kerneliPfS_S_S_",3,0,0,12,20430,2849280,32,0,0,1,1,0,0x0,0.000232,11.228783,1228.137931,0,0.000000,59.251051,4.471874,0.000000,93.706156
"_Z19weighted_sum_kerneliPfS_S_S_",4,0,0,13,20430,2849280,32,0,0,1,1,0,0x0,0.000232,11.236492,1228.137931,0,0.000000,59.043172,4.476896,0.000000,93.708259
"_Z19weighted_sum_kerneliPfS_S_S_",5,0,0,14,20430,2849280,32,0,0,1,1,0,0x0,0.000236,11.030694,1207.322034,0,0.000000,52.966692,5.465529,0.000000,93.585933
"_Z19weighted_sum_kerneliPfS_S_S_",6,0,0,15,20430,2849280,32,0,0,1,1,0,0x0,0.000233,11.214573,1228.137931,0,0.000000,52.983567,4.371433,0.000000,93.744546
"_Z19weighted_sum_kerneliPfS_S_S_",7,0,0,16,20430,2849280,32,0,0,1,1,0,0x0,0.000233,11.212193,1228.137931,0,0.000000,53.770910,4.447671,0.000000,93.707996
"_Z19weighted_sum_kerneliPfS_S_S_",8,0,0,17,20430,2849280,32,0,0,1,1,0,0x0,0.000230,11.348774,1244.227074,0,0.000000,53.899301,4.434961,0.000000,93.744809
"_Z19weighted_sum_kerneliPfS_S_S_",9,0,0,18,20430,2849280,32,0,0,1,1,0,0x0,0.000230,11.350255,1244.227074,0,0.000000,53.686946,4.426090,0.000000,93.744809
"_Z19weighted_sum_kerneliPfS_S_S_",10,0,0,19,20430,2849280,32,0,0,1,1,0,0x0,0.000230,11.349546,1244.227074,0,0.000000,53.687668,4.436078,0.000000,93.744809
