kernel-name,dispatch,gpu-id,queue-id,queue-index,tid,grd,wgr,lds,scr,vgpr,sgpr,fbar,sig,time,VALUBusy,performance,LDSInsts,LDSBankConflict,L1MemoryBusy,L1MemoryStalled,L2WriteUnitStalled,L2CacheHit
"_Z16smooth_l1_kerneliPfS_S_S_",0,0,0,8,16606,4096576,16,0,0,1,1,0,0x0,0.000649,12.325019,1312.924203,0,0.000000,55.070599,9.016024,0.254168,75.003124
"_Z16smooth_l1_kerneliPfS_S_S_",1,0,0,10,16606,4096576,16,0,0,1,1,0,0x0,0.000653,12.261896,1306.883141,0,0.000000,54.907924,9.138354,0.264360,74.972459
"_Z16smooth_l1_kerneliPfS_S_S_",2,0,0,11,16606,4096576,16,0,0,1,1,0,0x0,0.000650,12.318034,1312.924203,0,0.000000,55.187015,9.248196,0.240553,74.975531
"_Z16smooth_l1_kerneliPfS_S_S_",3,0,0,12,16606,4096576,16,0,0,1,1,0,0x0,0.000653,12.258315,1306.883141,0,0.000000,55.007943,9.207310,0.234599,74.971654
"_Z16smooth_l1_kerneliPfS_S_S_",4,0,0,13,16606,4096576,16,0,0,1,1,0,0x0,0.000653,12.261579,1306.883141,0,0.000000,46.107664,9.241991,0.325652,74.971215
"_Z16smooth_l1_kerneliPfS_S_S_",5,0,0,14,16606,4096576,16,0,0,1,1,0,0x0,0.000653,12.247010,1304.881789,0,0.000000,45.772506,9.240673,0.331962,74.971727
"_Z16smooth_l1_kerneliPfS_S_S_",6,0,0,15,16606,4096576,16,0,0,1,1,0,0x0,0.000651,12.284865,1308.890642,0,0.000000,46.001119,9.023740,0.322432,74.998072
"_Z16smooth_l1_kerneliPfS_S_S_",7,0,0,16,16606,4096576,16,0,0,1,1,0,0x0,0.000648,12.338466,1314.950321,0,0.000000,46.077401,9.035113,0.349862,75.003124
"_Z16smooth_l1_kerneliPfS_S_S_",8,0,0,17,16606,4096576,16,0,0,1,1,0,0x0,0.000648,12.338038,1314.950321,0,0.000000,46.374958,9.037306,0.358524,75.003124
"_Z16smooth_l1_kerneliPfS_S_S_",9,0,0,18,16606,4096576,16,0,0,1,1,0,0x0,0.000648,12.338692,1314.950321,0,0.000000,46.291636,9.038339,0.342158,75.003124
"_Z16smooth_l1_kerneliPfS_S_S_",10,0,0,19,16606,4096576,16,0,0,1,1,0,0x0,0.000648,12.338525,1314.950321,0,0.000000,45.628102,9.039470,0.346008,75.003124
