kernel-name,dispatch,gpu-id,queue-id,queue-index,tid,grd,wgr,lds,scr,vgpr,sgpr,fbar,sig,time,VALUBusy,performance,LDSInsts,LDSBankConflict,L1MemoryBusy,L1MemoryStalled,L2WriteUnitStalled,L2CacheHit
"_Z12inter_kerneliPfiS_iS_",0,0,0,6,119894,1040384,128,0,0,1,1,0,0x0,0.000027,5.973066,561.801846,0,0.000000,0.070956,0.006451,0.000000,85.384615
"_Z12inter_kerneliPfiS_iS_",1,0,0,8,119894,1040384,128,0,0,1,1,0,0x0,0.000031,5.109430,471.188645,0,0.000000,0.360669,0.292949,0.000000,70.926518
"_Z12inter_kerneliPfiS_iS_",2,0,0,9,119894,1040384,128,0,0,1,1,0,0x0,0.000026,6.126988,584.273920,0,0.000000,0.132336,0.052934,0.000000,85.384615
"_Z12inter_kerneliPfiS_iS_",3,0,0,10,119894,1040384,128,0,0,1,1,0,0x0,0.000029,5.397396,503.684414,0,0.000000,0.360860,0.304691,0.000000,70.926518
"_Z12inter_kerneliPfiS_iS_",4,0,0,11,119894,1040384,128,0,0,1,1,0,0x0,0.000029,5.499152,521.673143,0,0.000000,0.378461,0.308275,0.000000,70.926518
"_Z12inter_kerneliPfiS_iS_",5,0,0,12,119894,1040384,128,0,0,1,1,0,0x0,0.000028,5.780789,540.994370,0,0.000000,0.379115,0.323496,0.000000,71.382637
"_Z12inter_kerneliPfiS_iS_",6,0,0,13,119894,1040384,128,0,0,1,1,0,0x0,0.000030,5.307511,503.684414,0,0.000000,0.364751,0.313685,0.000000,70.926518
"_Z12inter_kerneliPfiS_iS_",7,0,0,14,119894,1040384,128,0,0,1,1,0,0x0,0.000029,5.554571,521.673143,0,0.000000,0.560051,0.397544,0.000000,71.382637
"_Z12inter_kerneliPfiS_iS_",8,0,0,15,119894,1040384,128,0,0,1,1,0,0x0,0.000028,5.748036,540.994370,0,0.000000,0.214442,0.103835,0.000000,85.384615
"_Z12inter_kerneliPfiS_iS_",9,0,0,16,119894,1040384,128,0,0,1,1,0,0x0,0.000028,5.758565,540.994370,0,0.000000,0.113636,0.049186,0.000000,85.384615
"_Z12inter_kerneliPfiS_iS_",10,0,0,17,119894,1040384,128,0,0,1,1,0,0x0,0.000028,5.705024,540.994370,0,0.000000,0.222919,0.097457,0.000000,85.384615
