kernel-name,dispatch,gpu-id,queue-id,queue-index,tid,grd,wgr,lds,scr,vgpr,sgpr,fbar,sig,time,VALUBusy,performance,LDSInsts,LDSBankConflict,L1MemoryBusy,L1MemoryStalled,L2WriteUnitStalled,L2CacheHit
"_Z31lin2lin_resmpl_messy_gpu_kernelPfS_S_S_S_iiiiifiiiiiiPiS0_S_S0_S0_S_",0,0,0,22,17780,4145152,64,0,0,9,6,0,0x0,0.000168,1.510210,198.606180,0,0.000000,0.022473,0.003077,0.000000,76.838235
"_Z31lin2lin_resmpl_messy_gpu_kernelPfS_S_S_S_iiiiifiiiiiiPiS0_S_S0_S0_S_",1,0,0,24,17780,4145152,64,0,0,9,6,0,0x0,0.000173,1.460253,191.718104,0,0.000000,0.021730,0.053738,0.000000,63.719512
"_Z31lin2lin_resmpl_messy_gpu_kernelPfS_S_S_S_iiiiifiiiiiiPiS0_S_S0_S0_S_",2,0,0,25,17780,4145152,64,0,0,9,6,0,0x0,0.000168,1.509810,198.606180,0,0.000000,0.022467,0.009975,0.000000,76.838235
"_Z31lin2lin_resmpl_messy_gpu_kernelPfS_S_S_S_iiiiifiiiiiiPiS0_S_S0_S0_S_",3,0,0,26,17780,4145152,64,0,0,9,6,0,0x0,0.000171,1.478225,193.960421,0,0.000000,0.021997,0.053031,0.000000,63.719512
"_Z31lin2lin_resmpl_messy_gpu_kernelPfS_S_S_S_iiiiifiiiiiiPiS0_S_S0_S0_S_",4,0,0,27,17780,4145152,64,0,0,9,6,0,0x0,0.000171,1.478306,193.960421,0,0.000000,0.021998,0.053855,0.000000,63.719512
"_Z31lin2lin_resmpl_messy_gpu_kernelPfS_S_S_S_iiiiifiiiiiiPiS0_S_S0_S0_S_",5,0,0,28,17780,4145152,64,0,0,9,6,0,0x0,0.000172,1.472885,193.960421,0,0.000000,0.021918,0.056659,0.000000,63.719512
"_Z31lin2lin_resmpl_messy_gpu_kernelPfS_S_S_S_iiiiifiiiiiiPiS0_S_S0_S0_S_",6,0,0,29,17780,4145152,64,0,0,9,6,0,0x0,0.000172,1.474607,193.960421,0,0.000000,0.021943,0.055086,0.000000,63.719512
"_Z31lin2lin_resmpl_messy_gpu_kernelPfS_S_S_S_iiiiifiiiiiiPiS0_S_S0_S0_S_",7,0,0,30,17780,4145152,64,0,0,9,6,0,0x0,0.000172,1.473619,193.960421,0,0.000000,0.021929,0.056414,0.000000,63.719512
"_Z31lin2lin_resmpl_messy_gpu_kernelPfS_S_S_S_iiiiifiiiiiiPiS0_S_S0_S0_S_",8,0,0,31,17780,4145152,64,0,0,9,6,0,0x0,0.000168,1.509489,198.606180,0,0.000000,0.022462,0.009507,0.000000,76.838235
"_Z31lin2lin_resmpl_messy_gpu_kernelPfS_S_S_S_iiiiifiiiiiiPiS0_S_S0_S0_S_",9,0,0,32,17780,4145152,64,0,0,9,6,0,0x0,0.000168,1.509174,198.606180,0,0.000000,0.022458,0.009785,0.000000,77.121771
"_Z31lin2lin_resmpl_messy_gpu_kernelPfS_S_S_S_iiiiifiiiiiiPiS0_S_S0_S0_S_",10,0,0,33,17780,4145152,64,0,0,9,6,0,0x0,0.000168,1.509101,198.606180,0,0.000000,0.022457,0.009877,0.000000,76.838235
