kernel-name,dispatch,gpu-id,queue-id,queue-index,tid,grd,wgr,lds,scr,vgpr,sgpr,fbar,sig,time,VALUBusy,performance,LDSInsts,LDSBankConflict,L1MemoryBusy,L1MemoryStalled,L2WriteUnitStalled,L2CacheHit
"_Z20fast_variance_kernelPfS_iiiS_",0,0,0,6,9637,4145152,128,2048,0,4,3,0,0x0,0.000714,81.672625,10508.018375,8484608,0.000000,15.419837,2.037408,0.000000,99.680233
"_Z20fast_variance_kernelPfS_iiiS_",1,0,0,8,9637,4145152,128,2048,0,4,3,0,0x0,0.000721,80.856658,10405.998779,8484608,0.000000,15.409633,2.092250,0.000000,99.520916
"_Z20fast_variance_kernelPfS_iiiS_",2,0,0,9,9637,4145152,128,2048,0,4,3,0,0x0,0.000717,81.388943,10478.666369,8484608,0.000000,15.456056,2.244017,0.000000,99.466014
"_Z20fast_variance_kernelPfS_iiiS_",3,0,0,10,9637,4145152,128,2048,0,4,3,0,0x0,0.000719,81.059733,10434.944534,8484608,0.000000,15.364327,2.210920,0.000000,99.458814
"_Z20fast_variance_kernelPfS_iiiS_",4,0,0,11,9637,4145152,128,2048,0,4,3,0,0x0,0.000717,81.376379,10478.666369,8484608,0.000000,15.517555,2.253853,0.000000,99.461010
"_Z20fast_variance_kernelPfS_iiiS_",5,0,0,12,9637,4145152,128,2048,0,4,3,0,0x0,0.000720,81.048960,10434.944534,8484608,0.000000,15.380874,2.232950,0.000000,99.465818
"_Z20fast_variance_kernelPfS_iiiS_",6,0,0,13,9637,4145152,128,2048,0,4,3,0,0x0,0.000715,81.554053,10493.321846,8484608,0.000000,15.379729,2.033380,0.000000,99.679539
"_Z20fast_variance_kernelPfS_iiiS_",7,0,0,14,9637,4145152,128,2048,0,4,3,0,0x0,0.000715,81.578368,10508.018375,8484608,0.000000,15.399877,2.037942,0.000000,99.680308
"_Z20fast_variance_kernelPfS_iiiS_",8,0,0,15,9637,4145152,128,2048,0,4,3,0,0x0,0.000715,81.589068,10508.018375,8484608,0.000000,15.381151,2.036701,0.000000,99.680114
"_Z20fast_variance_kernelPfS_iiiS_",9,0,0,16,9637,4145152,128,2048,0,4,3,0,0x0,0.000715,81.567242,10508.018375,8484608,0.000000,15.370437,2.034911,0.000000,99.680158
"_Z20fast_variance_kernelPfS_iiiS_",10,0,0,17,9637,4145152,128,2048,0,4,3,0,0x0,0.000715,81.554053,10493.321846,8484608,0.000000,15.400881,2.034669,0.000000,99.680448
