kernel-name,dispatch,gpu-id,queue-id,queue-index,tid,grd,wgr,lds,scr,vgpr,sgpr,fbar,sig,time,VALUBusy,performance,LDSInsts,LDSBankConflict,L1MemoryBusy,L1MemoryStalled,L2WriteUnitStalled,L2CacheHit
"matrix_sqrt",0,0,0,4,105763,4145152,128,0,0,2,1,0,0x0,0.000087,1.492500,192.041195,0,0.000000,0.056125,0.003932,0.000000,86.122449
"matrix_sqrt",1,0,0,6,105763,4145152,128,0,0,2,1,0,0x0,0.000092,1.410873,181.604174,0,0.000000,0.150212,0.100873,0.000000,65.937500
"matrix_sqrt",2,0,0,7,105763,4145152,128,0,0,2,1,0,0x0,0.000087,1.499964,194.274233,0,0.000000,0.057124,0.003952,0.000000,86.122449
"matrix_sqrt",3,0,0,8,105763,4145152,128,0,0,2,1,0,0x0,0.000091,1.434501,185.639822,0,0.000000,0.156850,0.100329,0.000000,65.937500
"matrix_sqrt",4,0,0,9,105763,4145152,128,0,0,2,1,0,0x0,0.000090,1.448406,185.639822,0,0.000000,0.156289,0.105638,0.000000,65.937500
"matrix_sqrt",5,0,0,10,105763,4145152,128,0,0,2,1,0,0x0,0.000089,1.462060,187.725663,0,0.000000,0.158463,0.107334,0.000000,65.937500
"matrix_sqrt",6,0,0,11,105763,4145152,128,0,0,2,1,0,0x0,0.000091,1.430735,183.599824,0,0.000000,0.156953,0.106920,0.000000,65.937500
"matrix_sqrt",7,0,0,12,105763,4145152,128,0,0,2,1,0,0x0,0.000091,1.432326,183.599824,0,0.000000,0.156269,0.106181,0.000000,65.937500
"matrix_sqrt",8,0,0,13,105763,4145152,128,0,0,2,1,0,0x0,0.000088,1.480014,189.858909,0,0.000000,0.055656,0.003899,0.000000,86.122449
"matrix_sqrt",9,0,0,14,105763,4145152,128,0,0,2,1,0,0x0,0.000087,1.502490,194.274233,0,0.000000,0.056501,0.003959,0.000000,86.122449
"matrix_sqrt",10,0,0,15,105763,4145152,128,0,0,2,1,0,0x0,0.000088,1.488923,192.041195,0,0.000000,0.055991,0.003923,0.000000,86.122449
