kernel-name,dispatch,gpu-id,queue-id,queue-index,tid,grd,wgr,lds,scr,vgpr,sgpr,fbar,sig,time,VALUBusy,performance,LDSInsts,LDSBankConflict,L1MemoryBusy,L1MemoryStalled,L2WriteUnitStalled,L2CacheHit
"rsub_double",0,0,0,6,4025,1655808,192,0,0,1,1,0,0x0,0.000038,14.675500,1253.043892,0,0.000000,50.787941,6.212769,0.000000,98.680682
"rsub_double",1,0,0,8,4025,1655808,192,0,0,1,1,0,0x0,0.000041,13.563781,1159.065600,0,0.000000,47.649006,5.954505,0.000000,98.387743
"rsub_double",2,0,0,9,4025,1655808,192,0,0,1,1,0,0x0,0.000033,16.874751,1448.832000,0,0.000000,57.515701,5.725481,0.000000,98.690723
"rsub_double",3,0,0,10,4025,1655808,192,0,0,1,1,0,0x0,0.000035,15.836850,1324.646400,0,0.000000,54.324928,5.777997,0.000000,98.406089
"rsub_double",4,0,0,11,4025,1655808,192,0,0,1,1,0,0x0,0.000035,15.913930,1363.606588,0,0.000000,55.047419,5.996242,0.000000,98.377771
"rsub_double",5,0,0,12,4025,1655808,192,0,0,1,1,0,0x0,0.000034,16.442345,1404.928000,0,0.000000,56.421361,6.284087,0.000000,98.407736
"rsub_double",6,0,0,13,4025,1655808,192,0,0,1,1,0,0x0,0.000035,15.803924,1324.646400,0,0.000000,54.455432,6.123609,0.000000,98.398249
"rsub_double",7,0,0,14,4025,1655808,192,0,0,1,1,0,0x0,0.000034,16.301598,1363.606588,0,0.000000,57.350246,6.716035,0.000000,98.361718
"rsub_double",8,0,0,15,4025,1655808,192,0,0,1,1,0,0x0,0.000034,16.401107,1404.928000,0,0.000000,57.527432,6.564776,0.000000,98.433558
"rsub_double",9,0,0,16,4025,1655808,192,0,0,1,1,0,0x0,0.000033,16.604432,1404.928000,0,0.000000,56.993428,5.637964,0.000000,98.678592
"rsub_double",10,0,0,17,4025,1655808,192,0,0,1,1,0,0x0,0.000033,16.626783,1404.928000,0,0.000000,56.697639,5.720802,0.000000,98.685441
