kernel-name,dispatch,gpu-id,queue-id,queue-index,tid,grd,wgr,lds,scr,vgpr,sgpr,fbar,sig,time,VALUBusy,performance,LDSInsts,LDSBankConflict,L1MemoryBusy,L1MemoryStalled,L2WriteUnitStalled,L2CacheHit
"_Z9downscalePfS_liiii",0,0,0,4,82061,57600,64,0,0,3,2,0,0x0,0.000010,1.305958,129.664000,0,0.000000,0.657075,0.176968,0.000000,83.870968
"_Z9downscalePfS_liiii",1,0,0,6,82061,57600,64,0,0,3,2,0,0x0,0.000014,0.889668,89.767385,0,0.000000,0.447625,0.120557,0.000000,66.288952
"_Z9downscalePfS_liiii",2,0,0,7,82061,57600,64,0,0,3,2,0,0x0,0.000010,1.250549,129.664000,0,0.000000,0.629197,0.069039,0.000000,83.870968
"_Z9downscalePfS_liiii",3,0,0,8,82061,57600,64,0,0,3,2,0,0x0,0.000012,1.079887,106.088727,0,0.000000,0.543331,0.146334,0.000000,66.288952
"_Z9downscalePfS_liiii",4,0,0,9,82061,57600,64,0,0,3,2,0,0x0,0.000011,1.086719,106.088727,0,0.000000,0.546768,0.147259,0.000000,66.288952
"_Z9downscalePfS_liiii",5,0,0,10,82061,57600,64,0,0,3,2,0,0x0,0.000012,1.061817,106.088727,0,0.000000,0.534239,0.143885,0.000000,66.288952
"_Z9downscalePfS_liiii",6,0,0,11,82061,57600,64,0,0,3,2,0,0x0,0.000012,1.005907,97.248000,0,0.000000,0.506109,0.136309,0.000000,66.288952
"_Z9downscalePfS_liiii",7,0,0,12,82061,57600,64,0,0,3,2,0,0x0,0.000012,1.032437,97.248000,0,0.000000,0.519457,0.139904,0.000000,66.288952
"_Z9downscalePfS_liiii",8,0,0,13,82061,57600,64,0,0,3,2,0,0x0,0.000012,1.012192,97.248000,0,0.000000,0.509271,0.137160,0.000000,66.288952
"_Z9downscalePfS_liiii",9,0,0,14,82061,57600,64,0,0,3,2,0,0x0,0.000009,1.392091,145.872000,0,0.000000,0.700412,0.076853,0.000000,83.870968
"_Z9downscalePfS_liiii",10,0,0,15,82061,57600,64,0,0,3,2,0,0x0,0.000010,1.285152,129.664000,0,0.000000,0.646607,0.070949,0.000000,83.870968
