kernel-name,dispatch,gpu-id,queue-id,queue-index,tid,grd,wgr,lds,scr,vgpr,sgpr,fbar,sig,time,VALUBusy,performance,LDSInsts,LDSBankConflict,L1MemoryBusy,L1MemoryStalled,L2WriteUnitStalled,L2CacheHit
"_Z12weightUpdatePfS_S_",0,0,0,6,9722,1576960,128,0,0,1,1,0,0x0,0.000052,15.890909,1607.880784,0,0.000000,37.540606,3.539091,0.000000,99.529024
"_Z12weightUpdatePfS_S_",1,0,0,8,9722,1576960,128,0,0,1,1,0,0x0,0.000047,17.277040,1744.721702,0,0.000000,40.130348,4.177650,0.000000,99.527096
"_Z12weightUpdatePfS_S_",2,0,0,9,9722,1576960,128,0,0,1,1,0,0x0,0.000041,19.882103,2000.046829,0,0.000000,47.412119,4.777889,0.000000,99.578316
"_Z12weightUpdatePfS_S_",3,0,0,10,9722,1576960,128,0,0,1,1,0,0x0,0.000044,18.451046,1863.680000,0,0.000000,45.560807,5.096003,0.000000,99.527673
"_Z12weightUpdatePfS_S_",4,0,0,11,9722,1576960,128,0,0,1,1,0,0x0,0.000043,19.227220,1952.426667,0,0.000000,48.877864,5.641504,0.000000,99.526856
"_Z12weightUpdatePfS_S_",5,0,0,12,9722,1576960,128,0,0,1,1,0,0x0,0.000043,18.959206,1907.021395,0,0.000000,50.292423,5.850995,0.000000,99.530189
"_Z12weightUpdatePfS_S_",6,0,0,13,9722,1576960,128,0,0,1,1,0,0x0,0.000042,19.396037,1952.426667,0,0.000000,50.839073,5.874620,0.000000,99.525965
"_Z12weightUpdatePfS_S_",7,0,0,14,9722,1576960,128,0,0,1,1,0,0x0,0.000041,19.758968,2000.046829,0,0.000000,47.999548,5.023375,0.000000,99.529893
"_Z12weightUpdatePfS_S_",8,0,0,15,9722,1576960,128,0,0,1,1,0,0x0,0.000042,19.383965,1952.426667,0,0.000000,47.473481,4.935792,0.000000,99.525271
"_Z12weightUpdatePfS_S_",9,0,0,16,9722,1576960,128,0,0,1,1,0,0x0,0.000039,21.088857,2157.945263,0,0.000000,53.896099,6.298807,0.000000,99.578145
"_Z12weightUpdatePfS_S_",10,0,0,17,9722,1576960,128,0,0,1,1,0,0x0,0.000039,20.937380,2102.613333,0,0.000000,49.706456,5.229084,0.000000,99.578383
