kernel-name,dispatch,gpu-id,queue-id,queue-index,tid,grd,wgr,lds,scr,vgpr,sgpr,fbar,sig,time,VALUBusy,performance,LDSInsts,LDSBankConflict,L1MemoryBusy,L1MemoryStalled,L2WriteUnitStalled,L2CacheHit
"_Z11MultiplyAddPfS_ii",0,0,0,4,70609,652288,64,0,0,1,1,0,0x0,0.000033,1.440312,191.100000,0,0.000000,3.749119,1.235743,0.971077,72.817150
"_Z11MultiplyAddPfS_ii",1,0,0,6,70609,652288,64,0,0,1,1,0,0x0,0.000036,1.308082,169.866667,0,0.000000,8.250761,1.424483,0.000000,72.510174
"_Z11MultiplyAddPfS_ii",2,0,0,7,70609,652288,64,0,0,1,1,0,0x0,0.000032,1.473101,191.100000,0,0.000000,3.834469,1.263875,0.155794,72.817150
"_Z11MultiplyAddPfS_ii",3,0,0,8,70609,652288,64,0,0,1,1,0,0x0,0.000034,1.394252,185.309091,0,0.000000,9.117761,1.476850,0.165886,72.510174
"_Z11MultiplyAddPfS_ii",4,0,0,9,70609,652288,64,0,0,1,1,0,0x0,0.000034,1.396337,185.309091,0,0.000000,9.342754,1.557972,0.147675,72.506640
"_Z11MultiplyAddPfS_ii",5,0,0,10,70609,652288,64,0,0,1,1,0,0x0,0.000034,1.389591,179.858824,0,0.000000,9.240209,1.494415,0.385774,72.520777
"_Z11MultiplyAddPfS_ii",6,0,0,11,70609,652288,64,0,0,1,1,0,0x0,0.000034,1.377771,179.858824,0,0.000000,10.247163,1.443910,1.748538,72.523428
"_Z11MultiplyAddPfS_ii",7,0,0,12,70609,652288,64,0,0,1,1,0,0x0,0.000034,1.376943,179.858824,0,0.000000,10.203236,1.489916,1.328819,72.519893
"_Z11MultiplyAddPfS_ii",8,0,0,13,70609,652288,64,0,0,1,1,0,0x0,0.000032,1.464800,191.100000,0,0.000000,3.812862,1.256753,2.052633,72.817150
"_Z11MultiplyAddPfS_ii",9,0,0,14,70609,652288,64,0,0,1,1,0,0x0,0.000032,1.458671,191.100000,0,0.000000,3.796907,1.251494,3.085348,72.817150
"_Z11MultiplyAddPfS_ii",10,0,0,15,70609,652288,64,0,0,1,1,0,0x0,0.000032,1.459966,191.100000,0,0.000000,3.800278,1.252606,1.814252,72.817150
