kernel-name,dispatch,gpu-id,queue-id,queue-index,tid,grd,wgr,lds,scr,vgpr,sgpr,fbar,sig,time,VALUBusy,performance,LDSInsts,LDSBankConflict,L1MemoryBusy,L1MemoryStalled,L2WriteUnitStalled,L2CacheHit
"_Z6Fprop2PKfS0_Pf",0,0,0,6,123831,1517824,256,0,0,6,2,0,0x0,0.000507,83.779787,9436.254927,0,0.000000,72.276642,0.706880,0.000000,98.720154
"_Z6Fprop2PKfS0_Pf",1,0,0,8,123831,1517824,256,0,0,6,2,0,0x0,0.000503,84.376228,9511.294728,0,0.000000,73.131237,0.816971,0.000000,98.475634
"_Z6Fprop2PKfS0_Pf",2,0,0,9,123831,1517824,256,0,0,6,2,0,0x0,0.000504,84.318514,9511.294728,0,0.000000,72.562312,0.720200,0.000000,98.648649
"_Z6Fprop2PKfS0_Pf",3,0,0,10,123831,1517824,256,0,0,6,2,0,0x0,0.000510,83.337555,9399.177305,0,0.000000,72.179313,0.821137,0.000000,98.584170
"_Z6Fprop2PKfS0_Pf",4,0,0,11,123831,1517824,256,0,0,6,2,0,0x0,0.000509,83.490926,9417.679622,0,0.000000,72.169041,0.811535,0.000000,98.594273
"_Z6Fprop2PKfS0_Pf",5,0,0,12,123831,1517824,256,0,0,6,2,0,0x0,0.000514,82.682341,9325.889372,0,0.000000,71.783072,0.965681,0.000000,98.307518
"_Z6Fprop2PKfS0_Pf",6,0,0,13,123831,1517824,256,0,0,6,2,0,0x0,0.000510,83.234393,9380.747545,0,0.000000,71.621673,0.687581,0.000000,98.681476
"_Z6Fprop2PKfS0_Pf",7,0,0,14,123831,1517824,256,0,0,6,2,0,0x0,0.000510,83.217268,9380.747545,0,0.000000,71.538217,0.689124,0.000000,98.699807
"_Z6Fprop2PKfS0_Pf",8,0,0,15,123831,1517824,256,0,0,6,2,0,0x0,0.000511,83.144066,9380.747545,0,0.000000,71.652225,0.685366,0.000000,98.708621
"_Z6Fprop2PKfS0_Pf",9,0,0,16,123831,1517824,256,0,0,6,2,0,0x0,0.000511,83.099153,9362.389918,0,0.000000,71.659746,0.687656,0.000000,98.700583
"_Z6Fprop2PKfS0_Pf",10,0,0,17,123831,1517824,256,0,0,6,2,0,0x0,0.000510,83.240831,9380.747545,0,0.000000,71.873308,0.700281,0.000000,98.715900
