kernel-name,dispatch,gpu-id,queue-id,queue-index,tid,grd,wgr,lds,scr,vgpr,sgpr,fbar,sig,time,VALUBusy,performance,LDSInsts,LDSBankConflict,L1MemoryBusy,L1MemoryStalled,L2WriteUnitStalled,L2CacheHit
"matrix_exp",0,0,0,4,119903,2849280,32,0,0,2,1,0,0x0,0.000228,0.792511,100.956632,0,0.000000,0.449421,0.039134,0.000000,85.200000
"matrix_exp",1,0,0,6,119903,2849280,32,0,0,2,1,0,0x0,0.000232,0.779064,99.216000,0,0.000000,0.480935,0.077611,0.000000,65.538462
"matrix_exp",2,0,0,7,119903,2849280,32,0,0,2,1,0,0x0,0.000228,0.792496,100.956632,0,0.000000,0.453243,0.039885,0.000000,85.200000
"matrix_exp",3,0,0,8,119903,2849280,32,0,0,2,1,0,0x0,0.000230,0.786397,100.078748,0,0.000000,0.485597,0.078478,0.000000,65.538462
"matrix_exp",4,0,0,9,119903,2849280,32,0,0,2,1,0,0x0,0.000230,0.785543,100.078748,0,0.000000,0.437940,0.043672,0.000000,66.060606
"matrix_exp",5,0,0,10,119903,2849280,32,0,0,2,1,0,0x0,0.000231,0.785237,100.078748,0,0.000000,0.487118,0.080599,0.000000,65.538462
"matrix_exp",6,0,0,11,119903,2849280,32,0,0,2,1,0,0x0,0.000231,0.785130,100.078748,0,0.000000,0.436828,0.042768,0.000000,66.060606
"matrix_exp",7,0,0,12,119903,2849280,32,0,0,2,1,0,0x0,0.000231,0.785152,100.078748,0,0.000000,0.436433,0.042362,0.000000,66.060606
"matrix_exp",8,0,0,13,119903,2849280,32,0,0,2,1,0,0x0,0.000229,0.791884,100.956632,0,0.000000,0.452894,0.039855,0.000000,85.200000
"matrix_exp",9,0,0,14,119903,2849280,32,0,0,2,1,0,0x0,0.000229,0.791742,100.956632,0,0.000000,0.441053,0.043675,0.000000,85.490196
"matrix_exp",10,0,0,15,119903,2849280,32,0,0,2,1,0,0x0,0.000229,0.791858,100.956632,0,0.000000,0.440708,0.043271,0.000000,85.490196
