kernel-name,dispatch,gpu-id,queue-id,queue-index,tid,grd,wgr,lds,scr,vgpr,sgpr,fbar,sig,time,VALUBusy,performance,LDSInsts,LDSBankConflict,L1MemoryBusy,L1MemoryStalled,L2WriteUnitStalled,L2CacheHit
"_Z12_A_mul_Bs_64iiPdS_PiS0_S_",0,0,0,10,58090,2903040,192,0,0,5,4,0,0x0,0.000059,1.515764,198.573559,0,0.000000,0.449776,0.026177,0.000000,82.743363
"_Z12_A_mul_Bs_64iiPdS_PiS0_S_",1,0,0,12,58090,2903040,192,0,0,5,4,0,0x0,0.000064,1.394265,183.060000,0,0.000000,0.385996,0.240548,0.000000,68.070175
"_Z12_A_mul_Bs_64iiPdS_PiS0_S_",2,0,0,13,58090,2903040,192,0,0,5,4,0,0x0,0.000055,1.641968,216.960000,0,0.000000,0.454285,0.046402,0.000000,83.261803
"_Z12_A_mul_Bs_64iiPdS_PiS0_S_",3,0,0,14,58090,2903040,192,0,0,5,4,0,0x0,0.000052,1.721494,225.304615,0,0.000000,0.475086,0.298806,0.000000,68.070175
"_Z12_A_mul_Bs_64iiPdS_PiS0_S_",4,0,0,15,58090,2903040,192,0,0,5,4,0,0x0,0.000054,1.657214,216.960000,0,0.000000,0.457925,0.271749,0.000000,68.070175
"_Z12_A_mul_Bs_64iiPdS_PiS0_S_",5,0,0,16,58090,2903040,192,0,0,5,4,0,0x0,0.000055,1.635111,216.960000,0,0.000000,0.453244,0.278963,0.000000,68.070175
"_Z12_A_mul_Bs_64iiPdS_PiS0_S_",6,0,0,17,58090,2903040,192,0,0,5,4,0,0x0,0.000052,1.706408,225.304615,0,0.000000,0.471816,0.309583,0.000000,68.070175
"_Z12_A_mul_Bs_64iiPdS_PiS0_S_",7,0,0,18,58090,2903040,192,0,0,5,4,0,0x0,0.000053,1.702596,225.304615,0,0.000000,0.470465,0.312455,0.000000,68.070175
"_Z12_A_mul_Bs_64iiPdS_PiS0_S_",8,0,0,19,58090,2903040,192,0,0,5,4,0,0x0,0.000050,1.783073,234.316800,0,0.000000,0.491148,0.048213,0.000000,83.261803
"_Z12_A_mul_Bs_64iiPdS_PiS0_S_",9,0,0,20,58090,2903040,192,0,0,5,4,0,0x0,0.000050,1.773936,234.316800,0,0.000000,0.488321,0.047656,0.000000,82.819383
"_Z12_A_mul_Bs_64iiPdS_PiS0_S_",10,0,0,21,58090,2903040,192,0,0,5,4,0,0x0,0.000050,1.787343,234.316800,0,0.000000,0.493883,0.049887,0.000000,83.261803
