kernel-name,dispatch,gpu-id,queue-id,queue-index,tid,grd,wgr,lds,scr,vgpr,sgpr,fbar,sig,time,VALUBusy,performance,LDSInsts,LDSBankConflict,L1MemoryBusy,L1MemoryStalled,L2WriteUnitStalled,L2CacheHit
"_Z7kernel1iPi",0,0,0,2,89169,246016,16,0,0,1,1,0,0x0,0.158081,11.684267,1531.486951,0,0.000000,99.799567,0.003926,0.000882,99.998373
"_Z7kernel1iPi",1,0,0,4,89169,246016,16,0,0,1,1,0,0x0,0.158083,11.684081,1531.457887,0,0.000000,99.796817,0.002672,0.001119,99.998362
"_Z7kernel1iPi",2,0,0,5,89169,246016,16,0,0,1,1,0,0x0,0.158080,11.684312,1531.486951,0,0.000000,99.800213,0.004482,0.001083,99.998373
"_Z7kernel1iPi",3,0,0,6,89169,246016,16,0,0,1,1,0,0x0,0.158084,11.684055,1531.457887,0,0.000000,99.797683,0.003993,0.000874,99.998373
"_Z7kernel1iPi",4,0,0,7,89169,246016,16,0,0,1,1,0,0x0,0.158084,11.684047,1531.457887,0,0.000000,99.798141,0.004237,0.000767,99.998373
"_Z7kernel1iPi",5,0,0,8,89169,246016,16,0,0,1,1,0,0x0,0.158088,11.683713,1531.409450,0,0.000000,99.795916,0.004875,0.000803,99.998373
"_Z7kernel1iPi",6,0,0,9,89169,246016,16,0,0,1,1,0,0x0,0.158083,11.684108,1531.467575,0,0.000000,99.798169,0.004167,0.000134,99.998373
"_Z7kernel1iPi",7,0,0,10,89169,246016,16,0,0,1,1,0,0x0,0.158084,11.684033,1531.457887,0,0.000000,99.798071,0.004934,0.000826,99.998373
"_Z7kernel1iPi",8,0,0,11,89169,246016,16,0,0,1,1,0,0x0,0.158084,11.684009,1531.448199,0,0.000000,99.797103,0.004138,0.000917,99.998373
"_Z7kernel1iPi",9,0,0,12,89169,246016,16,0,0,1,1,0,0x0,0.158081,11.684277,1531.486951,0,0.000000,99.799678,0.004071,0.000822,99.998373
"_Z7kernel1iPi",10,0,0,13,89169,246016,16,0,0,1,1,0,0x0,0.158083,11.684093,1531.457887,0,0.000000,99.798474,0.004616,0.000929,99.998373
