kernel-name,dispatch,gpu-id,queue-id,queue-index,tid,grd,wgr,lds,scr,vgpr,sgpr,fbar,sig,time,VALUBusy,performance,LDSInsts,LDSBankConflict,L1MemoryBusy,L1MemoryStalled,L2WriteUnitStalled,L2CacheHit
"_Z15subtract_kernelPfS_S_",0,0,0,6,128946,1032256,64,0,0,1,1,0,0x0,0.000046,2.070794,275.268267,0,0.000000,0.000000,0.000000,0.000000,85.185185
"_Z15subtract_kernelPfS_S_",1,0,0,8,128946,1032256,64,0,0,1,1,0,0x0,0.000050,1.901359,252.797388,0,0.000000,0.000000,0.000000,0.000000,84.792627
"_Z15subtract_kernelPfS_S_",2,0,0,9,128946,1032256,64,0,0,1,1,0,0x0,0.000046,2.064066,275.268267,0,0.000000,0.000000,0.000000,0.000000,85.185185
"_Z15subtract_kernelPfS_S_",3,0,0,10,128946,1032256,64,0,0,1,1,0,0x0,0.000048,1.985339,263.554723,0,0.000000,0.000000,0.000000,0.000000,84.792627
"_Z15subtract_kernelPfS_S_",4,0,0,11,128946,1032256,64,0,0,1,1,0,0x0,0.000047,1.989754,263.554723,0,0.000000,0.000000,0.000000,0.000000,84.792627
"_Z15subtract_kernelPfS_S_",5,0,0,12,128946,1032256,64,0,0,1,1,0,0x0,0.000048,1.979362,263.554723,0,0.000000,0.000000,0.000000,0.000000,84.792627
"_Z15subtract_kernelPfS_S_",6,0,0,13,128946,1032256,64,0,0,1,1,0,0x0,0.000048,1.974477,263.554723,0,0.000000,0.000000,0.000000,0.000000,84.792627
"_Z15subtract_kernelPfS_S_",7,0,0,14,128946,1032256,64,0,0,1,1,0,0x0,0.000048,1.971285,263.554723,0,0.000000,0.000000,0.000000,0.000000,84.792627
"_Z15subtract_kernelPfS_S_",8,0,0,15,128946,1032256,64,0,0,1,1,0,0x0,0.000048,1.974270,263.554723,0,0.000000,0.000000,0.000000,0.000000,84.792627
"_Z15subtract_kernelPfS_S_",9,0,0,16,128946,1032256,64,0,0,1,1,0,0x0,0.000046,2.058587,275.268267,0,0.000000,0.000000,0.000000,0.000000,85.185185
"_Z15subtract_kernelPfS_S_",10,0,0,17,128946,1032256,64,0,0,1,1,0,0x0,0.000046,2.058895,275.268267,0,0.000000,0.000000,0.000000,0.000000,85.185185
