kernel-name,dispatch,gpu-id,queue-id,queue-index,tid,grd,wgr,lds,scr,vgpr,sgpr,fbar,sig,time,VALUBusy,performance,LDSInsts,LDSBankConflict,L1MemoryBusy,L1MemoryStalled,L2WriteUnitStalled,L2CacheHit
"_Z9addKernelPiPKiS1_",0,0,0,6,129001,1040384,256,0,0,0,0,0,0x0,0.000019,1.703612,231.196444,0,0.000000,27.902512,4.767933,0.000000,99.957504
"_Z9addKernelPiPKiS1_",1,0,0,8,129001,1040384,256,0,0,0,0,0,0x0,0.000024,1.321540,173.397333,0,0.000000,24.563606,4.055021,0.000000,98.793952
"_Z9addKernelPiPKiS1_",2,0,0,9,129001,1040384,256,0,0,0,0,0,0x0,0.000019,1.704984,231.196444,0,0.000000,28.735526,4.936231,0.000000,99.957504
"_Z9addKernelPiPKiS1_",3,0,0,10,129001,1040384,256,0,0,0,0,0,0x0,0.000022,1.436367,189.160727,0,0.000000,26.220064,4.480872,0.000000,98.793952
"_Z9addKernelPiPKiS1_",4,0,0,11,129001,1040384,256,0,0,0,0,0,0x0,0.000022,1.461492,198.168381,0,0.000000,26.197532,4.517535,0.000000,98.776171
"_Z9addKernelPiPKiS1_",5,0,0,12,129001,1040384,256,0,0,0,0,0,0x0,0.000022,1.442035,189.160727,0,0.000000,26.744351,4.507068,0.000000,98.788024
"_Z9addKernelPiPKiS1_",6,0,0,13,129001,1040384,256,0,0,0,0,0,0x0,0.000022,1.426045,189.160727,0,0.000000,25.769868,4.398142,0.000000,98.793952
"_Z9addKernelPiPKiS1_",7,0,0,14,129001,1040384,256,0,0,0,0,0,0x0,0.000022,1.426726,189.160727,0,0.000000,26.124810,4.253497,0.000000,98.782097
"_Z9addKernelPiPKiS1_",8,0,0,15,129001,1040384,256,0,0,0,0,0,0x0,0.000023,1.409780,189.160727,0,0.000000,26.073292,4.212688,0.000000,98.793952
"_Z9addKernelPiPKiS1_",9,0,0,16,129001,1040384,256,0,0,0,0,0,0x0,0.000019,1.677287,231.196444,0,0.000000,27.984779,4.938588,0.000000,99.957504
"_Z9addKernelPiPKiS1_",10,0,0,17,129001,1040384,256,0,0,0,0,0,0x0,0.000019,1.686195,231.196444,0,0.000000,28.024695,4.997179,0.000000,99.957504
