kernel-name,dispatch,gpu-id,queue-id,queue-index,tid,grd,wgr,lds,scr,vgpr,sgpr,fbar,sig,time,VALUBusy,performance,LDSInsts,LDSBankConflict,L1MemoryBusy,L1MemoryStalled,L2WriteUnitStalled,L2CacheHit
"_Z15init_and_updatePfii",0,0,0,2,74785,2822400,16,0,0,5,1,0,0x0,0.000447,1.156260,151.878027,0,0.000000,0.000000,0.000000,0.000000,95.833333
"_Z15init_and_updatePfii",1,0,0,4,74785,2822400,16,0,0,5,1,0,0x0,0.000451,1.145899,150.528000,0,0.000000,0.000000,0.000000,0.000000,74.193548
"_Z15init_and_updatePfii",2,0,0,5,74785,2822400,16,0,0,5,1,0,0x0,0.000447,1.156026,151.538255,0,0.000000,0.000000,0.000000,0.000000,95.833333
"_Z15init_and_updatePfii",3,0,0,6,74785,2822400,16,0,0,5,1,0,0x0,0.000449,1.151377,151.200000,0,0.000000,0.000000,0.000000,0.000000,74.193548
"_Z15init_and_updatePfii",4,0,0,7,74785,2822400,16,0,0,5,1,0,0x0,0.000449,1.150561,150.863252,0,0.000000,0.000000,0.000000,0.000000,74.193548
"_Z15init_and_updatePfii",5,0,0,8,74785,2822400,16,0,0,5,1,0,0x0,0.000452,1.144073,150.194235,0,0.000000,0.000000,0.000000,0.000000,49.386503
"_Z15init_and_updatePfii",6,0,0,9,74785,2822400,16,0,0,5,1,0,0x0,0.000449,1.150795,150.863252,0,0.000000,0.000000,0.000000,0.000000,95.266272
"_Z15init_and_updatePfii",7,0,0,10,74785,2822400,16,0,0,5,1,0,0x0,0.000447,1.155971,151.538255,0,0.000000,0.000000,0.000000,0.000000,95.833333
"_Z15init_and_updatePfii",8,0,0,11,74785,2822400,16,0,0,5,1,0,0x0,0.000447,1.156029,151.538255,0,0.000000,0.000000,0.000000,0.000000,95.833333
"_Z15init_and_updatePfii",9,0,0,12,74785,2822400,16,0,0,5,1,0,0x0,0.000447,1.155641,151.538255,0,0.000000,0.000000,0.000000,0.000000,95.833333
"_Z15init_and_updatePfii",10,0,0,13,74785,2822400,16,0,0,5,1,0,0x0,0.000447,1.155746,151.538255,0,0.000000,0.000000,0.000000,0.000000,95.833333
