kernel-name,dispatch,gpu-id,queue-id,queue-index,tid,grd,wgr,lds,scr,vgpr,sgpr,fbar,sig,time,VALUBusy,performance,LDSInsts,LDSBankConflict,L1MemoryBusy,L1MemoryStalled,L2WriteUnitStalled,L2CacheHit
"_Z6concatPfS_S_S_S_iiiii",0,0,0,10,31738,4145152,32,0,0,2,2,0,0x0,0.000330,0.786154,102.598594,0,0.000000,0.085205,0.010414,0.000000,92.429577
"_Z6concatPfS_S_S_S_iiiii",1,0,0,12,31738,4145152,32,0,0,2,2,0,0x0,0.000334,0.776921,101.369868,0,0.000000,0.084204,0.034617,0.000000,84.405145
"_Z6concatPfS_S_S_S_iiiii",2,0,0,13,31738,4145152,32,0,0,2,2,0,0x0,0.000330,0.786529,102.910444,0,0.000000,0.085245,0.010419,0.000000,92.429577
"_Z6concatPfS_S_S_S_iiiii",3,0,0,14,31738,4145152,32,0,0,2,2,0,0x0,0.000335,0.775720,101.369868,0,0.000000,0.084074,0.040028,0.000000,64.496314
"_Z6concatPfS_S_S_S_iiiii",4,0,0,15,31738,4145152,32,0,0,2,2,0,0x0,0.000332,0.781939,102.288628,0,0.000000,0.084748,0.010358,0.000000,92.267135
"_Z6concatPfS_S_S_S_iiiii",5,0,0,16,31738,4145152,32,0,0,2,2,0,0x0,0.000332,0.780585,101.980530,0,0.000000,0.084601,0.035861,0.000000,84.405145
"_Z6concatPfS_S_S_S_iiiii",6,0,0,17,31738,4145152,32,0,0,2,2,0,0x0,0.000332,0.781457,101.980530,0,0.000000,0.084696,0.036043,0.000000,83.865815
"_Z6concatPfS_S_S_S_iiiii",7,0,0,18,31738,4145152,32,0,0,2,2,0,0x0,0.000332,0.781462,101.980530,0,0.000000,0.101635,0.048841,0.000000,83.865815
"_Z6concatPfS_S_S_S_iiiii",8,0,0,19,31738,4145152,32,0,0,2,2,0,0x0,0.000330,0.786169,102.598594,0,0.000000,0.085206,0.010414,0.000000,92.429577
"_Z6concatPfS_S_S_S_iiiii",9,0,0,20,31738,4145152,32,0,0,2,2,0,0x0,0.000330,0.785403,102.598594,0,0.000000,0.085123,0.010404,0.000000,92.429577
"_Z6concatPfS_S_S_S_iiiii",10,0,0,21,31738,4145152,32,0,0,2,2,0,0x0,0.000330,0.786151,102.598594,0,0.000000,0.102245,0.012497,0.000000,92.429577
