kernel-name,dispatch,gpu-id,queue-id,queue-index,tid,grd,wgr,lds,scr,vgpr,sgpr,fbar,sig,time,VALUBusy,performance,LDSInsts,LDSBankConflict,L1MemoryBusy,L1MemoryStalled,L2WriteUnitStalled,L2CacheHit
"_Z8setValuePfif",0,0,0,2,66358,1032256,64,0,0,0,0,0,0x0,0.000046,1.029840,137.634133,0,0.000000,17.652628,4.002983,0.000000,99.963075
"_Z8setValuePfif",1,0,0,4,66358,1032256,64,0,0,0,0,0,0x0,0.000051,0.930096,123.870720,0,0.000000,16.657953,4.685251,0.000000,99.296980
"_Z8setValuePfif",2,0,0,5,66358,1032256,64,0,0,0,0,0,0x0,0.000046,1.030135,137.634133,0,0.000000,17.693786,4.014688,0.000000,99.963075
"_Z8setValuePfif",3,0,0,6,66358,1032256,64,0,0,0,0,0,0x0,0.000048,0.985437,131.777362,0,0.000000,17.720471,5.033758,0.000000,99.296980
"_Z8setValuePfif",4,0,0,7,66358,1032256,64,0,0,0,0,0,0x0,0.000049,0.972333,129.032000,0,0.000000,17.439490,4.934989,0.000000,99.296980
"_Z8setValuePfif",5,0,0,8,66358,1032256,64,0,0,0,0,0,0x0,0.000048,0.986607,131.777362,0,0.000000,17.810677,5.155877,0.000000,99.296980
"_Z8setValuePfif",6,0,0,9,66358,1032256,64,0,0,0,0,0,0x0,0.000049,0.961280,126.398694,0,0.000000,17.344247,5.022568,0.000000,99.296980
"_Z8setValuePfif",7,0,0,10,66358,1032256,64,0,0,0,0,0,0x0,0.000048,0.983322,129.032000,0,0.000000,17.702928,5.107170,0.000000,99.296980
"_Z8setValuePfif",8,0,0,11,66358,1032256,64,0,0,0,0,0,0x0,0.000047,1.006734,134.642087,0,0.000000,17.255556,3.907509,0.000000,99.963075
"_Z8setValuePfif",9,0,0,12,66358,1032256,64,0,0,0,0,0,0x0,0.000046,1.027293,137.634133,0,0.000000,17.566172,3.983912,0.000000,99.963075
"_Z8setValuePfif",10,0,0,13,66358,1032256,64,0,0,0,0,0,0x0,0.000046,1.026568,134.642087,0,0.000000,17.601972,3.989925,0.000000,99.963075
