kernel-name,dispatch,gpu-id,queue-id,queue-index,tid,grd,wgr,lds,scr,vgpr,sgpr,fbar,sig,time,VALUBusy,performance,LDSInsts,LDSBankConflict,L1MemoryBusy,L1MemoryStalled,L2WriteUnitStalled,L2CacheHit
"_Z11recenter_3DPfmmm",0,0,0,2,49391,92160,192,0,0,1,2,0,0x0,0.000012,0.503849,52.154182,0,0.000000,0.696713,0.208092,0.000000,86.988848
"_Z11recenter_3DPfmmm",1,0,0,4,49391,92160,192,0,0,1,2,0,0x0,0.000016,0.378086,38.246400,0,0.000000,0.590014,0.156151,0.000000,73.354232
"_Z11recenter_3DPfmmm",2,0,0,5,49391,92160,192,0,0,1,2,0,0x0,0.000012,0.506972,52.154182,0,0.000000,0.772718,0.172304,0.000000,86.940299
"_Z11recenter_3DPfmmm",3,0,0,6,49391,92160,192,0,0,1,2,0,0x0,0.000013,0.464404,47.808000,0,0.000000,0.666230,0.186884,0.000000,73.354232
"_Z11recenter_3DPfmmm",4,0,0,7,49391,92160,192,0,0,1,2,0,0x0,0.000013,0.446023,44.130462,0,0.000000,0.597902,0.179487,0.000000,73.354232
"_Z11recenter_3DPfmmm",5,0,0,8,49391,92160,192,0,0,1,2,0,0x0,0.000013,0.454563,44.130462,0,0.000000,0.710315,0.182924,0.000000,73.354232
"_Z11recenter_3DPfmmm",6,0,0,9,49391,92160,192,0,0,1,2,0,0x0,0.000015,0.404225,40.978286,0,0.000000,0.602079,0.162667,0.000000,73.354232
"_Z11recenter_3DPfmmm",7,0,0,10,49391,92160,192,0,0,1,2,0,0x0,0.000014,0.428407,44.130462,0,0.000000,0.681757,0.172398,0.000000,73.354232
"_Z11recenter_3DPfmmm",8,0,0,11,49391,92160,192,0,0,1,2,0,0x0,0.000015,0.409993,40.978286,0,0.000000,0.592458,0.164988,0.000000,73.354232
"_Z11recenter_3DPfmmm",9,0,0,12,49391,92160,192,0,0,1,2,0,0x0,0.000013,0.471493,47.808000,0,0.000000,0.708896,0.168902,0.000000,86.988848
"_Z11recenter_3DPfmmm",10,0,0,13,49391,92160,192,0,0,1,2,0,0x0,0.000013,0.470781,47.808000,0,0.000000,0.697863,0.160004,0.000000,86.940299
