kernel-name,dispatch,gpu-id,queue-id,queue-index,tid,grd,wgr,lds,scr,vgpr,sgpr,fbar,sig,time,VALUBusy,performance,LDSInsts,LDSBankConflict,L1MemoryBusy,L1MemoryStalled,L2WriteUnitStalled,L2CacheHit
"_Z13mergeLocationPK15HIP_vector_typeIsLj2EEPfS3_if",0,0,0,6,102232,4145152,128,0,0,1,1,0,0x0,0.000086,1.470205,193.512186,0,0.000000,0.045220,0.006150,0.000000,86.639676
"_Z13mergeLocationPK15HIP_vector_typeIsLj2EEPfS3_if",1,0,0,8,102232,4145152,128,0,0,1,1,0,0x0,0.000091,1.400404,184.911644,0,0.000000,0.147139,0.103893,0.000000,71.571906
"_Z13mergeLocationPK15HIP_vector_typeIsLj2EEPfS3_if",2,0,0,9,102232,4145152,128,0,0,1,1,0,0x0,0.000086,1.469971,193.512186,0,0.000000,0.044490,0.006149,0.000000,86.639676
"_Z13mergeLocationPK15HIP_vector_typeIsLj2EEPfS3_if",3,0,0,10,102232,4145152,128,0,0,1,1,0,0x0,0.000089,1.431147,189.114182,0,0.000000,0.146848,0.109167,0.000000,71.571906
"_Z13mergeLocationPK15HIP_vector_typeIsLj2EEPfS3_if",4,0,0,11,102232,4145152,128,0,0,1,1,0,0x0,0.000088,1.439104,189.114182,0,0.000000,0.146247,0.108358,0.000000,71.571906
"_Z13mergeLocationPK15HIP_vector_typeIsLj2EEPfS3_if",5,0,0,12,102232,4145152,128,0,0,1,1,0,0x0,0.000089,1.431631,189.114182,0,0.000000,0.149539,0.110437,0.000000,71.571906
"_Z13mergeLocationPK15HIP_vector_typeIsLj2EEPfS3_if",6,0,0,13,102232,4145152,128,0,0,1,1,0,0x0,0.000089,1.420383,186.989303,0,0.000000,0.149413,0.112016,0.000000,71.571906
"_Z13mergeLocationPK15HIP_vector_typeIsLj2EEPfS3_if",7,0,0,14,102232,4145152,128,0,0,1,1,0,0x0,0.000089,1.431682,189.114182,0,0.000000,0.150777,0.113083,0.000000,71.571906
"_Z13mergeLocationPK15HIP_vector_typeIsLj2EEPfS3_if",8,0,0,15,102232,4145152,128,0,0,1,1,0,0x0,0.000088,1.443828,191.287908,0,0.000000,0.043699,0.006040,0.000000,86.639676
"_Z13mergeLocationPK15HIP_vector_typeIsLj2EEPfS3_if",9,0,0,16,102232,4145152,128,0,0,1,1,0,0x0,0.000088,1.446737,191.287908,0,0.000000,0.043787,0.006052,0.000000,86.639676
"_Z13mergeLocationPK15HIP_vector_typeIsLj2EEPfS3_if",10,0,0,17,102232,4145152,128,0,0,1,1,0,0x0,0.000087,1.466767,193.512186,0,0.000000,0.044393,0.006136,0.000000,86.639676
