kernel-name,dispatch,gpu-id,queue-id,queue-index,tid,grd,wgr,lds,scr,vgpr,sgpr,fbar,sig,time,VALUBusy,performance,LDSInsts,LDSBankConflict,L1MemoryBusy,L1MemoryStalled,L2WriteUnitStalled,L2CacheHit
"bias_multiply",0,0,0,6,110247,1517824,16,0,0,2,1,0,0x0,0.000243,12.606213,1306.205091,0,0.000000,0.068715,0.004246,0.000000,89.920424
"bias_multiply",1,0,0,8,110247,1517824,16,0,0,2,1,0,0x0,0.000247,12.403982,1284.965984,0,0.000000,0.102875,0.039441,0.000000,78.472222
"bias_multiply",2,0,0,9,110247,1517824,16,0,0,2,1,0,0x0,0.000243,12.602710,1306.205091,0,0.000000,0.068696,0.004245,0.000000,89.920424
"bias_multiply",3,0,0,10,110247,1517824,16,0,0,2,1,0,0x0,0.000245,12.507265,1295.498492,0,0.000000,0.103923,0.039961,0.000000,79.020979
"bias_multiply",4,0,0,11,110247,1517824,16,0,0,2,1,0,0x0,0.000245,12.513688,1295.498492,0,0.000000,0.103530,0.039534,0.000000,78.472222
"bias_multiply",5,0,0,12,110247,1517824,16,0,0,2,1,0,0x0,0.000245,12.498776,1295.498492,0,0.000000,0.104682,0.040763,0.000000,79.020979
"bias_multiply",6,0,0,13,110247,1517824,16,0,0,2,1,0,0x0,0.000245,12.489502,1290.210743,0,0.000000,0.103011,0.039139,0.000000,79.020979
"bias_multiply",7,0,0,14,110247,1517824,16,0,0,2,1,0,0x0,0.000245,12.496034,1295.498492,0,0.000000,0.105552,0.041647,0.000000,78.472222
"bias_multiply",8,0,0,15,110247,1517824,16,0,0,2,1,0,0x0,0.000243,12.601576,1306.205091,0,0.000000,0.068690,0.004245,0.000000,89.920424
"bias_multiply",9,0,0,16,110247,1517824,16,0,0,2,1,0,0x0,0.000243,12.597848,1300.829761,0,0.000000,0.068669,0.004244,0.000000,89.920424
"bias_multiply",10,0,0,17,110247,1517824,16,0,0,2,1,0,0x0,0.000243,12.601349,1306.205091,0,0.000000,0.068689,0.004245,0.000000,89.920424
