kernel-name,dispatch,gpu-id,queue-id,queue-index,tid,grd,wgr,lds,scr,vgpr,sgpr,fbar,sig,time,VALUBusy,performance,LDSInsts,LDSBankConflict,L1MemoryBusy,L1MemoryStalled,L2WriteUnitStalled,L2CacheHit
"_Z18kernelUpdateNablaBPfS_",0,0,0,4,4442,4145152,128,0,0,0,0,0,0x0,0.000087,1.458728,192.797767,0,0.000000,40.885831,6.057974,0.000000,99.992957
"_Z18kernelUpdateNablaBPfS_",1,0,0,6,4442,4145152,128,0,0,0,0,0,0x0,0.000091,1.382703,182.204484,0,0.000000,38.992519,5.568213,0.000000,99.764539
"_Z18kernelUpdateNablaBPfS_",2,0,0,7,4442,4145152,128,0,0,0,0,0,0x0,0.000087,1.456650,192.797767,0,0.000000,41.027283,5.991227,0.000000,99.993007
"_Z18kernelUpdateNablaBPfS_",3,0,0,8,4442,4145152,128,0,0,0,0,0,0x0,0.000088,1.429974,188.416000,0,0.000000,40.113819,5.560403,0.000000,99.764521
"_Z18kernelUpdateNablaBPfS_",4,0,0,9,4442,4145152,128,0,0,0,0,0,0x0,0.000089,1.415840,186.298966,0,0.000000,39.632329,5.694839,0.000000,99.767663
"_Z18kernelUpdateNablaBPfS_",5,0,0,10,4442,4145152,128,0,0,0,0,0,0x0,0.000089,1.419673,186.298966,0,0.000000,40.019499,6.048342,0.000000,99.761849
"_Z18kernelUpdateNablaBPfS_",6,0,0,11,4442,4145152,128,0,0,0,0,0,0x0,0.000090,1.407647,186.298966,0,0.000000,39.782559,6.354756,0.000000,99.768095
"_Z18kernelUpdateNablaBPfS_",7,0,0,12,4442,4145152,128,0,0,0,0,0,0x0,0.000089,1.418291,186.298966,0,0.000000,40.248551,5.271465,0.000000,99.762838
"_Z18kernelUpdateNablaBPfS_",8,0,0,13,4442,4145152,128,0,0,0,0,0,0x0,0.000088,1.444002,190.581701,0,0.000000,40.461667,5.489384,0.000000,99.993007
"_Z18kernelUpdateNablaBPfS_",9,0,0,14,4442,4145152,128,0,0,0,0,0,0x0,0.000087,1.456335,192.797767,0,0.000000,41.197771,5.485541,0.000000,99.993012
"_Z18kernelUpdateNablaBPfS_",10,0,0,15,4442,4145152,128,0,0,0,0,0,0x0,0.000087,1.454378,192.797767,0,0.000000,40.737860,5.517871,0.000000,99.993024
