kernel-name,dispatch,gpu-id,queue-id,queue-index,tid,grd,wgr,lds,scr,vgpr,sgpr,fbar,sig,time,VALUBusy,performance,LDSInsts,LDSBankConflict,L1MemoryBusy,L1MemoryStalled,L2WriteUnitStalled,L2CacheHit
"_Z18kernelUpdateNablaBPfS_",0,0,0,4,1464,253952,64,0,0,0,0,0,0x0,0.000015,0.501781,67.720533,0,0.000000,21.364115,2.682907,0.000000,99.904777
"_Z18kernelUpdateNablaBPfS_",1,0,0,6,1464,253952,64,0,0,0,0,0,0x0,0.000019,0.398945,53.463579,0,0.000000,20.226337,2.359082,0.000000,97.163121
"_Z18kernelUpdateNablaBPfS_",2,0,0,7,1464,253952,64,0,0,0,0,0,0x0,0.000015,0.501172,67.720533,0,0.000000,21.433191,2.710977,0.000000,99.904958
"_Z18kernelUpdateNablaBPfS_",3,0,0,8,1464,253952,64,0,0,0,0,0,0x0,0.000017,0.463136,63.488000,0,0.000000,23.020468,3.034660,0.000000,97.125592
"_Z18kernelUpdateNablaBPfS_",4,0,0,9,1464,253952,64,0,0,0,0,0,0x0,0.000017,0.447750,59.753412,0,0.000000,22.158229,2.969957,0.000000,97.179732
"_Z18kernelUpdateNablaBPfS_",5,0,0,10,1464,253952,64,0,0,0,0,0,0x0,0.000017,0.465326,63.488000,0,0.000000,23.346030,2.752552,0.000000,97.067977
"_Z18kernelUpdateNablaBPfS_",6,0,0,11,1464,253952,64,0,0,0,0,0,0x0,0.000018,0.441014,59.753412,0,0.000000,22.265889,3.142227,0.000000,97.177033
"_Z18kernelUpdateNablaBPfS_",7,0,0,12,1464,253952,64,0,0,0,0,0,0x0,0.000017,0.462118,63.488000,0,0.000000,23.008050,3.113703,0.000000,97.119609
"_Z18kernelUpdateNablaBPfS_",8,0,0,13,1464,253952,64,0,0,0,0,0,0x0,0.000018,0.441171,59.753412,0,0.000000,22.578005,2.615007,0.000000,97.129811
"_Z18kernelUpdateNablaBPfS_",9,0,0,14,1464,253952,64,0,0,0,0,0,0x0,0.000016,0.496218,67.720533,0,0.000000,20.930209,2.640162,0.000000,99.903257
"_Z18kernelUpdateNablaBPfS_",10,0,0,15,1464,253952,64,0,0,0,0,0,0x0,0.000016,0.497752,67.720533,0,0.000000,21.100273,2.687460,0.000000,99.904686
