kernel-name,dispatch,gpu-id,queue-id,queue-index,tid,grd,wgr,lds,scr,vgpr,sgpr,fbar,sig,time,VALUBusy,performance,LDSInsts,LDSBankConflict,L1MemoryBusy,L1MemoryStalled,L2WriteUnitStalled,L2CacheHit
"mul_strided_float",0,0,0,6,74307,61440,64,0,0,1,2,0,0x0,0.000169,64.045547,7518.829065,0,0.000000,69.048226,11.059867,0.000000,99.004086
"mul_strided_float",1,0,0,8,74307,61440,64,0,0,1,2,0,0x0,0.000173,62.735202,7387.686698,0,0.000000,66.162598,10.744719,0.000000,98.973343
"mul_strided_float",2,0,0,9,74307,61440,64,0,0,1,2,0,0x0,0.000169,64.211652,7563.584000,0,0.000000,68.373750,10.964617,0.000000,99.002250
"mul_strided_float",3,0,0,10,74307,61440,64,0,0,1,2,0,0x0,0.000171,63.379894,7474.600659,0,0.000000,67.593950,10.951408,0.000000,98.968613
"mul_strided_float",4,0,0,11,74307,61440,64,0,0,1,2,0,0x0,0.000171,63.278072,7430.889544,0,0.000000,67.133382,10.909351,0.000000,98.977694
"mul_strided_float",5,0,0,12,74307,61440,64,0,0,1,2,0,0x0,0.000172,63.019443,7430.889544,0,0.000000,68.445961,10.937580,0.000000,98.968227
"mul_strided_float",6,0,0,13,74307,61440,64,0,0,1,2,0,0x0,0.000172,63.103886,7430.889544,0,0.000000,66.389028,10.716197,0.000000,98.972364
"mul_strided_float",7,0,0,14,74307,61440,64,0,0,1,2,0,0x0,0.000172,63.072652,7430.889544,0,0.000000,66.891336,10.734913,0.000000,98.970305
"mul_strided_float",8,0,0,15,74307,61440,64,0,0,1,2,0,0x0,0.000170,63.663004,7474.600659,0,0.000000,68.400061,10.945226,0.000000,98.999534
"mul_strided_float",9,0,0,16,74307,61440,64,0,0,1,2,0,0x0,0.000170,63.796585,7518.829065,0,0.000000,68.232618,11.010340,0.000000,99.003023
"mul_strided_float",10,0,0,17,74307,61440,64,0,0,1,2,0,0x0,0.000169,63.927425,7518.829065,0,0.000000,68.700387,11.067687,0.000000,99.000482
