kernel-name,dispatch,gpu-id,queue-id,queue-index,tid,grd,wgr,lds,scr,vgpr,sgpr,fbar,sig,time,VALUBusy,performance,LDSInsts,LDSBankConflict,L1MemoryBusy,L1MemoryStalled,L2WriteUnitStalled,L2CacheHit
"_Z13SubtractMultiPfS_iii",0,0,0,4,108633,1517824,64,0,0,1,1,0,0x0,0.000065,3.059668,369.908000,0,0.000000,9.026994,1.059545,0.000000,98.932474
"_Z13SubtractMultiPfS_iii",1,0,0,6,108633,1517824,64,0,0,1,1,0,0x0,0.000070,2.824302,338.201600,0,0.000000,8.445468,1.458710,0.000000,98.179237
"_Z13SubtractMultiPfS_iii",2,0,0,7,108633,1517824,64,0,0,1,1,0,0x0,0.000065,3.055924,369.908000,0,0.000000,9.045095,1.059453,0.000000,98.932474
"_Z13SubtractMultiPfS_iii",3,0,0,8,108633,1517824,64,0,0,1,1,0,0x0,0.000068,2.910190,348.148706,0,0.000000,8.956706,1.888242,0.000000,98.113208
"_Z13SubtractMultiPfS_iii",4,0,0,9,108633,1517824,64,0,0,1,1,0,0x0,0.000068,2.903688,348.148706,0,0.000000,8.752209,1.449355,0.000000,98.172657
"_Z13SubtractMultiPfS_iii",5,0,0,10,108633,1517824,64,0,0,1,1,0,0x0,0.000069,2.884200,348.148706,0,0.000000,8.615029,1.463273,0.000000,98.156290
"_Z13SubtractMultiPfS_iii",6,0,0,11,108633,1517824,64,0,0,1,1,0,0x0,0.000069,2.886064,348.148706,0,0.000000,8.718877,1.599128,0.000000,98.162795
"_Z13SubtractMultiPfS_iii",7,0,0,12,108633,1517824,64,0,0,1,1,0,0x0,0.000069,2.888692,348.148706,0,0.000000,8.689019,1.479442,0.000000,98.152548
"_Z13SubtractMultiPfS_iii",8,0,0,13,108633,1517824,64,0,0,1,1,0,0x0,0.000069,2.888482,348.148706,0,0.000000,8.730282,1.755301,0.000000,98.124579
"_Z13SubtractMultiPfS_iii",9,0,0,14,108633,1517824,64,0,0,1,1,0,0x0,0.000065,3.053805,369.908000,0,0.000000,9.018603,1.057515,0.000000,98.932474
"_Z13SubtractMultiPfS_iii",10,0,0,15,108633,1517824,64,0,0,1,1,0,0x0,0.000065,3.048785,364.217108,0,0.000000,9.001134,1.056737,0.000000,98.932474
