kernel-name,dispatch,gpu-id,queue-id,queue-index,tid,grd,wgr,lds,scr,vgpr,sgpr,fbar,sig,time,VALUBusy,performance,LDSInsts,LDSBankConflict,L1MemoryBusy,L1MemoryStalled,L2WriteUnitStalled,L2CacheHit
"_Z34find_advection_point_location_cudaPdS_S_S_jjPjS0_S0_ddddj",0,0,0,14,116818,2903040,64,0,0,2,5,0,0x0,0.000120,12.577377,1317.345882,0,0.000000,43.219908,4.386881,0.000000,99.936764
"_Z34find_advection_point_location_cudaPdS_S_S_jjPjS0_S0_ddddj",1,0,0,16,116818,2903040,64,0,0,2,5,0,0x0,0.000124,12.163820,1274.505366,0,0.000000,42.374488,4.750313,0.000000,99.908197
"_Z34find_advection_point_location_cudaPdS_S_S_jjPjS0_S0_ddddj",2,0,0,17,116818,2903040,64,0,0,2,5,0,0x0,0.000120,12.580069,1317.345882,0,0.000000,43.280841,4.398652,0.000000,99.936764
"_Z34find_advection_point_location_cudaPdS_S_S_jjPjS0_S0_ddddj",3,0,0,18,116818,2903040,64,0,0,2,5,0,0x0,0.000122,12.391180,1295.571570,0,0.000000,43.415796,4.779841,0.000000,99.908307
"_Z34find_advection_point_location_cudaPdS_S_S_jjPjS0_S0_ddddj",4,0,0,19,116818,2903040,64,0,0,2,5,0,0x0,0.000122,12.387104,1295.571570,0,0.000000,43.377738,4.775313,0.000000,99.908636
"_Z34find_advection_point_location_cudaPdS_S_S_jjPjS0_S0_ddddj",5,0,0,20,116818,2903040,64,0,0,2,5,0,0x0,0.000122,12.347751,1295.571570,0,0.000000,43.046624,4.841358,0.000000,99.908856
"_Z34find_advection_point_location_cudaPdS_S_S_jjPjS0_S0_ddddj",6,0,0,21,116818,2903040,64,0,0,2,5,0,0x0,0.000122,12.356552,1295.571570,0,0.000000,43.189988,4.833400,0.000000,99.908307
"_Z34find_advection_point_location_cudaPdS_S_S_jjPjS0_S0_ddddj",7,0,0,22,116818,2903040,64,0,0,2,5,0,0x0,0.000122,12.360291,1295.571570,0,0.000000,43.329238,4.778697,0.000000,99.908856
"_Z34find_advection_point_location_cudaPdS_S_S_jjPjS0_S0_ddddj",8,0,0,23,116818,2903040,64,0,0,2,5,0,0x0,0.000120,12.567735,1317.345882,0,0.000000,43.137879,4.400989,0.000000,99.936764
"_Z34find_advection_point_location_cudaPdS_S_S_jjPjS0_S0_ddddj",9,0,0,24,116818,2903040,64,0,0,2,5,0,0x0,0.000120,12.570882,1317.345882,0,0.000000,43.194457,4.389440,0.000000,99.936764
"_Z34find_advection_point_location_cudaPdS_S_S_jjPjS0_S0_ddddj",10,0,0,25,116818,2903040,64,0,0,2,5,0,0x0,0.000120,12.547514,1306.368000,0,0.000000,43.060791,4.379458,0.000000,99.936764
