kernel-name,dispatch,gpu-id,queue-id,queue-index,tid,grd,wgr,lds,scr,vgpr,sgpr,fbar,sig,time,VALUBusy,performance,LDSInsts,LDSBankConflict,L1MemoryBusy,L1MemoryStalled,L2WriteUnitStalled,L2CacheHit
"_Z15deltaCalcOutputPfS_S_",0,0,0,6,130039,2903040,64,0,0,2,1,0,0x0,0.000133,16.015818,1803.403636,0,0.000000,35.959796,4.180378,0.000000,98.993542
"_Z15deltaCalcOutputPfS_S_",1,0,0,8,130039,2903040,64,0,0,2,1,0,0x0,0.000131,16.234479,1831.148308,0,0.000000,36.610253,4.091189,0.000000,98.985475
"_Z15deltaCalcOutputPfS_S_",2,0,0,9,130039,2903040,64,0,0,2,1,0,0x0,0.000122,17.416679,1951.223607,0,0.000000,39.275457,4.221446,0.000000,99.290911
"_Z15deltaCalcOutputPfS_S_",3,0,0,10,130039,2903040,64,0,0,2,1,0,0x0,0.000126,16.894526,1904.394240,0,0.000000,38.195186,4.324070,0.000000,98.969345
"_Z15deltaCalcOutputPfS_S_",4,0,0,11,130039,2903040,64,0,0,2,1,0,0x0,0.000124,17.116723,1919.752258,0,0.000000,38.504702,4.411632,0.000000,98.985475
"_Z15deltaCalcOutputPfS_S_",5,0,0,12,130039,2903040,64,0,0,2,1,0,0x0,0.000123,17.270175,1935.360000,0,0.000000,39.087224,4.497759,0.000000,98.975393
"_Z15deltaCalcOutputPfS_S_",6,0,0,13,130039,2903040,64,0,0,2,1,0,0x0,0.000121,17.509818,1967.349421,0,0.000000,39.623426,4.416700,0.000000,99.001610
"_Z15deltaCalcOutputPfS_S_",7,0,0,14,130039,2903040,64,0,0,2,1,0,0x0,0.000121,17.506574,1967.349421,0,0.000000,39.422082,4.578494,0.000000,98.981442
"_Z15deltaCalcOutputPfS_S_",8,0,0,15,130039,2903040,64,0,0,2,1,0,0x0,0.000123,17.274121,1935.360000,0,0.000000,38.929355,4.516304,0.000000,98.967329
"_Z15deltaCalcOutputPfS_S_",9,0,0,16,130039,2903040,64,0,0,2,1,0,0x0,0.000119,17.798938,2000.414118,0,0.000000,40.312475,4.321814,0.000000,99.290911
"_Z15deltaCalcOutputPfS_S_",10,0,0,17,130039,2903040,64,0,0,2,1,0,0x0,0.000119,17.799404,2000.414118,0,0.000000,40.279391,4.308978,0.000000,99.290911
