kernel-name,dispatch,gpu-id,queue-id,queue-index,tid,grd,wgr,lds,scr,vgpr,sgpr,fbar,sig,time,VALUBusy,performance,LDSInsts,LDSBankConflict,L1MemoryBusy,L1MemoryStalled,L2WriteUnitStalled,L2CacheHit
"_Z19ComputeOrientationsPfPiS_iii",0,0,0,6,126468,1040384,256,2688,0,11,2,0,0x0,0.000087,71.054827,9194.091163,699008,0.000000,7.453112,1.928180,0.000000,99.462624
"_Z19ComputeOrientationsPfPiS_iii",1,0,0,8,126468,1040384,256,2688,0,11,2,0,0x0,0.000091,67.515802,8688.921319,699008,0.000000,7.633161,2.516998,0.000000,99.089217
"_Z19ComputeOrientationsPfPiS_iii",2,0,0,9,126468,1040384,256,2688,0,11,2,0,0x0,0.000086,71.740993,9194.091163,699008,0.000000,7.552496,2.010151,0.000000,99.462624
"_Z19ComputeOrientationsPfPiS_iii",3,0,0,10,126468,1040384,256,2688,0,11,2,0,0x0,0.000089,69.146360,8884.177978,699008,0.000000,7.838853,2.572711,0.000000,99.087339
"_Z19ComputeOrientationsPfPiS_iii",4,0,0,11,126468,1040384,256,2688,0,11,2,0,0x0,0.000090,68.987041,8884.177978,699008,0.000000,7.819918,2.747095,0.000000,99.090730
"_Z19ComputeOrientationsPfPiS_iii",5,0,0,12,126468,1040384,256,2688,0,11,2,0,0x0,0.000090,68.674414,8884.177978,699008,0.000000,7.756853,2.624135,0.000000,99.090013
"_Z19ComputeOrientationsPfPiS_iii",6,0,0,13,126468,1040384,256,2688,0,11,2,0,0x0,0.000090,68.705454,8884.177978,699008,0.000000,7.799821,2.595942,0.000000,99.090038
"_Z19ComputeOrientationsPfPiS_iii",7,0,0,14,126468,1040384,256,2688,0,11,2,0,0x0,0.000090,68.710709,8884.177978,699008,0.000000,7.806676,2.652295,0.000000,99.089654
"_Z19ComputeOrientationsPfPiS_iii",8,0,0,15,126468,1040384,256,2688,0,11,2,0,0x0,0.000086,71.404517,9194.091163,699008,0.000000,7.448058,1.964408,0.000000,99.462518
"_Z19ComputeOrientationsPfPiS_iii",9,0,0,16,126468,1040384,256,2688,0,11,2,0,0x0,0.000087,71.034904,9194.091163,699008,0.000000,7.408965,1.928179,0.000000,99.462000
"_Z19ComputeOrientationsPfPiS_iii",10,0,0,17,126468,1040384,256,2688,0,11,2,0,0x0,0.000087,71.252614,9194.091163,699008,0.000000,7.420495,1.937333,0.000000,99.462563
