kernel-name,dispatch,gpu-id,queue-id,queue-index,tid,grd,wgr,lds,scr,vgpr,sgpr,fbar,sig,time,VALUBusy,performance,LDSInsts,LDSBankConflict,L1MemoryBusy,L1MemoryStalled,L2WriteUnitStalled,L2CacheHit
"_Z16euclidean_kernelPKfmmS0_mmmPfmf",0,0,0,6,87475,2822400,16,64,0,3,3,0,0x0,0.000461,22.039421,2497.915835,529200,0.000000,31.064479,4.402971,0.000000,99.742048
"_Z16euclidean_kernelPKfmmS0_mmmPfmf",1,0,0,8,87475,2822400,16,64,0,3,3,0,0x0,0.000461,22.056729,2503.346087,529200,0.000000,31.197348,4.432844,0.000000,99.711323
"_Z16euclidean_kernelPKfmmS0_mmmPfmf",2,0,0,9,87475,2822400,16,64,0,3,3,0,0x0,0.000448,22.688730,2576.150336,529200,0.000000,32.119861,4.480508,0.000000,99.789144
"_Z16euclidean_kernelPKfmmS0_mmmPfmf",3,0,0,10,87475,2822400,16,64,0,3,3,0,0x0,0.000452,22.473539,2547.653097,529200,0.000000,31.899451,4.878759,0.000000,99.541022
"_Z16euclidean_kernelPKfmmS0_mmmPfmf",4,0,0,11,87475,2822400,16,64,0,3,3,0,0x0,0.000450,22.563719,2558.976000,529200,0.000000,31.818702,4.456341,0.000000,99.787466
"_Z16euclidean_kernelPKfmmS0_mmmPfmf",5,0,0,12,87475,2822400,16,64,0,3,3,0,0x0,0.000453,22.438807,2547.653097,529200,0.000000,31.609233,4.467512,0.000000,99.737276
"_Z16euclidean_kernelPKfmmS0_mmmPfmf",6,0,0,13,87475,2822400,16,64,0,3,3,0,0x0,0.000465,21.876560,2481.765517,529200,0.000000,31.212341,4.678636,0.000000,99.358588
"_Z16euclidean_kernelPKfmmS0_mmmPfmf",7,0,0,14,87475,2822400,16,64,0,3,3,0,0x0,0.000451,22.528115,2553.301996,529200,0.000000,31.886561,4.455024,0.000000,99.787460
"_Z16euclidean_kernelPKfmmS0_mmmPfmf",8,0,0,15,87475,2822400,16,64,0,3,3,0,0x0,0.000448,22.673925,2570.400000,529200,0.000000,32.077918,4.481976,0.000000,99.788033
"_Z16euclidean_kernelPKfmmS0_mmmPfmf",9,0,0,16,87475,2822400,16,64,0,3,3,0,0x0,0.000448,22.689553,2576.150336,529200,0.000000,32.047287,4.473624,0.000000,99.789102
"_Z16euclidean_kernelPKfmmS0_mmmPfmf",10,0,0,17,87475,2822400,16,64,0,3,3,0,0x0,0.000449,22.621472,2564.675278,529200,0.000000,31.881921,4.464791,0.000000,99.788008
