kernel-name,dispatch,gpu-id,queue-id,queue-index,tid,grd,wgr,lds,scr,vgpr,sgpr,fbar,sig,time,VALUBusy,performance,LDSInsts,LDSBankConflict,L1MemoryBusy,L1MemoryStalled,L2WriteUnitStalled,L2CacheHit
"_Z6Bprop1PKfPfS0_f",0,0,0,6,873,57600,16,0,0,1,1,0,0x0,0.000022,4.332478,526.628571,0,0.000000,47.826273,39.232634,0.000000,95.383043
"_Z6Bprop1PKfPfS0_f",1,0,0,8,873,57600,16,0,0,1,1,0,0x0,0.000027,3.466358,409.600000,0,0.000000,41.991715,32.252819,0.000000,95.091296
"_Z6Bprop1PKfPfS0_f",2,0,0,9,873,57600,16,0,0,1,1,0,0x0,0.000022,4.380209,526.628571,0,0.000000,51.116142,41.848124,0.000000,95.345482
"_Z6Bprop1PKfPfS0_f",3,0,0,10,873,57600,16,0,0,1,1,0,0x0,0.000025,3.759189,442.368000,0,0.000000,46.419643,36.562214,0.000000,95.117249
"_Z6Bprop1PKfPfS0_f",4,0,0,11,873,57600,16,0,0,1,1,0,0x0,0.000026,3.716142,442.368000,0,0.000000,45.101422,36.506276,0.000000,95.180461
"_Z6Bprop1PKfPfS0_f",5,0,0,12,873,57600,16,0,0,1,1,0,0x0,0.000026,3.696785,442.368000,0,0.000000,45.745199,36.518146,0.000000,95.141336
"_Z6Bprop1PKfPfS0_f",6,0,0,13,873,57600,16,0,0,1,1,0,0x0,0.000026,3.601238,425.353846,0,0.000000,42.150191,33.730112,0.000000,95.263027
"_Z6Bprop1PKfPfS0_f",7,0,0,14,873,57600,16,0,0,1,1,0,0x0,0.000026,3.642436,425.353846,0,0.000000,44.256044,34.632219,0.000000,95.083962
"_Z6Bprop1PKfPfS0_f",8,0,0,15,873,57600,16,0,0,1,1,0,0x0,0.000026,3.619087,425.353846,0,0.000000,42.189324,32.868462,0.000000,95.131746
"_Z6Bprop1PKfPfS0_f",9,0,0,16,873,57600,16,0,0,1,1,0,0x0,0.000022,4.292558,502.690909,0,0.000000,45.398660,37.640259,0.000000,95.344071
"_Z6Bprop1PKfPfS0_f",10,0,0,17,873,57600,16,0,0,1,1,0,0x0,0.000022,4.319294,526.628571,0,0.000000,43.133212,34.427791,0.000000,95.362014
