kernel-name,dispatch,gpu-id,queue-id,queue-index,tid,grd,wgr,lds,scr,vgpr,sgpr,fbar,sig,time,VALUBusy,performance,LDSInsts,LDSBankConflict,L1MemoryBusy,L1MemoryStalled,L2WriteUnitStalled,L2CacheHit
"_Z18gMaxPoolingForwardPfiiS_iiS_iiii",0,0,0,6,70282,246016,16,0,0,9,2,0,0x0,0.000058,5.150059,676.648421,0,0.000000,12.663019,0.027057,0.000000,91.957511
"_Z18gMaxPoolingForwardPfiiS_iiS_iiii",1,0,0,8,70282,246016,16,0,0,9,2,0,0x0,0.000062,4.761071,622.080000,0,0.000000,11.592010,0.056030,0.000000,87.889775
"_Z18gMaxPoolingForwardPfiiS_iiS_iiii",2,0,0,9,70282,246016,16,0,0,9,2,0,0x0,0.000058,5.143046,676.648421,0,0.000000,12.496352,0.026750,0.000000,91.957511
"_Z18gMaxPoolingForwardPfiiS_iiS_iiii",3,0,0,10,70282,246016,16,0,0,9,2,0,0x0,0.000062,4.814005,632.278033,0,0.000000,12.720922,0.059435,0.000000,87.762491
"_Z18gMaxPoolingForwardPfiiS_iiS_iiii",4,0,0,11,70282,246016,16,0,0,9,2,0,0x0,0.000061,4.848537,632.278033,0,0.000000,12.631568,0.057824,0.000000,88.017429
"_Z18gMaxPoolingForwardPfiiS_iiS_iiii",5,0,0,12,70282,246016,16,0,0,9,2,0,0x0,0.000061,4.841828,632.278033,0,0.000000,11.715880,0.043499,0.000000,88.145455
"_Z18gMaxPoolingForwardPfiiS_iiS_iiii",6,0,0,13,70282,246016,16,0,0,9,2,0,0x0,0.000063,4.728098,622.080000,0,0.000000,11.566378,0.043719,0.000000,88.145455
"_Z18gMaxPoolingForwardPfiiS_iiS_iiii",7,0,0,14,70282,246016,16,0,0,9,2,0,0x0,0.000062,4.793396,622.080000,0,0.000000,11.440285,0.044575,0.000000,88.145455
"_Z18gMaxPoolingForwardPfiiS_iiS_iiii",8,0,0,15,70282,246016,16,0,0,9,2,0,0x0,0.000059,5.001577,653.711186,0,0.000000,12.055918,0.026014,0.000000,91.957511
"_Z18gMaxPoolingForwardPfiiS_iiS_iiii",9,0,0,16,70282,246016,16,0,0,9,2,0,0x0,0.000058,5.131177,676.648421,0,0.000000,13.631291,0.031002,0.000000,91.957511
"_Z18gMaxPoolingForwardPfiiS_iiS_iiii",10,0,0,17,70282,246016,16,0,0,9,2,0,0x0,0.000058,5.117822,664.982069,0,0.000000,12.412211,0.027157,0.000000,91.957511
