kernel-name,dispatch,gpu-id,queue-id,queue-index,tid,grd,wgr,lds,scr,vgpr,sgpr,fbar,sig,time,VALUBusy,performance,LDSInsts,LDSBankConflict,L1MemoryBusy,L1MemoryStalled,L2WriteUnitStalled,L2CacheHit
"_Z18kernel_test1_writePcS_Pj",0,0,0,6,58953,4274688,192,0,0,5,1,0,0x0,0.000070,3.709414,366.401829,0,0.000000,0.000000,0.000000,0.000000,95.833333
"_Z18kernel_test1_writePcS_Pj",1,0,0,8,58953,4274688,192,0,0,5,1,0,0x0,0.000069,3.783409,377.178353,0,0.000000,0.000000,0.000000,0.000000,74.193548
"_Z18kernel_test1_writePcS_Pj",2,0,0,9,58953,4274688,192,0,0,5,1,0,0x0,0.000065,4.025982,400.752000,0,0.000000,0.000000,0.000000,0.000000,95.833333
"_Z18kernel_test1_writePcS_Pj",3,0,0,10,58953,4274688,192,0,0,5,1,0,0x0,0.000066,3.924988,388.608000,0,0.000000,0.000000,0.000000,0.000000,74.193548
"_Z18kernel_test1_writePcS_Pj",4,0,0,11,58953,4274688,192,0,0,5,1,0,0x0,0.000063,4.122189,407.113143,0,0.000000,0.000000,0.000000,0.000000,74.193548
"_Z18kernel_test1_writePcS_Pj",5,0,0,12,58953,4274688,192,0,0,5,1,0,0x0,0.000064,4.076063,400.752000,0,0.000000,0.000000,0.000000,0.000000,74.193548
"_Z18kernel_test1_writePcS_Pj",6,0,0,13,58953,4274688,192,0,0,5,1,0,0x0,0.000064,4.075784,400.752000,0,0.000000,0.000000,0.000000,0.000000,74.193548
"_Z18kernel_test1_writePcS_Pj",7,0,0,14,58953,4274688,192,0,0,5,1,0,0x0,0.000068,3.821927,377.178353,0,0.000000,0.000000,0.000000,0.000000,74.193548
"_Z18kernel_test1_writePcS_Pj",8,0,0,15,58953,4274688,192,0,0,5,1,0,0x0,0.000064,4.081363,407.113143,0,0.000000,0.000000,0.000000,0.000000,74.193548
"_Z18kernel_test1_writePcS_Pj",9,0,0,16,58953,4274688,192,0,0,5,1,0,0x0,0.000061,4.255959,420.461115,0,0.000000,0.000000,0.000000,0.000000,95.833333
"_Z18kernel_test1_writePcS_Pj",10,0,0,17,58953,4274688,192,0,0,5,1,0,0x0,0.000061,4.252058,420.461115,0,0.000000,0.000000,0.000000,0.000000,95.833333
