kernel-name,dispatch,gpu-id,queue-id,queue-index,tid,grd,wgr,lds,scr,vgpr,sgpr,fbar,sig,time,VALUBusy,performance,LDSInsts,LDSBankConflict,L1MemoryBusy,L1MemoryStalled,L2WriteUnitStalled,L2CacheHit
"_Z15kAdd_contiguousPfS_S_j",0,0,0,6,23664,4145152,128,0,0,2,1,0,0x0,0.000087,7.268819,667.695080,0,0.000000,0.041987,0.003948,0.000000,87.410072
"_Z15kAdd_contiguousPfS_S_j",1,0,0,8,23664,4145152,128,0,0,2,1,0,0x0,0.000092,6.905286,638.345846,0,0.000000,0.142163,0.103980,0.000000,73.636364
"_Z15kAdd_contiguousPfS_S_j",2,0,0,9,23664,4145152,128,0,0,2,1,0,0x0,0.000087,7.255592,667.695080,0,0.000000,0.041911,0.003940,0.000000,87.410072
"_Z15kAdd_contiguousPfS_S_j",3,0,0,10,23664,4145152,128,0,0,2,1,0,0x0,0.000089,7.098748,652.690697,0,0.000000,0.142641,0.105491,0.000000,73.636364
"_Z15kAdd_contiguousPfS_S_j",4,0,0,11,23664,4145152,128,0,0,2,1,0,0x0,0.000089,7.098151,652.690697,0,0.000000,0.148762,0.111615,0.000000,73.636364
"_Z15kAdd_contiguousPfS_S_j",5,0,0,12,23664,4145152,128,0,0,2,1,0,0x0,0.000090,7.042768,652.690697,0,0.000000,0.144298,0.107441,0.000000,73.636364
"_Z15kAdd_contiguousPfS_S_j",6,0,0,13,23664,4145152,128,0,0,2,1,0,0x0,0.000090,7.023280,645.438578,0,0.000000,0.150486,0.111651,0.000000,73.636364
"_Z15kAdd_contiguousPfS_S_j",7,0,0,14,23664,4145152,128,0,0,2,1,0,0x0,0.000091,6.968527,645.438578,0,0.000000,0.151894,0.115425,0.000000,73.636364
"_Z15kAdd_contiguousPfS_S_j",8,0,0,15,23664,4145152,128,0,0,2,1,0,0x0,0.000087,7.306261,675.458977,0,0.000000,0.042204,0.003968,0.000000,87.410072
"_Z15kAdd_contiguousPfS_S_j",9,0,0,16,23664,4145152,128,0,0,2,1,0,0x0,0.000088,7.218409,667.695080,0,0.000000,0.041696,0.003920,0.000000,87.410072
"_Z15kAdd_contiguousPfS_S_j",10,0,0,17,23664,4145152,128,0,0,2,1,0,0x0,0.000087,7.244588,667.695080,0,0.000000,0.041847,0.003934,0.000000,87.410072
