kernel-name,dispatch,gpu-id,queue-id,queue-index,tid,grd,wgr,lds,scr,vgpr,sgpr,fbar,sig,time,VALUBusy,performance,LDSInsts,LDSBankConflict,L1MemoryBusy,L1MemoryStalled,L2WriteUnitStalled,L2CacheHit
"_Z6scaleQPfS_iiif",0,0,0,4,5950,652288,64,0,0,0,1,0,0x0,0.000056,38.065709,5025.458286,1626060,0.000000,0.074793,0.009141,0.000000,95.890411
"_Z6scaleQPfS_iiif",1,0,0,6,5950,652288,64,0,0,0,1,0,0x0,0.000061,37.286273,4887.824787,1724084,0.000000,0.069151,0.024843,0.000000,71.794872
"_Z6scaleQPfS_iiif",2,0,0,7,5950,652288,64,0,0,0,1,0,0x0,0.000055,37.668361,5019.081481,1565030,0.000000,0.076851,0.028463,0.000000,95.890411
"_Z6scaleQPfS_iiif",3,0,0,8,5950,652288,64,0,0,0,1,0,0x0,0.000060,37.362540,4912.518400,1704000,0.000000,0.070093,0.030114,0.000000,71.794872
"_Z6scaleQPfS_iiif",4,0,0,9,5950,652288,64,0,0,0,1,0,0x0,0.000060,37.332316,4911.989333,1703795,0.000000,0.070044,0.029574,0.000000,71.794872
"_Z6scaleQPfS_iiif",5,0,0,10,5950,652288,64,0,0,0,1,0,0x0,0.000061,37.275120,4889.560131,1724586,0.000000,0.046070,0.024827,0.000000,71.428571
"_Z6scaleQPfS_iiif",6,0,0,11,5950,652288,64,0,0,0,1,0,0x0,0.000061,37.309809,4959.603200,1720642,0.000000,0.115549,0.034665,0.000000,71.282051
"_Z6scaleQPfS_iiif",7,0,0,12,5950,652288,64,0,0,0,1,0,0x0,0.000061,37.364945,4949.559467,1717067,0.000000,0.046382,0.026283,0.000000,71.794872
"_Z6scaleQPfS_iiif",8,0,0,13,5950,652288,64,0,0,0,1,0,0x0,0.000059,37.423093,4914.132610,1675823,0.000000,0.071373,0.027227,0.000000,71.794872
"_Z6scaleQPfS_iiif",9,0,0,14,5950,652288,64,0,0,0,1,0,0x0,0.000058,37.473957,4944.384000,1657294,0.000000,0.072257,0.024353,0.000000,95.890411
"_Z6scaleQPfS_iiif",10,0,0,15,5950,652288,64,0,0,0,1,0,0x0,0.000057,37.561064,5003.794286,1618789,0.000000,0.098828,0.012079,0.000000,95.890411
