kernel-name,dispatch,gpu-id,queue-id,queue-index,tid,grd,wgr,lds,scr,vgpr,sgpr,fbar,sig,time,VALUBusy,performance,LDSInsts,LDSBankConflict,L1MemoryBusy,L1MemoryStalled,L2WriteUnitStalled,L2CacheHit
"_Z6scaleQPfS_iiif",0,0,0,4,5584,246016,64,0,0,0,1,0,0x0,0.000030,41.224829,5573.195034,938002,0.000000,0.376097,0.045967,0.000000,97.530864
"_Z6scaleQPfS_iiif",1,0,0,6,5584,246016,64,0,0,0,1,0,0x0,0.000037,39.115877,5242.289778,1096827,0.000000,0.382023,0.111636,0.000000,80.612245
"_Z6scaleQPfS_iiif",2,0,0,7,5584,246016,64,0,0,0,1,0,0x0,0.000030,40.312253,5283.801600,919790,0.000000,0.328111,0.063539,0.000000,97.540984
"_Z6scaleQPfS_iiif",3,0,0,8,5584,246016,64,0,0,0,1,0,0x0,0.000035,39.325000,5165.703314,1050328,0.000000,0.240535,0.098441,0.000000,81.506849
"_Z6scaleQPfS_iiif",4,0,0,9,5584,246016,64,0,0,0,1,0,0x0,0.000035,39.436160,5250.488471,1037008,0.000000,0.366450,0.109935,0.000000,81.099656
"_Z6scaleQPfS_iiif",5,0,0,10,5584,246016,64,0,0,0,1,0,0x0,0.000035,39.338296,5283.113412,1043516,0.000000,0.242187,0.102705,0.000000,80.821918
"_Z6scaleQPfS_iiif",6,0,0,11,5584,246016,64,0,0,0,1,0,0x0,0.000033,39.570809,5236.623515,1003606,0.000000,0.295436,0.104575,0.000000,81.506849
"_Z6scaleQPfS_iiif",7,0,0,12,5584,246016,64,0,0,0,1,0,0x0,0.000037,38.998982,5169.760865,1111843,0.000000,0.300626,0.096033,0.000000,80.677966
"_Z6scaleQPfS_iiif",8,0,0,13,5584,246016,64,0,0,0,1,0,0x0,0.000034,39.544849,5310.052848,1017849,0.000000,0.249566,0.104448,0.000000,80.887372
"_Z6scaleQPfS_iiif",9,0,0,14,5584,246016,64,0,0,0,1,0,0x0,0.000033,39.435630,5195.434667,995583,0.000000,0.339156,0.063592,0.000000,97.530864
"_Z6scaleQPfS_iiif",10,0,0,15,5584,246016,64,0,0,0,1,0,0x0,0.000028,40.755328,5535.378963,866755,0.000000,0.402082,0.049143,0.000000,97.540984
