kernel-name,dispatch,gpu-id,queue-id,queue-index,tid,grd,wgr,lds,scr,vgpr,sgpr,fbar,sig,time,VALUBusy,performance,LDSInsts,LDSBankConflict,L1MemoryBusy,L1MemoryStalled,L2WriteUnitStalled,L2CacheHit
"_Z26ker_sparse_to_dense_assigniPKjPfS1_",0,0,0,6,95264,1040384,64,0,0,1,1,0,0x0,0.000047,5.797919,678.511304,0,0.000000,34.099027,3.076200,0.000000,99.251553
"_Z26ker_sparse_to_dense_assigniPKjPfS1_",1,0,0,8,95264,1040384,64,0,0,1,1,0,0x0,0.000051,5.338641,624.230400,0,0.000000,31.565120,3.622870,0.000000,98.846965
"_Z26ker_sparse_to_dense_assigniPKjPfS1_",2,0,0,9,95264,1040384,64,0,0,1,1,0,0x0,0.000047,5.797607,678.511304,0,0.000000,33.794425,3.120343,0.000000,99.251694
"_Z26ker_sparse_to_dense_assigniPKjPfS1_",3,0,0,10,95264,1040384,64,0,0,1,1,0,0x0,0.000048,5.579893,650.240000,0,0.000000,32.974414,3.553983,0.000000,98.865767
"_Z26ker_sparse_to_dense_assigniPKjPfS1_",4,0,0,11,95264,1040384,64,0,0,1,1,0,0x0,0.000048,5.575858,650.240000,0,0.000000,33.063558,3.763833,0.000000,98.856339
"_Z26ker_sparse_to_dense_assigniPKjPfS1_",5,0,0,12,95264,1040384,64,0,0,1,1,0,0x0,0.000049,5.562211,650.240000,0,0.000000,32.510531,3.338872,0.000000,98.885859
"_Z26ker_sparse_to_dense_assigniPKjPfS1_",6,0,0,13,95264,1040384,64,0,0,1,1,0,0x0,0.000049,5.535897,650.240000,0,0.000000,32.258974,3.261218,0.000000,98.876457
"_Z26ker_sparse_to_dense_assigniPKjPfS1_",7,0,0,14,95264,1040384,64,0,0,1,1,0,0x0,0.000049,5.510324,650.240000,0,0.000000,32.610513,3.485108,0.000000,98.874613
"_Z26ker_sparse_to_dense_assigniPKjPfS1_",8,0,0,15,95264,1040384,64,0,0,1,1,0,0x0,0.000047,5.775043,678.511304,0,0.000000,34.146048,3.116892,0.000000,99.246660
"_Z26ker_sparse_to_dense_assigniPKjPfS1_",9,0,0,16,95264,1040384,64,0,0,1,1,0,0x0,0.000047,5.740189,664.074894,0,0.000000,33.484991,3.119350,0.000000,99.246231
"_Z26ker_sparse_to_dense_assigniPKjPfS1_",10,0,0,17,95264,1040384,64,0,0,1,1,0,0x0,0.000047,5.794806,678.511304,0,0.000000,33.891498,3.133597,0.000000,99.252257
