kernel-name,dispatch,gpu-id,queue-id,queue-index,tid,grd,wgr,lds,scr,vgpr,sgpr,fbar,sig,time,VALUBusy,performance,LDSInsts,LDSBankConflict,L1MemoryBusy,L1MemoryStalled,L2WriteUnitStalled,L2CacheHit
"_Z26ker_sparse_to_dense_assigniPKjPfS1_",0,0,0,6,94998,652288,64,0,0,1,1,0,0x0,0.000031,5.413417,631.246452,0,0.000000,31.582683,3.000400,0.000000,99.034431
"_Z26ker_sparse_to_dense_assigniPKjPfS1_",1,0,0,8,94998,652288,64,0,0,1,1,0,0x0,0.000035,4.800174,559.104000,0,0.000000,27.485416,2.648097,0.000000,98.540255
"_Z26ker_sparse_to_dense_assigniPKjPfS1_",2,0,0,9,94998,652288,64,0,0,1,1,0,0x0,0.000031,5.414283,631.246452,0,0.000000,30.880765,2.933383,0.000000,99.034431
"_Z26ker_sparse_to_dense_assigniPKjPfS1_",3,0,0,10,94998,652288,64,0,0,1,1,0,0x0,0.000033,5.112263,592.989091,0,0.000000,29.184606,2.786747,0.000000,98.540255
"_Z26ker_sparse_to_dense_assigniPKjPfS1_",4,0,0,11,94998,652288,64,0,0,1,1,0,0x0,0.000033,5.114388,592.989091,0,0.000000,29.098028,2.784600,0.000000,98.540255
"_Z26ker_sparse_to_dense_assigniPKjPfS1_",5,0,0,12,94998,652288,64,0,0,1,1,0,0x0,0.000033,5.097535,592.989091,0,0.000000,29.041217,2.778719,0.000000,98.554935
"_Z26ker_sparse_to_dense_assigniPKjPfS1_",6,0,0,13,94998,652288,64,0,0,1,1,0,0x0,0.000033,5.095233,592.989091,0,0.000000,28.933525,2.821693,0.000000,98.547594
"_Z26ker_sparse_to_dense_assigniPKjPfS1_",7,0,0,14,94998,652288,64,0,0,1,1,0,0x0,0.000033,5.071276,592.989091,0,0.000000,28.772198,2.799528,0.000000,98.540255
"_Z26ker_sparse_to_dense_assigniPKjPfS1_",8,0,0,15,94998,652288,64,0,0,1,1,0,0x0,0.000031,5.395400,631.246452,0,0.000000,30.622596,2.902226,0.000000,99.034431
"_Z26ker_sparse_to_dense_assigniPKjPfS1_",9,0,0,16,94998,652288,64,0,0,1,1,0,0x0,0.000031,5.389707,631.246452,0,0.000000,31.035238,2.918575,0.000000,99.034431
"_Z26ker_sparse_to_dense_assigniPKjPfS1_",10,0,0,17,94998,652288,64,0,0,1,1,0,0x0,0.000031,5.392821,631.246452,0,0.000000,30.604968,2.941674,0.000000,99.034431
