kernel-name,dispatch,gpu-id,queue-id,queue-index,tid,grd,wgr,lds,scr,vgpr,sgpr,fbar,sig,time,VALUBusy,performance,LDSInsts,LDSBankConflict,L1MemoryBusy,L1MemoryStalled,L2WriteUnitStalled,L2CacheHit
"sub_scalar_float",0,0,0,4,62206,253952,32,0,0,1,1,0,0x0,0.001352,85.420589,10072.391195,0,0.000000,85.459744,19.457181,0.025425,99.754672
"sub_scalar_float",1,0,0,6,62206,253952,32,0,0,1,1,0,0x0,0.001359,84.958218,10020.509857,0,0.000000,84.915483,19.226172,0.007816,99.753557
"sub_scalar_float",2,0,0,7,62206,253952,32,0,0,1,1,0,0x0,0.001358,85.038604,10027.888730,0,0.000000,84.813610,19.219260,0.025311,99.749490
"sub_scalar_float",3,0,0,8,62206,253952,32,0,0,1,1,0,0x0,0.001362,84.778294,9998.438250,0,0.000000,84.636113,19.259872,0.126169,99.750276
"sub_scalar_float",4,0,0,9,62206,253952,32,0,0,1,1,0,0x0,0.001361,84.883989,10013.141835,0,0.000000,84.464930,19.161519,0.072121,99.748945
"sub_scalar_float",5,0,0,10,62206,253952,32,0,0,1,1,0,0x0,0.001359,84.957047,10020.509857,0,0.000000,84.907771,19.287090,0.068965,99.754659
"sub_scalar_float",6,0,0,11,62206,253952,32,0,0,1,1,0,0x0,0.001356,85.144911,10042.679127,0,0.000000,84.796803,19.169918,0.077872,99.754672
"sub_scalar_float",7,0,0,12,62206,253952,32,0,0,1,1,0,0x0,0.001360,84.890735,10013.141835,0,0.000000,84.525462,19.102378,0.069830,99.754672
"sub_scalar_float",8,0,0,13,62206,253952,32,0,0,1,1,0,0x0,0.001359,84.963062,10020.509857,0,0.000000,84.815617,19.210704,0.075866,99.754672
"sub_scalar_float",9,0,0,14,62206,253952,32,0,0,1,1,0,0x0,0.001358,85.014465,10027.888730,0,0.000000,85.086984,19.364823,0.057049,99.754672
"sub_scalar_float",10,0,0,15,62206,253952,32,0,0,1,1,0,0x0,0.001355,85.243933,10057.513217,0,0.000000,85.087835,19.185373,0.067813,99.754672
