kernel-name,dispatch,gpu-id,queue-id,queue-index,tid,grd,wgr,lds,scr,vgpr,sgpr,fbar,sig,time,VALUBusy,performance,LDSInsts,LDSBankConflict,L1MemoryBusy,L1MemoryStalled,L2WriteUnitStalled,L2CacheHit
"_Z11kUpperBoundPfS_S_j",0,0,0,6,10876,4145152,128,0,0,2,1,0,0x0,0.000086,7.326389,675.506605,0,0.000000,0.042318,0.003979,0.000000,87.410072
"_Z11kUpperBoundPfS_S_j",1,0,0,8,10876,4145152,128,0,0,2,1,0,0x0,0.000091,6.928350,638.390857,0,0.000000,0.137329,0.100389,0.000000,73.636364
"_Z11kUpperBoundPfS_S_j",2,0,0,9,10876,4145152,128,0,0,2,1,0,0x0,0.000086,7.321146,675.506605,0,0.000000,0.042287,0.003976,0.000000,87.410072
"_Z11kUpperBoundPfS_S_j",3,0,0,10,10876,4145152,128,0,0,2,1,0,0x0,0.000089,7.110562,652.736719,0,0.000000,0.138659,0.101449,0.000000,73.636364
"_Z11kUpperBoundPfS_S_j",4,0,0,11,10876,4145152,128,0,0,2,1,0,0x0,0.000090,7.048752,652.736719,0,0.000000,0.146327,0.103003,0.000000,73.636364
"_Z11kUpperBoundPfS_S_j",5,0,0,12,10876,4145152,128,0,0,2,1,0,0x0,0.000090,7.052139,652.736719,0,0.000000,0.140827,0.103923,0.000000,73.636364
"_Z11kUpperBoundPfS_S_j",6,0,0,13,10876,4145152,128,0,0,2,1,0,0x0,0.000090,7.036705,652.736719,0,0.000000,0.143124,0.106301,0.000000,73.636364
"_Z11kUpperBoundPfS_S_j",7,0,0,14,10876,4145152,128,0,0,2,1,0,0x0,0.000090,7.045124,652.736719,0,0.000000,0.139122,0.101559,0.000000,73.636364
"_Z11kUpperBoundPfS_S_j",8,0,0,15,10876,4145152,128,0,0,2,1,0,0x0,0.000087,7.263652,667.742161,0,0.000000,0.041955,0.003945,0.000000,87.410072
"_Z11kUpperBoundPfS_S_j",9,0,0,16,10876,4145152,128,0,0,2,1,0,0x0,0.000087,7.286436,675.506605,0,0.000000,0.048742,0.003957,0.000000,87.410072
"_Z11kUpperBoundPfS_S_j",10,0,0,17,10876,4145152,128,0,0,2,1,0,0x0,0.000087,7.266362,667.742161,0,0.000000,0.041971,0.003946,0.000000,87.410072
