kernel-name,dispatch,gpu-id,queue-id,queue-index,tid,grd,wgr,lds,scr,vgpr,sgpr,fbar,sig,time,VALUBusy,performance,LDSInsts,LDSBankConflict,L1MemoryBusy,L1MemoryStalled,L2WriteUnitStalled,L2CacheHit
"_Z11kUpperBoundPfS_S_j",0,0,0,6,6224,1517824,16,0,0,2,1,0,0x0,0.000243,3.817558,351.842909,0,0.000000,0.036268,0.004244,0.000000,89.164087
"_Z11kUpperBoundPfS_S_j",1,0,0,8,6224,1517824,16,0,0,2,1,0,0x0,0.000248,3.743087,344.720583,0,0.000000,0.035560,0.040163,0.000000,76.595745
"_Z11kUpperBoundPfS_S_j",2,0,0,9,6224,1517824,16,0,0,2,1,0,0x0,0.000243,3.818717,351.842909,0,0.000000,0.036279,0.004245,0.000000,89.164087
"_Z11kUpperBoundPfS_S_j",3,0,0,10,6224,1517824,16,0,0,2,1,0,0x0,0.000246,3.777353,347.534629,0,0.000000,0.035886,0.040212,0.000000,76.800000
"_Z11kUpperBoundPfS_S_j",4,0,0,11,6224,1517824,16,0,0,2,1,0,0x0,0.000246,3.774606,347.534629,0,0.000000,0.035860,0.039420,0.000000,76.595745
"_Z11kUpperBoundPfS_S_j",5,0,0,12,6224,1517824,16,0,0,2,1,0,0x0,0.000246,3.767343,346.121886,0,0.000000,0.035791,0.041312,0.000000,76.595745
"_Z11kUpperBoundPfS_S_j",6,0,0,13,6224,1517824,16,0,0,2,1,0,0x0,0.000246,3.766789,346.121886,0,0.000000,0.035785,0.040988,0.000000,76.800000
"_Z11kUpperBoundPfS_S_j",7,0,0,14,6224,1517824,16,0,0,2,1,0,0x0,0.000246,3.771191,347.534629,0,0.000000,0.035827,0.041036,0.000000,76.800000
"_Z11kUpperBoundPfS_S_j",8,0,0,15,6224,1517824,16,0,0,2,1,0,0x0,0.000243,3.816547,350.394996,0,0.000000,0.036258,0.004243,0.000000,89.164087
"_Z11kUpperBoundPfS_S_j",9,0,0,16,6224,1517824,16,0,0,2,1,0,0x0,0.000243,3.815026,350.394996,0,0.000000,0.036244,0.004241,0.000000,89.164087
"_Z11kUpperBoundPfS_S_j",10,0,0,17,6224,1517824,16,0,0,2,1,0,0x0,0.000244,3.807569,350.394996,0,0.000000,0.036173,0.004233,0.000000,89.164087
