kernel-name,dispatch,gpu-id,queue-id,queue-index,tid,grd,wgr,lds,scr,vgpr,sgpr,fbar,sig,time,VALUBusy,performance,LDSInsts,LDSBankConflict,L1MemoryBusy,L1MemoryStalled,L2WriteUnitStalled,L2CacheHit
"_Z10SomeKernelPiS_iiii",0,0,0,4,2876,614656,64,0,0,2,2,0,0x0,0.000029,2.016099,222.331586,0,0.000000,0.168868,0.000000,0.000000,87.037037
"_Z10SomeKernelPiS_iiii",1,0,0,6,2876,614656,64,0,0,2,2,0,0x0,0.000033,1.773169,195.382303,0,0.000000,0.148520,0.000000,0.000000,72.307692
"_Z10SomeKernelPiS_iiii",2,0,0,7,2876,614656,64,0,0,2,2,0,0x0,0.000029,2.011613,222.331586,0,0.000000,0.168492,0.000000,0.000000,87.037037
"_Z10SomeKernelPiS_iiii",3,0,0,8,2876,614656,64,0,0,2,2,0,0x0,0.000030,1.941132,214.920533,0,0.000000,0.162589,0.000000,0.000000,72.307692
"_Z10SomeKernelPiS_iiii",4,0,0,9,2876,614656,64,0,0,2,2,0,0x0,0.000031,1.895616,214.920533,0,0.000000,0.158777,0.000000,0.000000,72.307692
"_Z10SomeKernelPiS_iiii",5,0,0,10,2876,614656,64,0,0,2,2,0,0x0,0.000030,1.938891,214.920533,0,0.000000,0.162401,0.000000,0.000000,72.755418
"_Z10SomeKernelPiS_iiii",6,0,0,11,2876,614656,64,0,0,2,2,0,0x0,0.000031,1.870871,207.987613,0,0.000000,0.156704,0.000000,0.000000,72.530864
"_Z10SomeKernelPiS_iiii",7,0,0,12,2876,614656,64,0,0,2,2,0,0x0,0.000031,1.921102,214.920533,0,0.000000,0.160911,0.000000,0.000000,71.646341
"_Z10SomeKernelPiS_iiii",8,0,0,13,2876,614656,64,0,0,2,2,0,0x0,0.000030,1.946719,214.920533,0,0.000000,0.163057,0.000000,0.000000,87.037037
"_Z10SomeKernelPiS_iiii",9,0,0,14,2876,614656,64,0,0,2,2,0,0x0,0.000029,1.997891,222.331586,0,0.000000,0.167343,0.000000,0.000000,87.037037
"_Z10SomeKernelPiS_iiii",10,0,0,15,2876,614656,64,0,0,2,2,0,0x0,0.000029,2.004664,222.331586,0,0.000000,0.167910,0.000000,0.000000,87.037037
