kernel-name,dispatch,gpu-id,queue-id,queue-index,tid,grd,wgr,lds,scr,vgpr,sgpr,fbar,sig,time,VALUBusy,performance,LDSInsts,LDSBankConflict,L1MemoryBusy,L1MemoryStalled,L2WriteUnitStalled,L2CacheHit
"_Z9_softbackiiPfS_",0,0,0,4,118711,246016,16,0,0,4,2,0,0x0,0.000044,0.750287,97.035636,0,0.000000,0.301782,0.035107,0.000000,90.182648
"_Z9_softbackiiPfS_",1,0,0,6,118711,246016,16,0,0,4,2,0,0x0,0.000049,0.670177,87.134041,0,0.000000,0.256573,0.056699,0.000000,80.777096
"_Z9_softbackiiPfS_",2,0,0,7,118711,246016,16,0,0,4,2,0,0x0,0.000044,0.753140,99.292279,0,0.000000,0.288334,0.035241,0.000000,90.182648
"_Z9_softbackiiPfS_",3,0,0,8,118711,246016,16,0,0,4,2,0,0x0,0.000047,0.696071,90.841872,0,0.000000,0.266486,0.056258,0.000000,80.942623
"_Z9_softbackiiPfS_",4,0,0,9,118711,246016,16,0,0,4,2,0,0x0,0.000047,0.698396,90.841872,0,0.000000,0.267376,0.056446,0.000000,80.942623
"_Z9_softbackiiPfS_",5,0,0,10,118711,246016,16,0,0,4,2,0,0x0,0.000047,0.696071,90.841872,0,0.000000,0.266486,0.059219,0.000000,80.777096
"_Z9_softbackiiPfS_",6,0,0,11,118711,246016,16,0,0,4,2,0,0x0,0.000048,0.693698,90.841872,0,0.000000,0.265577,0.054427,0.000000,80.777096
"_Z9_softbackiiPfS_",7,0,0,12,118711,246016,16,0,0,4,2,0,0x0,0.000048,0.693016,90.841872,0,0.000000,0.265316,0.056339,0.000000,80.942623
"_Z9_softbackiiPfS_",8,0,0,13,118711,246016,16,0,0,4,2,0,0x0,0.000044,0.752047,99.292279,0,0.000000,0.302490,0.035190,0.000000,90.182648
"_Z9_softbackiiPfS_",9,0,0,14,118711,246016,16,0,0,4,2,0,0x0,0.000044,0.751310,97.035636,0,0.000000,0.302193,0.035155,0.000000,90.182648
"_Z9_softbackiiPfS_",10,0,0,15,118711,246016,16,0,0,4,2,0,0x0,0.000044,0.752486,99.292279,0,0.000000,0.302666,0.035210,0.000000,90.182648
