kernel-name,dispatch,gpu-id,queue-id,queue-index,tid,grd,wgr,lds,scr,vgpr,sgpr,fbar,sig,time,VALUBusy,performance,LDSInsts,LDSBankConflict,L1MemoryBusy,L1MemoryStalled,L2WriteUnitStalled,L2CacheHit
"_Z13normalize_cdfPjPfi",0,0,0,4,104632,4274688,192,0,0,2,1,0,0x0,0.000085,21.475659,2413.941459,0,0.000000,26.070972,3.505416,0.000000,99.671515
"_Z13normalize_cdfPjPfi",1,0,0,6,104632,4274688,192,0,0,2,1,0,0x0,0.000078,23.375330,2630.577231,0,0.000000,31.754260,4.585433,0.000000,99.559071
"_Z13normalize_cdfPjPfi",2,0,0,7,104632,4274688,192,0,0,2,1,0,0x0,0.000074,24.622093,2772.770595,0,0.000000,33.251390,4.580595,0.000000,99.679099
"_Z13normalize_cdfPjPfi",3,0,0,8,104632,4274688,192,0,0,2,1,0,0x0,0.000073,25.161015,2849.792000,0,0.000000,34.763600,5.381959,0.000000,99.559947
"_Z13normalize_cdfPjPfi",4,0,0,9,104632,4274688,192,0,0,2,1,0,0x0,0.000074,24.835754,2810.753753,0,0.000000,34.689442,5.445397,0.000000,99.558553
"_Z13normalize_cdfPjPfi",5,0,0,10,104632,4274688,192,0,0,2,1,0,0x0,0.000073,24.903485,2810.753753,0,0.000000,34.286128,5.347327,0.000000,99.568081
"_Z13normalize_cdfPjPfi",6,0,0,11,104632,4274688,192,0,0,2,1,0,0x0,0.000073,24.923876,2810.753753,0,0.000000,34.082845,5.409065,0.000000,99.566236
"_Z13normalize_cdfPjPfi",7,0,0,12,104632,4274688,192,0,0,2,1,0,0x0,0.000074,24.792347,2810.753753,0,0.000000,34.361134,5.379035,0.000000,99.560314
"_Z13normalize_cdfPjPfi",8,0,0,13,104632,4274688,192,0,0,2,1,0,0x0,0.000074,24.673027,2772.770595,0,0.000000,34.218137,5.252248,0.000000,99.569052
"_Z13normalize_cdfPjPfi",9,0,0,14,104632,4274688,192,0,0,2,1,0,0x0,0.000072,25.417957,2889.929915,0,0.000000,36.049763,5.221417,0.000000,99.678760
"_Z13normalize_cdfPjPfi",10,0,0,15,104632,4274688,192,0,0,2,1,0,0x0,0.000072,25.208116,2849.792000,0,0.000000,35.077768,5.069832,0.000000,99.678994
