kernel-name,dispatch,gpu-id,queue-id,queue-index,tid,grd,wgr,lds,scr,vgpr,sgpr,fbar,sig,time,VALUBusy,performance,LDSInsts,LDSBankConflict,L1MemoryBusy,L1MemoryStalled,L2WriteUnitStalled,L2CacheHit
"_Z11emptyKernelv",0,0,0,0,65163,285696,192,0,0,0,0,0,0x0,0.000010,0.000000,0.000000,0,0.000000,0.000000,0.000000,0.000000,95.833333
"_Z11emptyKernelv",1,0,0,2,65163,285696,192,0,0,0,0,0,0x0,0.000015,0.000000,0.000000,0,0.000000,0.000000,0.000000,0.000000,94.520548
"_Z11emptyKernelv",2,0,0,3,65163,285696,192,0,0,0,0,0,0x0,0.000009,0.000000,0.000000,0,0.000000,0.000000,0.000000,0.000000,95.833333
"_Z11emptyKernelv",3,0,0,4,65163,285696,192,0,0,0,0,0,0x0,0.000012,0.000000,0.000000,0,0.000000,0.000000,0.000000,0.000000,94.520548
"_Z11emptyKernelv",4,0,0,5,65163,285696,192,0,0,0,0,0,0x0,0.000012,0.000000,0.000000,0,0.000000,0.000000,0.000000,0.000000,94.520548
"_Z11emptyKernelv",5,0,0,6,65163,285696,192,0,0,0,0,0,0x0,0.000013,0.000000,0.000000,0,0.000000,0.000000,0.000000,0.000000,94.520548
"_Z11emptyKernelv",6,0,0,7,65163,285696,192,0,0,0,0,0,0x0,0.000013,0.000000,0.000000,0,0.000000,0.000000,0.000000,0.000000,94.520548
"_Z11emptyKernelv",7,0,0,8,65163,285696,192,0,0,0,0,0,0x0,0.000013,0.000000,0.000000,0,0.000000,0.000000,0.000000,0.000000,94.520548
"_Z11emptyKernelv",8,0,0,9,65163,285696,192,0,0,0,0,0,0x0,0.000013,0.000000,0.000000,0,0.000000,0.000000,0.000000,0.000000,94.520548
"_Z11emptyKernelv",9,0,0,10,65163,285696,192,0,0,0,0,0,0x0,0.000009,0.000000,0.000000,0,0.000000,0.000000,0.000000,0.000000,95.833333
"_Z11emptyKernelv",10,0,0,11,65163,285696,192,0,0,0,0,0,0x0,0.000009,0.000000,0.000000,0,0.000000,0.000000,0.000000,0.000000,95.833333
