kernel-name,dispatch,gpu-id,queue-id,queue-index,tid,grd,wgr,lds,scr,vgpr,sgpr,fbar,sig,time,VALUBusy,performance,LDSInsts,LDSBankConflict,L1MemoryBusy,L1MemoryStalled,L2WriteUnitStalled,L2CacheHit
"_Z9subsamplePfS_S_S_iiiiiii",0,0,0,8,26037,92160,192,0,0,6,5,0,0x0,0.000011,5.791506,556.032000,0,0.000000,1.326106,0.164835,0.000000,92.777778
"_Z9subsamplePfS_S_S_iiiiiii",1,0,0,10,26037,92160,192,0,0,6,5,0,0x0,0.000015,4.200957,397.165714,0,0.000000,1.041622,0.401784,0.000000,85.131691
"_Z9subsamplePfS_S_S_iiiiiii",2,0,0,11,26037,92160,192,0,0,6,5,0,0x0,0.000010,5.973167,556.032000,0,0.000000,1.632666,0.231269,0.000000,92.777778
"_Z9subsamplePfS_S_S_iiiiiii",3,0,0,12,26037,92160,192,0,0,6,5,0,0x0,0.000012,4.971193,463.360000,0,0.000000,1.235150,0.475450,0.000000,84.987277
"_Z9subsamplePfS_S_S_iiiiiii",4,0,0,13,26037,92160,192,0,0,6,5,0,0x0,0.000012,4.905167,463.360000,0,0.000000,1.367158,0.493032,0.000000,84.987277
"_Z9subsamplePfS_S_S_iiiiiii",5,0,0,14,26037,92160,192,0,0,6,5,0,0x0,0.000012,4.991553,463.360000,0,0.000000,1.328521,0.467158,0.000000,85.131691
"_Z9subsamplePfS_S_S_iiiiiii",6,0,0,15,26037,92160,192,0,0,6,5,0,0x0,0.000013,4.663956,427.716923,0,0.000000,1.199474,0.442478,0.000000,85.131691
"_Z9subsamplePfS_S_S_iiiiiii",7,0,0,16,26037,92160,192,0,0,6,5,0,0x0,0.000013,4.759813,463.360000,0,0.000000,1.139914,0.445470,0.000000,85.059423
"_Z9subsamplePfS_S_S_iiiiiii",8,0,0,17,26037,92160,192,0,0,6,5,0,0x0,0.000011,5.619597,556.032000,0,0.000000,1.410663,0.164265,0.000000,92.777778
"_Z9subsamplePfS_S_S_iiiiiii",9,0,0,18,26037,92160,192,0,0,6,5,0,0x0,0.000011,5.678840,556.032000,0,0.000000,1.325063,0.161629,0.000000,92.777778
"_Z9subsamplePfS_S_S_iiiiiii",10,0,0,19,26037,92160,192,0,0,6,5,0,0x0,0.000011,5.543868,556.032000,0,0.000000,1.530960,0.187639,0.000000,92.777778
