kernel-name,dispatch,gpu-id,queue-id,queue-index,tid,grd,wgr,lds,scr,vgpr,sgpr,fbar,sig,time,VALUBusy,performance,LDSInsts,LDSBankConflict,L1MemoryBusy,L1MemoryStalled,L2WriteUnitStalled,L2CacheHit
"_Z26fast_variance_delta_kernelPfS_S_S_iiiS_",0,0,0,10,113689,1517824,16,2048,0,4,4,0,0x0,0.001069,72.452543,9217.824959,12427184,0.000000,20.173020,2.967465,0.000000,99.949086
"_Z26fast_variance_delta_kernelPfS_S_S_iiiS_",1,0,0,12,113689,1517824,16,2048,0,4,4,0,0x0,0.001076,71.964363,9152.224119,12427184,0.000000,20.112838,2.987279,0.000000,99.868907
"_Z26fast_variance_delta_kernelPfS_S_S_iiiS_",2,0,0,13,113689,1517824,16,2048,0,4,4,0,0x0,0.001069,72.421204,9209.008614,12427184,0.000000,20.251785,3.103336,0.000000,99.843181
"_Z26fast_variance_delta_kernelPfS_S_S_iiiS_",3,0,0,14,113689,1517824,16,2048,0,4,4,0,0x0,0.001075,72.048782,9168.726644,12427184,0.000000,20.195904,3.110255,0.000000,99.843375
"_Z26fast_variance_delta_kernelPfS_S_S_iiiS_",4,0,0,15,113689,1517824,16,2048,0,4,4,0,0x0,0.001068,72.465270,9217.304210,12427184,0.000000,20.116888,2.961641,0.000000,99.948831
"_Z26fast_variance_delta_kernelPfS_S_S_iiiS_",5,0,0,16,113689,1517824,16,2048,0,4,4,0,0x0,0.001075,72.047555,9168.802086,12427184,0.000000,20.123431,3.008236,0.000000,99.861547
"_Z26fast_variance_delta_kernelPfS_S_S_iiiS_",6,0,0,17,113689,1517824,16,2048,0,4,4,0,0x0,0.001068,72.507337,9225.657582,12427184,0.000000,20.165638,2.966274,0.000000,99.949187
"_Z26fast_variance_delta_kernelPfS_S_S_iiiS_",7,0,0,18,113689,1517824,16,2048,0,4,4,0,0x0,0.001068,72.476183,9217.223191,12427184,0.000000,20.175659,2.966793,0.000000,99.949179
"_Z26fast_variance_delta_kernelPfS_S_S_iiiS_",8,0,0,19,113689,1517824,16,2048,0,4,4,0,0x0,0.001068,72.498634,9225.735318,12427184,0.000000,20.220557,2.967678,0.000000,99.949156
"_Z26fast_variance_delta_kernelPfS_S_S_iiiS_",9,0,0,20,113689,1517824,16,2048,0,4,4,0,0x0,0.001067,72.528157,9225.492873,12427184,0.000000,20.197981,2.970426,0.000000,99.949171
"_Z26fast_variance_delta_kernelPfS_S_S_iiiS_",10,0,0,21,113689,1517824,16,2048,0,4,4,0,0x0,0.001067,72.554579,9233.968030,12427184,0.000000,20.197561,2.975255,0.000000,99.949099
