kernel-name,dispatch,gpu-id,queue-id,queue-index,tid,grd,wgr,lds,scr,vgpr,sgpr,fbar,sig,time,VALUBusy,performance,LDSInsts,LDSBankConflict,L1MemoryBusy,L1MemoryStalled,L2WriteUnitStalled,L2CacheHit
"_Z37refine_computeBestDepthSimMaps_kernelPfiS_iP15HIP_vector_typeIfLj3EEiS2_iiif",0,0,0,8,70296,246016,64,0,0,3,2,0,0x0,0.000016,11.625665,1312.085333,0,0.000000,26.382623,5.163941,0.000000,97.793630
"_Z37refine_computeBestDepthSimMaps_kernelPfiS_iP15HIP_vector_typeIfLj3EEiS2_iiif",1,0,0,10,70296,246016,64,0,0,3,2,0,0x0,0.000020,8.866210,984.064000,0,0.000000,22.383694,4.028865,0.000000,97.201039
"_Z37refine_computeBestDepthSimMaps_kernelPfiS_iP15HIP_vector_typeIfLj3EEiS2_iiif",2,0,0,11,70296,246016,64,0,0,3,2,0,0x0,0.000016,11.627567,1312.085333,0,0.000000,25.785340,5.037253,0.000000,97.793630
"_Z37refine_computeBestDepthSimMaps_kernelPfiS_iP15HIP_vector_typeIfLj3EEiS2_iiif",3,0,0,12,70296,246016,64,0,0,3,2,0,0x0,0.000018,9.949564,1093.404444,0,0.000000,23.724244,4.568948,0.000000,97.309343
"_Z37refine_computeBestDepthSimMaps_kernelPfiS_iP15HIP_vector_typeIfLj3EEiS2_iiif",4,0,0,13,70296,246016,64,0,0,3,2,0,0x0,0.000018,9.959307,1093.404444,0,0.000000,24.686961,4.574853,0.000000,97.237113
"_Z37refine_computeBestDepthSimMaps_kernelPfiS_iP15HIP_vector_typeIfLj3EEiS2_iiif",5,0,0,14,70296,246016,64,0,0,3,2,0,0x0,0.000018,9.872040,1093.404444,0,0.000000,23.449308,4.507608,0.000000,97.229095
"_Z37refine_computeBestDepthSimMaps_kernelPfiS_iP15HIP_vector_typeIfLj3EEiS2_iiif",6,0,0,15,70296,246016,64,0,0,3,2,0,0x0,0.000018,9.786301,1093.404444,0,0.000000,22.782108,4.399356,0.000000,97.237113
"_Z37refine_computeBestDepthSimMaps_kernelPfiS_iP15HIP_vector_typeIfLj3EEiS2_iiif",7,0,0,16,70296,246016,64,0,0,3,2,0,0x0,0.000019,9.742656,1093.404444,0,0.000000,25.049759,4.373714,0.000000,97.257166
"_Z37refine_computeBestDepthSimMaps_kernelPfiS_iP15HIP_vector_typeIfLj3EEiS2_iiif",8,0,0,17,70296,246016,64,0,0,3,2,0,0x0,0.000016,11.413366,1312.085333,0,0.000000,25.310326,4.939516,0.000000,97.793630
"_Z37refine_computeBestDepthSimMaps_kernelPfiS_iP15HIP_vector_typeIfLj3EEiS2_iiif",9,0,0,18,70296,246016,64,0,0,3,2,0,0x0,0.000016,11.399163,1312.085333,0,0.000000,24.934868,4.954013,0.000000,97.793630
"_Z37refine_computeBestDepthSimMaps_kernelPfiS_iP15HIP_vector_typeIfLj3EEiS2_iiif",10,0,0,19,70296,246016,64,0,0,3,2,0,0x0,0.000016,11.316935,1312.085333,0,0.000000,24.467064,4.924762,0.000000,97.793630
