kernel-name,dispatch,gpu-id,queue-id,queue-index,tid,grd,wgr,lds,scr,vgpr,sgpr,fbar,sig,time,VALUBusy,performance,LDSInsts,LDSBankConflict,L1MemoryBusy,L1MemoryStalled,L2WriteUnitStalled,L2CacheHit
"_Z9pw_vecMulPfS_S_i",0,0,0,6,19680,1040384,16,0,0,1,1,0,0x0,0.000168,5.654812,693.589333,0,0.000000,41.196917,4.388972,0.000000,99.776840
"_Z9pw_vecMulPfS_S_i",1,0,0,8,19680,1040384,16,0,0,1,1,0,0x0,0.000174,5.473627,669.672460,0,0.000000,39.981988,4.250950,0.000000,99.658628
"_Z9pw_vecMulPfS_S_i",2,0,0,9,19680,1040384,16,0,0,1,1,0,0x0,0.000168,5.655651,693.589333,0,0.000000,41.415676,4.392778,0.000000,99.776840
"_Z9pw_vecMulPfS_S_i",3,0,0,10,19680,1040384,16,0,0,1,1,0,0x0,0.000172,5.543451,681.421099,0,0.000000,40.614145,4.303449,0.000000,99.656627
"_Z9pw_vecMulPfS_S_i",4,0,0,11,19680,1040384,16,0,0,1,1,0,0x0,0.000172,5.543007,681.421099,0,0.000000,40.463136,4.304196,0.000000,99.655626
"_Z9pw_vecMulPfS_S_i",5,0,0,12,19680,1040384,16,0,0,1,1,0,0x0,0.000172,5.531781,677.459349,0,0.000000,40.195881,4.294752,0.000000,99.661630
"_Z9pw_vecMulPfS_S_i",6,0,0,13,19680,1040384,16,0,0,1,1,0,0x0,0.000172,5.529813,677.459349,0,0.000000,40.332805,4.302659,0.000000,99.657627
"_Z9pw_vecMulPfS_S_i",7,0,0,14,19680,1040384,16,0,0,1,1,0,0x0,0.000172,5.530777,677.459349,0,0.000000,40.372946,4.289709,0.000000,99.657627
"_Z9pw_vecMulPfS_S_i",8,0,0,15,19680,1040384,16,0,0,1,1,0,0x0,0.000169,5.651540,693.589333,0,0.000000,41.284057,4.386711,0.000000,99.776840
"_Z9pw_vecMulPfS_S_i",9,0,0,16,19680,1040384,16,0,0,1,1,0,0x0,0.000169,5.651435,693.589333,0,0.000000,41.115769,4.385888,0.000000,99.776840
"_Z9pw_vecMulPfS_S_i",10,0,0,17,19680,1040384,16,0,0,1,1,0,0x0,0.000169,5.651876,693.589333,0,0.000000,41.327023,4.390588,0.000000,99.776840
