kernel-name,dispatch,gpu-id,queue-id,queue-index,tid,grd,wgr,lds,scr,vgpr,sgpr,fbar,sig,time,VALUBusy,performance,LDSInsts,LDSBankConflict,L1MemoryBusy,L1MemoryStalled,L2WriteUnitStalled,L2CacheHit
"_Z12translate_3DPfmmmfff",0,0,0,2,62685,1040384,64,0,0,1,2,0,0x0,0.000046,1.375079,136.236522,0,0.000000,0.275893,0.059024,0.000000,83.333333
"_Z12translate_3DPfmmmfff",1,0,0,4,62685,1040384,64,0,0,1,2,0,0x0,0.000046,1.373763,136.236522,0,0.000000,0.126695,0.046837,0.000000,69.885057
"_Z12translate_3DPfmmmfff",2,0,0,5,62685,1040384,64,0,0,1,2,0,0x0,0.000048,1.326319,130.560000,0,0.000000,0.621682,0.078076,0.000000,83.333333
"_Z12translate_3DPfmmmfff",3,0,0,6,62685,1040384,64,0,0,1,2,0,0x0,0.000048,1.326751,130.560000,0,0.000000,0.122359,0.044908,0.000000,66.375546
"_Z12translate_3DPfmmmfff",4,0,0,7,62685,1040384,64,0,0,1,2,0,0x0,0.000048,1.332457,133.337872,0,0.000000,0.122885,0.045428,0.000000,75.739645
"_Z12translate_3DPfmmmfff",5,0,0,8,62685,1040384,64,0,0,1,2,0,0x0,0.000049,1.304590,130.560000,0,0.000000,0.120315,0.043838,0.000000,75.739645
"_Z12translate_3DPfmmmfff",6,0,0,9,62685,1040384,64,0,0,1,2,0,0x0,0.000048,1.326492,130.560000,0,0.000000,0.122335,0.043598,0.000000,75.516224
"_Z12translate_3DPfmmmfff",7,0,0,10,62685,1040384,64,0,0,1,2,0,0x0,0.000048,1.324080,130.560000,0,0.000000,0.367638,0.051313,0.000000,67.842324
"_Z12translate_3DPfmmmfff",8,0,0,11,62685,1040384,64,0,0,1,2,0,0x0,0.000051,1.256983,125.337600,0,0.000000,1.438887,0.231233,0.000000,83.333333
"_Z12translate_3DPfmmmfff",9,0,0,12,62685,1040384,64,0,0,1,2,0,0x0,0.000047,1.355566,136.236522,0,0.000000,0.125017,0.021944,0.000000,88.888889
"_Z12translate_3DPfmmmfff",10,0,0,13,62685,1040384,64,0,0,1,2,0,0x0,0.000049,1.288559,127.895510,0,0.000000,0.122314,0.020860,0.000000,79.166667
