kernel-name,dispatch,gpu-id,queue-id,queue-index,tid,grd,wgr,lds,scr,vgpr,sgpr,fbar,sig,time,VALUBusy,performance,LDSInsts,LDSBankConflict,L1MemoryBusy,L1MemoryStalled,L2WriteUnitStalled,L2CacheHit
"_Z12translate_3DPfmmmfff",0,0,0,2,60988,61440,64,0,0,1,2,0,0x0,0.000009,0.406773,41.642667,0,0.000000,0.826087,0.277592,0.000000,84.976526
"_Z12translate_3DPfmmmfff",1,0,0,4,60988,61440,64,0,0,1,2,0,0x0,0.000013,0.287258,28.829538,0,0.000000,0.568021,0.188947,0.000000,68.821293
"_Z12translate_3DPfmmmfff",2,0,0,5,60988,61440,64,0,0,1,2,0,0x0,0.000009,0.423309,46.848000,0,0.000000,0.708270,0.161840,0.000000,84.976526
"_Z12translate_3DPfmmmfff",3,0,0,6,60988,61440,64,0,0,1,2,0,0x0,0.000010,0.364125,37.478400,0,0.000000,0.727501,0.230525,0.000000,68.821293
"_Z12translate_3DPfmmmfff",4,0,0,7,60988,61440,64,0,0,1,2,0,0x0,0.000011,0.346806,37.478400,0,0.000000,0.692900,0.219561,0.000000,68.821293
"_Z12translate_3DPfmmmfff",5,0,0,8,60988,61440,64,0,0,1,2,0,0x0,0.000010,0.362908,37.478400,0,0.000000,0.725070,0.229755,0.000000,68.821293
"_Z12translate_3DPfmmmfff",6,0,0,9,60988,61440,64,0,0,1,2,0,0x0,0.000013,0.291415,28.829538,0,0.000000,0.582231,0.184493,0.000000,68.821293
"_Z12translate_3DPfmmmfff",7,0,0,10,60988,61440,64,0,0,1,2,0,0x0,0.000011,0.344410,34.071273,0,0.000000,0.688112,0.218044,0.000000,68.821293
"_Z12translate_3DPfmmmfff",8,0,0,11,60988,61440,64,0,0,1,2,0,0x0,0.000012,0.323333,34.071273,0,0.000000,0.623405,0.204700,0.000000,68.821293
"_Z12translate_3DPfmmmfff",9,0,0,12,60988,61440,64,0,0,1,2,0,0x0,0.000008,0.482601,53.540571,0,0.000000,1.061424,0.210301,0.000000,85.046729
"_Z12translate_3DPfmmmfff",10,0,0,13,60988,61440,64,0,0,1,2,0,0x0,0.000010,0.376175,37.478400,0,0.000000,0.629407,0.143820,0.000000,84.976526
