kernel-name,dispatch,gpu-id,queue-id,queue-index,tid,grd,wgr,lds,scr,vgpr,sgpr,fbar,sig,time,VALUBusy,performance,LDSInsts,LDSBankConflict,L1MemoryBusy,L1MemoryStalled,L2WriteUnitStalled,L2CacheHit
"_Z13kAddRowVectorPfS_S_jj",0,0,0,6,90205,285696,192,0,0,3,1,0,0x0,0.000010,4.248294,403.891200,0,0.000000,0.513161,0.033205,0.000000,84.120172
"_Z13kAddRowVectorPfS_S_jj",1,0,0,8,90205,285696,192,0,0,3,1,0,0x0,0.000017,2.651622,252.432000,0,0.000000,0.249642,0.088552,0.000000,64.102564
"_Z13kAddRowVectorPfS_S_jj",2,0,0,9,90205,285696,192,0,0,3,1,0,0x0,0.000010,4.379434,403.891200,0,0.000000,0.384304,0.143142,0.000000,84.388186
"_Z13kAddRowVectorPfS_S_jj",3,0,0,10,90205,285696,192,0,0,3,1,0,0x0,0.000014,3.086890,288.493714,0,0.000000,0.263204,0.085541,0.000000,63.461538
"_Z13kAddRowVectorPfS_S_jj",4,0,0,11,90205,285696,192,0,0,3,1,0,0x0,0.000014,3.070324,288.493714,0,0.000000,0.283607,0.097081,0.000000,64.102564
"_Z13kAddRowVectorPfS_S_jj",5,0,0,12,90205,285696,192,0,0,3,1,0,0x0,0.000015,2.923383,269.260800,0,0.000000,0.301192,0.097628,0.000000,63.694268
"_Z13kAddRowVectorPfS_S_jj",6,0,0,13,90205,285696,192,0,0,3,1,0,0x0,0.000015,3.011587,288.493714,0,0.000000,0.288881,0.089874,0.000000,64.102564
"_Z13kAddRowVectorPfS_S_jj",7,0,0,14,90205,285696,192,0,0,3,1,0,0x0,0.000015,2.860053,269.260800,0,0.000000,0.275362,0.095513,0.000000,63.870968
"_Z13kAddRowVectorPfS_S_jj",8,0,0,15,90205,285696,192,0,0,3,1,0,0x0,0.000014,3.081618,288.493714,0,0.000000,0.262755,0.093059,0.000000,63.870968
"_Z13kAddRowVectorPfS_S_jj",9,0,0,16,90205,285696,192,0,0,3,1,0,0x0,0.000011,4.108884,403.891200,0,0.000000,0.445229,0.132839,0.000000,84.388186
"_Z13kAddRowVectorPfS_S_jj",10,0,0,17,90205,285696,192,0,0,3,1,0,0x0,0.000011,3.960198,367.173818,0,0.000000,0.336260,0.118183,0.000000,84.388186
