kernel-name,dispatch,gpu-id,queue-id,queue-index,tid,grd,wgr,lds,scr,vgpr,sgpr,fbar,sig,time,VALUBusy,performance,LDSInsts,LDSBankConflict,L1MemoryBusy,L1MemoryStalled,L2WriteUnitStalled,L2CacheHit
"_Z7tonemapPfS_S_S_S_S_S_fffiii",0,0,0,14,107019,253952,256,0,0,3,2,0,0x0,0.000012,1.264062,170.005333,0,0.000000,0.271408,0.024097,0.000000,80.701754
"_Z7tonemapPfS_S_S_S_S_S_fffiii",1,0,0,16,107019,253952,256,0,0,3,2,0,0x0,0.000017,0.908856,120.003765,0,0.000000,0.260797,0.075686,0.000000,66.187050
"_Z7tonemapPfS_S_S_S_S_S_fffiii",2,0,0,17,107019,253952,256,0,0,3,2,0,0x0,0.000012,1.287244,170.005333,0,0.000000,0.370667,0.108488,0.000000,80.701754
"_Z7tonemapPfS_S_S_S_S_S_fffiii",3,0,0,18,107019,253952,256,0,0,3,2,0,0x0,0.000015,1.021280,136.004267,0,0.000000,0.294081,0.086073,0.000000,66.187050
"_Z7tonemapPfS_S_S_S_S_S_fffiii",4,0,0,19,107019,253952,256,0,0,3,2,0,0x0,0.000015,1.039993,145.718857,0,0.000000,0.298426,0.086606,0.000000,66.187050
"_Z7tonemapPfS_S_S_S_S_S_fffiii",5,0,0,20,107019,253952,256,0,0,3,2,0,0x0,0.000014,1.122800,156.928000,0,0.000000,0.322188,0.093502,0.000000,66.187050
"_Z7tonemapPfS_S_S_S_S_S_fffiii",6,0,0,21,107019,253952,256,0,0,3,2,0,0x0,0.000015,1.039559,145.718857,0,0.000000,0.301431,0.089699,0.000000,66.187050
"_Z7tonemapPfS_S_S_S_S_S_fffiii",7,0,0,22,107019,253952,256,0,0,3,2,0,0x0,0.000016,0.957028,127.504000,0,0.000000,0.274620,0.079697,0.000000,66.187050
"_Z7tonemapPfS_S_S_S_S_S_fffiii",8,0,0,23,107019,253952,256,0,0,3,2,0,0x0,0.000012,1.295813,170.005333,0,0.000000,0.378335,0.114411,0.000000,80.701754
"_Z7tonemapPfS_S_S_S_S_S_fffiii",9,0,0,24,107019,253952,256,0,0,3,2,0,0x0,0.000011,1.372999,185.460364,0,0.000000,0.406381,0.126736,0.000000,80.701754
"_Z7tonemapPfS_S_S_S_S_S_fffiii",10,0,0,25,107019,253952,256,0,0,3,2,0,0x0,0.000012,1.342883,185.460364,0,0.000000,0.377257,0.103746,0.000000,80.701754
