kernel-name,dispatch,gpu-id,queue-id,queue-index,tid,grd,wgr,lds,scr,vgpr,sgpr,fbar,sig,time,VALUBusy,performance,LDSInsts,LDSBankConflict,L1MemoryBusy,L1MemoryStalled,L2WriteUnitStalled,L2CacheHit
"_Z7tonemapPfS_S_S_S_S_S_fffiii",0,0,0,14,106533,61440,128,0,0,3,2,0,0x0,0.000013,0.291962,38.459077,0,0.000000,0.255346,0.022671,0.000000,80.701754
"_Z7tonemapPfS_S_S_S_S_S_fffiii",1,0,0,16,106533,61440,128,0,0,3,2,0,0x0,0.000018,0.214819,29.409882,0,0.000000,0.256356,0.078136,0.000000,66.187050
"_Z7tonemapPfS_S_S_S_S_S_fffiii",2,0,0,17,106533,61440,128,0,0,3,2,0,0x0,0.000011,0.335869,45.451636,0,0.000000,0.293746,0.026080,0.000000,80.701754
"_Z7tonemapPfS_S_S_S_S_S_fffiii",3,0,0,18,106533,61440,128,0,0,3,2,0,0x0,0.000017,0.230411,31.248000,0,0.000000,0.274963,0.083807,0.000000,66.187050
"_Z7tonemapPfS_S_S_S_S_S_fffiii",4,0,0,19,106533,61440,128,0,0,3,2,0,0x0,0.000015,0.262236,35.712000,0,0.000000,0.312942,0.095383,0.000000,66.187050
"_Z7tonemapPfS_S_S_S_S_S_fffiii",5,0,0,20,106533,61440,128,0,0,3,2,0,0x0,0.000016,0.245463,33.331200,0,0.000000,0.292926,0.089282,0.000000,66.187050
"_Z7tonemapPfS_S_S_S_S_S_fffiii",6,0,0,21,106533,61440,128,0,0,3,2,0,0x0,0.000016,0.242880,33.331200,0,0.000000,0.289844,0.088343,0.000000,66.187050
"_Z7tonemapPfS_S_S_S_S_S_fffiii",7,0,0,22,106533,61440,128,0,0,3,2,0,0x0,0.000017,0.220193,29.409882,0,0.000000,0.262770,0.080091,0.000000,66.187050
"_Z7tonemapPfS_S_S_S_S_S_fffiii",8,0,0,23,106533,61440,128,0,0,3,2,0,0x0,0.000012,0.312452,41.664000,0,0.000000,0.273266,0.024262,0.000000,80.701754
"_Z7tonemapPfS_S_S_S_S_S_fffiii",9,0,0,24,106533,61440,128,0,0,3,2,0,0x0,0.000014,0.282601,38.459077,0,0.000000,0.247159,0.021944,0.000000,80.701754
"_Z7tonemapPfS_S_S_S_S_S_fffiii",10,0,0,25,106533,61440,128,0,0,3,2,0,0x0,0.000014,0.277600,38.459077,0,0.000000,0.242785,0.021556,0.000000,80.701754
