kernel-name,dispatch,gpu-id,queue-id,queue-index,tid,grd,wgr,lds,scr,vgpr,sgpr,fbar,sig,time,VALUBusy,performance,LDSInsts,LDSBankConflict,L1MemoryBusy,L1MemoryStalled,L2WriteUnitStalled,L2CacheHit
"_Z15NormalizeKernelPKfiiiPf",0,0,0,4,111569,4145152,256,0,0,2,1,0,0x0,0.000069,29.313218,3244.032000,0,0.000000,42.100607,5.581725,0.000000,99.887023
"_Z15NormalizeKernelPKfiiiPf",1,0,0,6,111569,4145152,256,0,0,2,1,0,0x0,0.000073,27.556759,3066.276822,0,0.000000,38.923746,5.027990,0.000000,99.869617
"_Z15NormalizeKernelPKfiiiPf",2,0,0,7,111569,4145152,256,0,0,2,1,0,0x0,0.000069,29.299963,3244.032000,0,0.000000,41.386251,5.361827,0.000000,99.886966
"_Z15NormalizeKernelPKfiiiPf",3,0,0,8,111569,4145152,256,0,0,2,1,0,0x0,0.000071,28.438762,3152.650817,0,0.000000,40.273059,5.240792,0.000000,99.871432
"_Z15NormalizeKernelPKfiiiPf",4,0,0,9,111569,4145152,256,0,0,2,1,0,0x0,0.000072,28.159164,3152.650817,0,0.000000,39.958053,5.185177,0.000000,99.871494
"_Z15NormalizeKernelPKfiiiPf",5,0,0,10,111569,4145152,256,0,0,2,1,0,0x0,0.000071,28.401284,3152.650817,0,0.000000,40.595763,5.223285,0.000000,99.871888
"_Z15NormalizeKernelPKfiiiPf",6,0,0,11,111569,4145152,256,0,0,2,1,0,0x0,0.000072,27.946909,3108.864000,0,0.000000,39.524068,5.205179,0.000000,99.871639
"_Z15NormalizeKernelPKfiiiPf",7,0,0,12,111569,4145152,256,0,0,2,1,0,0x0,0.000073,27.793054,3108.864000,0,0.000000,39.097372,5.071304,0.000000,99.871217
"_Z15NormalizeKernelPKfiiiPf",8,0,0,13,111569,4145152,256,0,0,2,1,0,0x0,0.000073,27.687957,3066.276822,0,0.000000,38.946043,5.147970,0.000000,99.871631
"_Z15NormalizeKernelPKfiiiPf",9,0,0,14,111569,4145152,256,0,0,2,1,0,0x0,0.000069,29.205979,3244.032000,0,0.000000,41.545467,5.418827,0.000000,99.886914
"_Z15NormalizeKernelPKfiiiPf",10,0,0,15,111569,4145152,256,0,0,2,1,0,0x0,0.000070,28.956068,3244.032000,0,0.000000,40.973619,5.341898,0.000000,99.887072
