kernel-name,dispatch,gpu-id,queue-id,queue-index,tid,grd,wgr,lds,scr,vgpr,sgpr,fbar,sig,time,VALUBusy,performance,LDSInsts,LDSBankConflict,L1MemoryBusy,L1MemoryStalled,L2WriteUnitStalled,L2CacheHit
"_Z14noNAsPmccMeansiiPfS_",0,0,0,4,29570,253952,32,1024,0,2,1,0,0x0,0.000038,0.429186,56.212211,272,0.000000,0.073645,0.042550,0.000000,70.469799
"_Z14noNAsPmccMeansiiPfS_",1,0,0,6,29570,253952,32,1024,0,2,1,0,0x0,0.000035,0.470142,62.825412,272,0.000000,0.080673,0.042129,0.000000,70.469799
"_Z14noNAsPmccMeansiiPfS_",2,0,0,7,29570,253952,32,1024,0,2,1,0,0x0,0.000025,0.647819,85.442560,272,0.000000,0.111161,0.013586,0.000000,85.020243
"_Z14noNAsPmccMeansiiPfS_",3,0,0,8,29570,253952,32,1024,0,2,1,0,0x0,0.000027,0.600266,79.113481,272,0.000000,0.103001,0.054934,0.000000,70.234114
"_Z14noNAsPmccMeansiiPfS_",4,0,0,9,29570,253952,32,1024,0,2,1,0,0x0,0.000027,0.600788,79.113481,272,0.000000,0.103090,0.060136,0.000000,70.707071
"_Z14noNAsPmccMeansiiPfS_",5,0,0,10,29570,253952,32,1024,0,2,1,0,0x0,0.000029,0.562418,73.657379,272,0.000000,0.096506,0.050398,0.000000,70.707071
"_Z14noNAsPmccMeansiiPfS_",6,0,0,11,29570,253952,32,1024,0,2,1,0,0x0,0.000028,0.594469,79.113481,272,0.000000,0.102006,0.054970,0.000000,70.707071
"_Z14noNAsPmccMeansiiPfS_",7,0,0,12,29570,253952,32,1024,0,2,1,0,0x0,0.000027,0.600499,79.113481,272,0.000000,0.103041,0.057245,0.000000,70.707071
"_Z14noNAsPmccMeansiiPfS_",8,0,0,13,29570,253952,32,1024,0,2,1,0,0x0,0.000029,0.566048,76.288000,272,0.000000,0.097129,0.050723,0.000000,70.234114
"_Z14noNAsPmccMeansiiPfS_",9,0,0,14,29570,253952,32,1024,0,2,1,0,0x0,0.000025,0.646477,85.442560,272,0.000000,0.110930,0.013558,0.000000,85.020243
"_Z14noNAsPmccMeansiiPfS_",10,0,0,15,29570,253952,32,1024,0,2,1,0,0x0,