kernel-name,dispatch,gpu-id,queue-id,queue-index,tid,grd,wgr,lds,scr,vgpr,sgpr,fbar,sig,time,VALUBusy,performance,LDSInsts,LDSBankConflict,L1MemoryBusy,L1MemoryStalled,L2WriteUnitStalled,L2CacheHit
"_Z17kUpperBoundScalarPffS_j",0,0,0,4,26370,1032256,64,0,0,1,1,0,0x0,0.000046,3.470359,325.842489,0,0.000000,0.306456,0.037456,0.000000,91.563275
"_Z17kUpperBoundScalarPffS_j",1,0,0,6,26370,1032256,64,0,0,1,1,0,0x0,0.000050,3.154911,293.258240,0,0.000000,0.278600,0.130013,0.000000,80.921053
"_Z17kUpperBoundScalarPffS_j",2,0,0,7,26370,1032256,64,0,0,1,1,0,0x0,0.000046,3.479220,325.842489,0,0.000000,0.307239,0.037551,0.000000,91.563275
"_Z17kUpperBoundScalarPffS_j",3,0,0,8,26370,1032256,64,0,0,1,1,0,0x0,0.000048,3.290166,305.477333,0,0.000000,0.290544,0.135910,0.000000,80.743982
"_Z17kUpperBoundScalarPffS_j",4,0,0,9,26370,1032256,64,0,0,1,1,0,0x0,0.000048,3.287789,305.477333,0,0.000000,0.290334,0.137747,0.000000,80.567686
"_Z17kUpperBoundScalarPffS_j",5,0,0,10,26370,1032256,64,0,0,1,1,0,0x0,0.000049,3.265624,305.477333,0,0.000000,0.288377,0.134255,0.000000,80.743982
"_Z17kUpperBoundScalarPffS_j",6,0,0,11,26370,1032256,64,0,0,1,1,0,0x0,0.000049,3.266880,305.477333,0,0.000000,0.288487,0.140397,0.000000,80.921053
"_Z17kUpperBoundScalarPffS_j",7,0,0,12,26370,1032256,64,0,0,1,1,0,0x0,0.000049,3.264034,305.477333,0,0.000000,0.288236,0.137393,0.000000,80.743982
"_Z17kUpperBoundScalarPffS_j",8,0,0,13,26370,1032256,64,0,0,1,1,0,0x0,0.000046,3.471163,325.842489,0,0.000000,0.306527,0.037464,0.000000,91.563275
"_Z17kUpperBoundScalarPffS_j",9,0,0,14,26370,1032256,64,0,0,1,1,0,0x0,0.000046,3.464508,325.842489,0,0.000000,0.305939,0.037393,0.000000,91.563275
"_Z17kUpperBoundScalarPffS_j",10,0,0,15,26370,1032256,64,0,0,1,1,0,0x0,0.000046,3.473718,325.842489,0,0.000000,0.306753,0.037492,0.000000,91.563275
